scanner25000,9.790893554687500000, 8.664306640625000000,  ,  ,  1054.25 
scanner25000,9.849670410156250000, 8.678588867187500000,  ,  ,  1067.41 
scanner25000,9.420227050781250000, 8.352966308593750000,  ,  ,  931.743 
scanner25000,9.272216796875000000, 8.248535156250000000,  ,  ,  925.089 
scanner25000,8.832214355468750000, 7.820556640625000000,  ,  ,  868.356 
scanner25000,9.088562011718750000, 8.071777343750000000,  ,  ,  887.089 
scanner25000,9.403808593750000000, 8.343505859375000000,  ,  ,  925.668 
scanner25000,9.609313964843750000, 8.532409667968750000,  ,  ,  955.847 
scanner25000,9.533630371093750000, 8.471984863281250000,  ,  ,  914.098 
scanner25000,8.858520507812500000, 7.848266601562500000,  ,  ,  898.877 
scanner25000,10.325134277343750000, 9.184448242187500000,  ,  ,  976.078 
scanner25000,9.487915039062500000, 8.377136230468750000,  ,  ,  1003.53 
scanner25000,9.726562500000000000, 8.626770019531250000,  ,  ,  962.219 
scanner25000,8.718872070312500000, 7.656738281250000000,  ,  ,  979.878 
scanner25000,9.406127929687500000, 8.333435058593750000,  ,  ,  936.652 
scanner25000,9.539367675781250000, 8.497802734375000000,  ,  ,  903.499 
scanner25000,9.803222656250000000, 8.649047851562500000,  ,  ,  1044.19 
scanner25000,9.314208984375000000, 8.253967285156250000,  ,  ,  930.157 
scanner25000,9.517578125000000000, 8.473327636718750000,  ,  ,  899.391 
scanner25000,9.582702636718750000, 8.499267578125000000,  ,  ,  944.467 
scanner25000,9.753540039062500000, 8.614990234375000000,  ,  ,  1028.83 
scanner25000,9.210693359375000000, 8.172058105468750000,  ,  ,  899.511 
scanner25000,10.035095214843750000, 8.934814453125000000,  ,  ,  933.812 
scanner25000,9.954589843750000000, 8.849914550781250000,  ,  ,  964.618 
scanner25000,9.895507812500000000, 8.784240722656250000,  ,  ,  989.309 
scanner25000,9.172851562500000000, 8.166564941406250000,  ,  ,  865.662 
scanner25000,10.113830566406250000, 8.986511230468750000,  ,  ,  961.418 
scanner25000,9.974304199218750000, 8.853149414062500000,  ,  ,  1002.53 
scanner25000,9.867492675781250000, 8.696838378906250000,  ,  ,  1058.42 
scanner25000,10.080383300781250000, 8.952636718750000000,  ,  ,  980.645 
scanner25000,10.058227539062500000, 8.947204589843750000,  ,  ,  942.621 
scanner25000,10.325744628906250000, 9.123046875000000000,  ,  ,  1049.91 
scanner25000,10.015258789062500000, 8.830200195312500000,  ,  ,  1065.01 
scanner25000,9.083923339843750000, 8.038085937500000000,  ,  ,  897.744 
scanner25000,9.728454589843750000, 8.662231445312500000,  ,  ,  949.22 
scanner25000,9.071105957031250000, 8.050415039062500000,  ,  ,  867.751 
scanner25000,10.617126464843750000, 9.384460449218750000,  ,  ,  1037.26 
scanner25000,7.833862304687500000, 6.521057128906250000,  ,  ,  1155.26 
scanner25000,7.510925292968750000, 6.109436035156250000,  ,  ,  1356.7 
scanner25000,7.375122070312500000, 6.022521972656250000,  ,  ,  1301.38 
scanner25000,7.684814453125000000, 6.249145507812500000,  ,  ,  1342.76 
scanner25000,7.483276367187500000, 6.126525878906250000,  ,  ,  1290.07 
scanner25000,7.905456542968750000, 6.492126464843750000,  ,  ,  1329.93 
scanner25000,7.884826660156250000, 6.512329101562500000,  ,  ,  1264.73 
scanner25000,7.688049316406250000, 6.259033203125000000,  ,  ,  1352.5 
scanner25000,7.413696289062500000, 6.046203613281250000,  ,  ,  1292 
scanner25000,7.203186035156250000, 5.851501464843750000,  ,  ,  1281.91 
scanner25000,7.579956054687500000, 6.142761230468750000,  ,  ,  1397.75 
scanner25000,7.587585449218750000, 6.209716796875000000,  ,  ,  1292.63 
scanner25000,7.281005859375000000, 5.914733886718750000,  ,  ,  1295.91 
scanner25000,7.116210937500000000, 5.795043945312500000,  ,  ,  1250.75 
scanner25000,7.274353027343750000, 5.904174804687500000,  ,  ,  1313.69 
scanner25000,7.035217285156250000, 5.686889648437500000,  ,  ,  1297.67 
scanner25000,7.836975097656250000, 6.429321289062500000,  ,  ,  1335.28 
scanner25000,7.292846679687500000, 5.932617187500000000,  ,  ,  1295.44 
scanner25000,7.169982910156250000, 5.869506835937500000,  ,  ,  1247.85 
scanner25000,7.563293457031250000, 6.193237304687500000,  ,  ,  1293.25 
scanner25000,7.051269531250000000, 5.741149902343750000,  ,  ,  1235.26 
scanner25000,7.362243652343750000, 6.041564941406250000,  ,  ,  1263.72 
scanner25000,6.921142578125000000, 5.555175781250000000,  ,  ,  1347.94 
scanner25000,7.703186035156250000, 6.217346191406250000,  ,  ,  1443.49 
scanner25000,7.885864257812500000, 6.406005859375000000,  ,  ,  1401.06 
scanner25000,7.337646484375000000, 5.977416992187500000,  ,  ,  1284.2 
scanner25000,7.628906250000000000, 6.187438964843750000,  ,  ,  1366.54 
scanner25000,7.384216308593750000, 5.961608886718750000,  ,  ,  1341.76 
scanner25000,7.756103515625000000, 6.336486816406250000,  ,  ,  1346.05 
scanner25000,7.658630371093750000, 6.214416503906250000,  ,  ,  1373.94 
scanner25000,7.776245117187500000, 6.325683593750000000,  ,  ,  1388.42 
scanner25000,7.442077636718750000, 6.111083984375000000,  ,  ,  1264.17 
scanner25000,7.732177734375000000, 6.275878906250000000,  ,  ,  1368.26 
scanner25000,7.208251953125000000, 5.824218750000000000,  ,  ,  1303.75 
scanner25000,7.179565429687500000, 5.823486328125000000,  ,  ,  1279.63 
scanner25000,6.946350097656250000, 5.662475585937500000,  ,  ,  1227.23 
scanner25000,7.134826660156250000, 5.783874511718750000,  ,  ,  1312.14 
scanner25000,7.249511718750000000, 5.899780273437500000,  ,  ,  1267.08 
scanner25000,7.427734375000000000, 6.044616699218750000,  ,  ,  1329.34 
scanner25000,7.580200195312500000, 6.155029296875000000,  ,  ,  1344.55 
scanner25000,7.516845703125000000, 6.103820800781250000,  ,  ,  1335.21 
scanner25000,7.210021972656250000, 5.843322753906250000,  ,  ,  1310.62 
scanner25000,7.750915527343750000, 6.270568847656250000,  ,  ,  1412.76 
scanner25000,6.855529785156250000, 5.554199218750000000,  ,  ,  1234.84 
scanner25000,7.087707519531250000, 5.779663085937500000,  ,  ,  1255.53 
scanner25000,7.559997558593750000, 6.140197753906250000,  ,  ,  1341.12 
scanner25000,7.782958984375000000, 6.298095703125000000,  ,  ,  1409.17 
scanner25000,7.059936523437500000, 5.686950683593750000,  ,  ,  1325.58 
scanner25000,7.957641601562500000, 6.490539550781250000,  ,  ,  1372.71 
scanner25000,7.259887695312500000, 5.843322753906250000,  ,  ,  1336.07 
scanner25000,7.290588378906250000, 5.935974121093750000,  ,  ,  1304.63 
scanner25000,7.532531738281250000, 6.115661621093750000,  ,  ,  1338.94 
scanner25000,8.069091796875000000, 6.613159179687500000,  ,  ,  1351.33 
scanner25000,7.801879882812500000, 6.391967773437500000,  ,  ,  1327.28 
scanner25000,8.175537109375000000, 6.662231445312500000,  ,  ,  1437.04 
scanner25000,7.366821289062500000, 6.004882812500000000,  ,  ,  1291.71 
scanner25000,6.947814941406250000, 5.604370117187500000,  ,  ,  1326.09 
scanner25000,7.561584472656250000, 6.135498046875000000,  ,  ,  1348.79 
scanner25000,7.607910156250000000, 6.211547851562500000,  ,  ,  1317.39 
scanner25000,7.483825683593750000, 6.148742675781250000,  ,  ,  1276.12 
scanner25000,7.832458496093750000, 6.384887695312500000,  ,  ,  1360.51 
scanner25000,7.444213867187500000, 6.137268066406250000,  ,  ,  1245.45 
scanner25000,7.093750000000000000, 5.765502929687500000,  ,  ,  1315.58 
scanner25000,7.747924804687500000, 6.255920410156250000,  ,  ,  1429.75 
scanner25000,7.745910644531250000, 6.310729980468750000,  ,  ,  1349.67 
scanner25000,7.806640625000000000, 6.345092773437500000,  ,  ,  1371.45 
scanner25000,7.984741210937500000, 6.472534179687500000,  ,  ,  1434.01 
scanner25000,7.392089843750000000, 6.081909179687500000,  ,  ,  1236.69 
scanner25000,7.862487792968750000, 6.427917480468750000,  ,  ,  1351.96 
scanner25000,7.550720214843750000, 6.186889648437500000,  ,  ,  1272.42 
scanner25000,7.427185058593750000, 6.065307617187500000,  ,  ,  1303.04 
scanner25000,7.474731445312500000, 6.095275878906250000,  ,  ,  1315.26 
scanner25000,7.529479980468750000, 6.118530273437500000,  ,  ,  1333.17 
scanner25000,7.982788085937500000, 6.462585449218750000,  ,  ,  1456.47 
scanner25000,7.291870117187500000, 5.933349609375000000,  ,  ,  1302.29 
scanner25000,6.990112304687500000, 5.688171386718750000,  ,  ,  1236.93 
scanner25000,7.901062011718750000, 6.475769042968750000,  ,  ,  1347.99 
scanner25000,7.392639160156250000, 5.932678222656250000,  ,  ,  1413.87 
scanner25000,7.326843261718750000, 5.950500488281250000,  ,  ,  1293.87 
scanner25000,7.180114746093750000, 5.828979492187500000,  ,  ,  1274.86 
scanner25000,7.663330078125000000, 6.204040527343750000,  ,  ,  1380.36 
scanner25000,7.611145019531250000, 6.193054199218750000,  ,  ,  1341.47 
scanner25000,8.268005371093750000, 6.781616210937500000,  ,  ,  1389.14 
scanner25000,7.678527832031250000, 6.262573242187500000,  ,  ,  1337.57 
scanner25000,7.903625488281250000, 6.427551269531250000,  ,  ,  1423.38 
scanner25000,7.282653808593750000, 5.916992187500000000,  ,  ,  1329.21 
scanner25000,7.366821289062500000, 5.955383300781250000,  ,  ,  1340.04 
scanner25000,7.954162597656250000, 6.438842773437500000,  ,  ,  1440.29 
scanner25000,7.191650390625000000, 5.818115234375000000,  ,  ,  1319.85 
scanner25000,7.917724609375000000, 6.494506835937500000,  ,  ,  1334.84 
scanner25000,8.089355468750000000, 6.702392578125000000,  ,  ,  1300.5 
scanner25000,7.283752441406250000, 5.991821289062500000,  ,  ,  1210.79 
scanner25000,8.057312011718750000, 6.576599121093750000,  ,  ,  1396.57 
scanner25000,7.898620605468750000, 6.426696777343750000,  ,  ,  1383.88 
scanner25000,7.086364746093750000, 5.778625488281250000,  ,  ,  1264.55 
scanner25000,7.321960449218750000, 5.988769531250000000,  ,  ,  1277.22 
scanner25000,7.350830078125000000, 6.003356933593750000,  ,  ,  1273.62 
scanner25000,7.496704101562500000, 6.056945800781250000,  ,  ,  1377.64 
scanner25000,7.413757324218750000, 6.001281738281250000,  ,  ,  1351.8 
scanner25000,7.130554199218750000, 5.796508789062500000,  ,  ,  1261.69 
scanner25000,7.606079101562500000, 6.170837402343750000,  ,  ,  1367.12 
scanner25000,7.733032226562500000, 6.297180175781250000,  ,  ,  1344.42 
scanner25000,7.632751464843750000, 6.210876464843750000,  ,  ,  1334.54 
scanner25000,7.313110351562500000, 5.918579101562500000,  ,  ,  1304.31 
scanner25000,7.747619628906250000, 6.281372070312500000,  ,  ,  1378.1 
scanner25000,7.962341308593750000, 6.494506835937500000,  ,  ,  1415.11 
scanner25000,7.246215820312500000, 5.911376953125000000,  ,  ,  1296.95 
scanner25000,7.058898925781250000, 5.750793457031250000,  ,  ,  1258.53 
scanner25000,7.548156738281250000, 6.133361816406250000,  ,  ,  1324.77 
scanner25000,7.264953613281250000, 5.920410156250000000,  ,  ,  1258.83 
scanner25000,7.026123046875000000, 5.756469726562500000,  ,  ,  1221.39 
scanner25000,7.365356445312500000, 5.959655761718750000,  ,  ,  1366.66 
scanner25000,7.669860839843750000, 6.260925292968750000,  ,  ,  1299.59 
scanner25000,7.230651855468750000, 5.858398437500000000,  ,  ,  1331.89 
scanner25000,7.736450195312500000, 6.273681640625000000,  ,  ,  1356.51 
scanner25000,7.725524902343750000, 6.321105957031250000,  ,  ,  1340.11 
scanner25000,7.801208496093750000, 6.338256835937500000,  ,  ,  1365.99 
scanner25000,8.128784179687500000, 6.597045898437500000,  ,  ,  1433.84 
scanner25000,7.782531738281250000, 6.306274414062500000,  ,  ,  1429.41 
scanner25000,7.966308593750000000, 6.557495117187500000,  ,  ,  1296.89 
scanner25000,7.722839355468750000, 6.306762695312500000,  ,  ,  1323.95 
scanner25000,7.212890625000000000, 5.834350585937500000,  ,  ,  1321.59 
scanner25000,7.421020507812500000, 6.010925292968750000,  ,  ,  1381.45 
scanner25000,7.373474121093750000, 6.014709472656250000,  ,  ,  1274.89 
scanner25000,7.691467285156250000, 6.244750976562500000,  ,  ,  1377.83 
scanner25000,7.162109375000000000, 5.894165039062500000,  ,  ,  1220.75 
scanner25000,6.956054687500000000, 5.722595214843750000,  ,  ,  1192.7 
scanner25000,7.181274414062500000, 5.811950683593750000,  ,  ,  1317.57 
scanner25000,7.405090332031250000, 5.983154296875000000,  ,  ,  1343.16 
scanner25000,7.452392578125000000, 6.078125000000000000,  ,  ,  1284.69 
scanner25000,7.745483398437500000, 6.301635742187500000,  ,  ,  1383.03 
scanner25000,7.299194335937500000, 5.886169433593750000,  ,  ,  1337.98 
scanner25000,7.092407226562500000, 5.738464355468750000,  ,  ,  1274.83 
scanner25000,7.492797851562500000, 6.057556152343750000,  ,  ,  1358.57 
scanner25000,7.836791992187500000, 6.361450195312500000,  ,  ,  1395.78 
scanner25000,7.618408203125000000, 6.227416992187500000,  ,  ,  1309.38 
scanner25000,7.231323242187500000, 5.914245605468750000,  ,  ,  1264.01 
scanner25000,7.110290527343750000, 5.759155273437500000,  ,  ,  1277.73 
scanner25000,8.063659667968750000, 6.513793945312500000,  ,  ,  1487.93 
scanner25000,6.893859863281250000, 5.579406738281250000,  ,  ,  1234.15 
scanner25000,7.207519531250000000, 5.847473144531250000,  ,  ,  1305.88 
scanner25000,7.252807617187500000, 5.873657226562500000,  ,  ,  1319.87 
scanner25000,7.795715332031250000, 6.333374023437500000,  ,  ,  1386.13 
scanner25000,7.640075683593750000, 6.287048339843750000,  ,  ,  1274.32 
scanner25000,7.953613281250000000, 6.435424804687500000,  ,  ,  1464.98 
scanner25000,7.527587890625000000, 6.124511718750000000,  ,  ,  1334.8 
scanner25000,7.330139160156250000, 5.960510253906250000,  ,  ,  1297.68 
scanner25000,7.652221679687500000, 6.247375488281250000,  ,  ,  1330.67 
scanner25000,7.890319824218750000, 6.367370605468750000,  ,  ,  1447.84 
scanner25000,7.592956542968750000, 6.158447265625000000,  ,  ,  1339.97 
scanner25000,8.091491699218750000, 6.570007324218750000,  ,  ,  1429.7 
scanner25000,7.285156250000000000, 5.909179687500000000,  ,  ,  1330.29 
scanner25000,7.283996582031250000, 5.898742675781250000,  ,  ,  1311.16 
scanner25000,7.179016113281250000, 5.842163085937500000,  ,  ,  1280.68 
scanner25000,7.621826171875000000, 6.162048339843750000,  ,  ,  1373.81 
scanner25000,7.293151855468750000, 5.882873535156250000,  ,  ,  1364.15 
scanner25000,8.085571289062500000, 6.566833496093750000,  ,  ,  1439.99 
scanner25000,8.215393066406250000, 6.654174804687500000,  ,  ,  1449.34 
scanner25000,7.019592285156250000, 5.682434082031250000,  ,  ,  1271.56 
scanner25000,7.218383789062500000, 5.878662109375000000,  ,  ,  1285.42 
scanner25000,7.837768554687500000, 6.387268066406250000,  ,  ,  1357.54 
scanner25000,7.933166503906250000, 6.467163085937500000,  ,  ,  1386.7 
scanner25000,7.302246093750000000, 5.967956542968750000,  ,  ,  1252.43 
scanner25000,7.843505859375000000, 6.380920410156250000,  ,  ,  1376.77 
scanner25000,7.645568847656250000, 6.297790527343750000,  ,  ,  1269.98 
scanner25000,7.715148925781250000, 6.310241699218750000,  ,  ,  1345.52 
scanner25000,7.489196777343750000, 6.054931640625000000,  ,  ,  1340.49 
scanner25000,7.431945800781250000, 6.038085937500000000,  ,  ,  1326.47 
scanner25000,7.460449218750000000, 6.056640625000000000,  ,  ,  1311.09 
scanner25000,7.583190917968750000, 6.140136718750000000,  ,  ,  1345.14 
scanner25000,7.754455566406250000, 6.310913085937500000,  ,  ,  1358.9 
scanner25000,7.723022460937500000, 6.347106933593750000,  ,  ,  1293.68 
scanner25000,7.536743164062500000, 6.115295410156250000,  ,  ,  1350.38 
scanner25000,7.505187988281250000, 6.100646972656250000,  ,  ,  1326.4 
scanner25000,7.119995117187500000, 5.779602050781250000,  ,  ,  1296.8 
scanner25000,7.758239746093750000, 6.294189453125000000,  ,  ,  1371.35 
scanner25000,7.706787109375000000, 6.247619628906250000,  ,  ,  1382.28 
scanner25000,7.728942871093750000, 6.295776367187500000,  ,  ,  1330.88 
scanner25000,7.784851074218750000, 6.314453125000000000,  ,  ,  1380.86 
scanner25000,7.272766113281250000, 6.018737792968750000,  ,  ,  1192.09 
scanner25000,7.485229492187500000, 6.154174804687500000,  ,  ,  1248.8 
scanner25000,7.010070800781250000, 5.673645019531250000,  ,  ,  1260.74 
scanner25000,7.903930664062500000, 6.371093750000000000,  ,  ,  1438.48 
scanner25000,7.723510742187500000, 6.295349121093750000,  ,  ,  1347.76 
scanner25000,7.353759765625000000, 5.966735839843750000,  ,  ,  1287.85 
scanner25000,7.911499023437500000, 6.498596191406250000,  ,  ,  1382.38 
scanner25000,7.783508300781250000, 6.318054199218750000,  ,  ,  1375.11 
scanner25000,7.329284667968750000, 5.964172363281250000,  ,  ,  1301.84 
scanner25000,7.596008300781250000, 6.169494628906250000,  ,  ,  1330.16 
scanner25000,7.468200683593750000, 6.041625976562500000,  ,  ,  1329.44 
scanner25000,7.840576171875000000, 6.307434082031250000,  ,  ,  1470.29 
scanner25000,7.866210937500000000, 6.391296386718750000,  ,  ,  1396.89 
scanner25000,7.606689453125000000, 6.172180175781250000,  ,  ,  1354.7 
scanner25000,7.552734375000000000, 6.215637207031250000,  ,  ,  1273.12 
scanner25000,7.760620117187500000, 6.303833007812500000,  ,  ,  1389.44 
scanner25000,7.422058105468750000, 6.030822753906250000,  ,  ,  1258.04 
scanner25000,8.011901855468750000, 6.511901855468750000,  ,  ,  1409.56 
scanner25000,7.941406250000000000, 6.454833984375000000,  ,  ,  1372.93 
scanner25000,7.561462402343750000, 6.123474121093750000,  ,  ,  1361.48 
scanner25000,7.249206542968750000, 5.905822753906250000,  ,  ,  1284.52 
scanner25000,7.464843750000000000, 6.051757812500000000,  ,  ,  1364.36 
scanner25000,8.147766113281250000, 6.644897460937500000,  ,  ,  1415.35 
scanner25000,7.459106445312500000, 6.085754394531250000,  ,  ,  1315.81 
scanner25000,7.239318847656250000, 5.844299316406250000,  ,  ,  1342.42 
scanner25000,8.040344238281250000, 6.563537597656250000,  ,  ,  1375.02 
scanner25000,7.976989746093750000, 6.485473632812500000,  ,  ,  1411.42 
scanner25000,6.909362792968750000, 5.619750976562500000,  ,  ,  1178.56 
scanner25000,8.022033691406250000, 6.495239257812500000,  ,  ,  1469.54 
scanner25000,7.827331542968750000, 6.369018554687500000,  ,  ,  1355.83 
scanner25000,8.309631347656250000, 6.752441406250000000,  ,  ,  1443.81 
scanner25000,7.989318847656250000, 6.547668457031250000,  ,  ,  1353.46 
scanner25000,6.776916503906250000, 5.533325195312500000,  ,  ,  1195.11 
scanner25000,7.411926269531250000, 5.990783691406250000,  ,  ,  1363.98 
scanner25000,7.947753906250000000, 6.442749023437500000,  ,  ,  1417.45 
scanner25000,7.470825195312500000, 6.102966308593750000,  ,  ,  1298.15 
scanner25000,7.682373046875000000, 6.209289550781250000,  ,  ,  1412.42 
scanner25000,7.239318847656250000, 5.858154296875000000,  ,  ,  1311.95 
scanner25000,8.192810058593750000, 6.625732421875000000,  ,  ,  1442.17 
scanner25000,7.419921875000000000, 6.048950195312500000,  ,  ,  1301.34 
scanner25000,7.744018554687500000, 6.262023925781250000,  ,  ,  1373.37 
scanner25000,7.478088378906250000, 6.051330566406250000,  ,  ,  1340.86 
scanner25000,7.737365722656250000, 6.288818359375000000,  ,  ,  1347.83 
scanner25000,7.389465332031250000, 5.988159179687500000,  ,  ,  1315.52 
scanner25000,7.103393554687500000, 5.801513671875000000,  ,  ,  1231.91 
scanner25000,7.218200683593750000, 5.860961914062500000,  ,  ,  1276.88 
scanner25000,7.041137695312500000, 5.722717285156250000,  ,  ,  1252.5 
scanner25000,7.924438476562500000, 6.433410644531250000,  ,  ,  1421.27 
scanner25000,7.616027832031250000, 6.155944824218750000,  ,  ,  1393.18 
scanner25000,7.859313964843750000, 6.351196289062500000,  ,  ,  1439.96 
scanner25000,7.686462402343750000, 6.222900390625000000,  ,  ,  1418.01 
scanner25000,7.130737304687500000, 5.765808105468750000,  ,  ,  1303.55 
scanner25000,7.687011718750000000, 6.227050781250000000,  ,  ,  1354.63 
scanner25000,7.984008789062500000, 6.460083007812500000,  ,  ,  1417.26 
scanner25000,8.130004882812500000, 6.550781250000000000,  ,  ,  1513.41 
scanner25000,7.361145019531250000, 5.986816406250000000,  ,  ,  1275.41 
scanner25000,7.566955566406250000, 6.080078125000000000,  ,  ,  1417.91 
scanner25000,7.372192382812500000, 5.940124511718750000,  ,  ,  1326.03 
scanner25000,8.067138671875000000, 6.549865722656250000,  ,  ,  1408.6 
scanner25000,7.531188964843750000, 6.116943359375000000,  ,  ,  1325.78 
scanner25000,6.839111328125000000, 5.500915527343750000,  ,  ,  1306.98 
scanner25000,7.435607910156250000, 6.081359863281250000,  ,  ,  1264.05 
scanner25000,7.825622558593750000, 6.329406738281250000,  ,  ,  1394.41 
scanner25000,7.730102539062500000, 6.280944824218750000,  ,  ,  1387.35 
scanner25000,7.559875488281250000, 6.181701660156250000,  ,  ,  1326.38 
scanner25000,7.731750488281250000, 6.283447265625000000,  ,  ,  1355.93 
scanner25000,7.794921875000000000, 6.296264648437500000,  ,  ,  1425.59 
scanner25000,7.856384277343750000, 6.386413574218750000,  ,  ,  1385.84 
scanner25000,7.874572753906250000, 6.415039062500000000,  ,  ,  1364.47 
scanner25000,7.919738769531250000, 6.466247558593750000,  ,  ,  1347.1 
scanner25000,8.262695312500000000, 6.720214843750000000,  ,  ,  1435.49 
scanner25000,7.873962402343750000, 6.415222167968750000,  ,  ,  1361.36 
scanner25000,8.035156250000000000, 6.493835449218750000,  ,  ,  1433.79 
scanner25000,7.683349609375000000, 6.237182617187500000,  ,  ,  1364.21 
scanner25000,7.836181640625000000, 6.369262695312500000,  ,  ,  1368.58 
scanner25000,7.162170410156250000, 5.865539550781250000,  ,  ,  1250.41 
scanner25000,6.885864257812500000, 5.595397949218750000,  ,  ,  1236.74 
scanner25000,7.783874511718750000, 6.314819335937500000,  ,  ,  1367.31 
scanner25000,7.217712402343750000, 5.844055175781250000,  ,  ,  1334.96 
scanner25000,7.601257324218750000, 6.242492675781250000,  ,  ,  1265.81 
scanner25000,7.529663085937500000, 6.115295410156250000,  ,  ,  1342.07 
scanner25000,7.130249023437500000, 5.879394531250000000,  ,  ,  1197.82 
scanner25000,7.584594726562500000, 6.128906250000000000,  ,  ,  1353.69 
scanner25000,7.163635253906250000, 5.850585937500000000,  ,  ,  1242.26 
scanner25000,7.071228027343750000, 5.761108398437500000,  ,  ,  1243.59 
scanner25000,7.112792968750000000, 5.748291015625000000,  ,  ,  1305 
scanner25000,8.222656250000000000, 6.718566894531250000,  ,  ,  1402.07 
scanner25000,7.684448242187500000, 6.208251953125000000,  ,  ,  1437.08 
scanner25000,7.159057617187500000, 5.827209472656250000,  ,  ,  1265.63 
scanner25000,7.115173339843750000, 5.834411621093750000,  ,  ,  1230.98 
scanner25000,7.263488769531250000, 5.972106933593750000,  ,  ,  1224.53 
scanner25000,7.801208496093750000, 6.361206054687500000,  ,  ,  1341.85 
scanner25000,7.810058593750000000, 6.361450195312500000,  ,  ,  1391.63 
scanner25000,7.343566894531250000, 6.025817871093750000,  ,  ,  1232.45 
scanner25000,7.084899902343750000, 5.843750000000000000,  ,  ,  1185.61 
scanner25000,7.192077636718750000, 5.806945800781250000,  ,  ,  1295.96 
scanner25000,7.629089355468750000, 6.170837402343750000,  ,  ,  1411.05 
scanner25000,7.284423828125000000, 5.850585937500000000,  ,  ,  1376.74 
scanner25000,7.275756835937500000, 5.921875000000000000,  ,  ,  1274.33 
scanner25000,7.649108886718750000, 6.210327148437500000,  ,  ,  1345.21 
scanner25000,7.648742675781250000, 6.181518554687500000,  ,  ,  1408.6 
scanner25000,7.723693847656250000, 6.278625488281250000,  ,  ,  1334.77 
scanner25000,7.023071289062500000, 5.671142578125000000,  ,  ,  1268.4 
scanner25000,7.659301757812500000, 6.225402832031250000,  ,  ,  1351.47 
scanner25000,8.373779296875000000, 6.842590332031250000,  ,  ,  1415.89 
scanner25000,7.973022460937500000, 6.475097656250000000,  ,  ,  1391.85 
scanner25000,7.758178710937500000, 6.312561035156250000,  ,  ,  1354.08 
scanner25000,7.326416015625000000, 5.925048828125000000,  ,  ,  1365.14 
scanner25000,7.653503417968750000, 6.190063476562500000,  ,  ,  1413.92 
scanner25000,7.070678710937500000, 5.666931152343750000,  ,  ,  1367.98 
scanner25000,7.720275878906250000, 6.238281250000000000,  ,  ,  1376.42 
scanner25000,7.759277343750000000, 6.279602050781250000,  ,  ,  1387.3 
scanner25000,7.957275390625000000, 6.483032226562500000,  ,  ,  1372.51 
scanner25000,7.912109375000000000, 6.486022949218750000,  ,  ,  1325.74 
scanner25000,7.848754882812500000, 6.390014648437500000,  ,  ,  1371.28 
scanner25000,7.874023437500000000, 6.440185546875000000,  ,  ,  1344.63 
scanner25000,7.358825683593750000, 5.991760253906250000,  ,  ,  1272.42 
scanner25000,7.086303710937500000, 5.703125000000000000,  ,  ,  1336.67 
scanner25000,7.388000488281250000, 6.015441894531250000,  ,  ,  1335.36 
scanner25000,7.780578613281250000, 6.304199218750000000,  ,  ,  1374.43 
countingSort25000,9.826354980468750000, 8.103088378906250000,  ,  ,  1644.47 
countingSort25000,9.899475097656250000, 8.107727050781250000,  ,  ,  1704.43 
countingSort25000,9.896179199218750000, 8.102111816406250000,  ,  ,  1753.38 
countingSort25000,10.114196777343750000, 8.438293457031250000,  ,  ,  1582.37 
countingSort25000,9.742919921875000000, 7.949707031250000000,  ,  ,  1786.3 
countingSort25000,10.420593261718750000, 8.638366699218750000,  ,  ,  1672.9 
countingSort25000,9.323791503906250000, 7.694396972656250000,  ,  ,  1578.27 
countingSort25000,9.269348144531250000, 7.683227539062500000,  ,  ,  1558.66 
countingSort25000,9.568115234375000000, 7.804382324218750000,  ,  ,  1725.38 
countingSort25000,10.007812500000000000, 8.215942382812500000,  ,  ,  1702.62 
countingSort25000,9.472900390625000000, 7.792419433593750000,  ,  ,  1562.63 
countingSort25000,10.303100585937500000, 8.454040527343750000,  ,  ,  1740.38 
countingSort25000,9.729553222656250000, 7.926452636718750000,  ,  ,  1695.09 
countingSort25000,9.840515136718750000, 8.147583007812500000,  ,  ,  1607.83 
countingSort25000,10.625061035156250000, 8.682189941406250000,  ,  ,  1844.92 
countingSort25000,9.654052734375000000, 7.997497558593750000,  ,  ,  1582.35 
countingSort25000,10.483520507812500000, 8.696594238281250000,  ,  ,  1662.83 
countingSort25000,10.057556152343750000, 8.214172363281250000,  ,  ,  1759.64 
countingSort25000,9.944824218750000000, 8.156494140625000000,  ,  ,  1738.17 
countingSort25000,9.117431640625000000, 7.522399902343750000,  ,  ,  1577.58 
countingSort25000,10.358581542968750000, 8.516906738281250000,  ,  ,  1779.56 
countingSort25000,10.143493652343750000, 8.333801269531250000,  ,  ,  1724.98 
countingSort25000,10.036987304687500000, 8.258483886718750000,  ,  ,  1646.86 
countingSort25000,10.264221191406250000, 8.390625000000000000,  ,  ,  1763.69 
countingSort25000,9.610229492187500000, 7.860107421875000000,  ,  ,  1721.97 
countingSort25000,10.284729003906250000, 8.468627929687500000,  ,  ,  1750.4 
countingSort25000,10.210083007812500000, 8.337097167968750000,  ,  ,  1779.76 
countingSort25000,10.155517578125000000, 8.341369628906250000,  ,  ,  1740.45 
countingSort25000,9.954956054687500000, 8.097595214843750000,  ,  ,  1796.49 
countingSort25000,10.043884277343750000, 8.202575683593750000,  ,  ,  1718.79 
countingSort25000,10.140075683593750000, 8.294128417968750000,  ,  ,  1706.88 
countingSort25000,9.918640136718750000, 8.059997558593750000,  ,  ,  1755.59 
countingSort25000,10.256103515625000000, 8.440734863281250000,  ,  ,  1693.53 
countingSort25000,10.079040527343750000, 8.274108886718750000,  ,  ,  1713.05 
countingSort25000,10.189392089843750000, 8.466186523437500000,  ,  ,  1588.06 
countingSort25000,10.059387207031250000, 8.292541503906250000,  ,  ,  1636.87 
countingSort25000,10.106689453125000000, 8.277404785156250000,  ,  ,  1697.59 
countingSort25000,10.418334960937500000, 8.500122070312500000,  ,  ,  1771.19 
countingSort25000,10.116088867187500000, 8.312927246093750000,  ,  ,  1712.79 
countingSort25000,10.179138183593750000, 8.321594238281250000,  ,  ,  1731.88 
countingSort25000,10.104614257812500000, 8.284912109375000000,  ,  ,  1664.67 
countingSort25000,10.171691894531250000, 8.303100585937500000,  ,  ,  1747.19 
countingSort25000,10.217285156250000000, 8.413330078125000000,  ,  ,  1688.22 
countingSort25000,9.705322265625000000, 8.001892089843750000,  ,  ,  1599.57 
countingSort25000,10.669921875000000000, 8.819396972656250000,  ,  ,  1645.84 
countingSort25000,10.511596679687500000, 8.616271972656250000,  ,  ,  1806.19 
countingSort25000,9.954833984375000000, 8.160400390625000000,  ,  ,  1667.06 
countingSort25000,10.184448242187500000, 8.392944335937500000,  ,  ,  1635.34 
countingSort25000,9.455139160156250000, 7.789611816406250000,  ,  ,  1591.95 
countingSort25000,10.192138671875000000, 8.389648437500000000,  ,  ,  1737.83 
countingSort25000,10.194213867187500000, 8.386596679687500000,  ,  ,  1639 
countingSort25000,10.197509765625000000, 8.361938476562500000,  ,  ,  1699.73 
countingSort25000,10.197082519531250000, 8.329895019531250000,  ,  ,  1686.82 
countingSort25000,10.786376953125000000, 8.778198242187500000,  ,  ,  1872.02 
countingSort25000,10.424133300781250000, 8.563842773437500000,  ,  ,  1763.3 
countingSort25000,10.190917968750000000, 8.284362792968750000,  ,  ,  1839 
countingSort25000,10.443481445312500000, 8.603454589843750000,  ,  ,  1695.88 
countingSort25000,9.779907226562500000, 8.020568847656250000,  ,  ,  1644.11 
countingSort25000,10.252807617187500000, 8.378234863281250000,  ,  ,  1734.45 
countingSort25000,9.953186035156250000, 8.076843261718750000,  ,  ,  1771.26 
countingSort25000,9.911499023437500000, 8.033020019531250000,  ,  ,  1803.2 
countingSort25000,10.294067382812500000, 8.477111816406250000,  ,  ,  1715.37 
countingSort25000,9.624755859375000000, 7.911804199218750000,  ,  ,  1637.11 
countingSort25000,10.297973632812500000, 8.396789550781250000,  ,  ,  1787.69 
countingSort25000,9.889282226562500000, 8.188842773437500000,  ,  ,  1635.54 
countingSort25000,10.434448242187500000, 8.559875488281250000,  ,  ,  1736.6 
countingSort25000,9.849548339843750000, 8.091369628906250000,  ,  ,  1645.59 
countingSort25000,9.238342285156250000, 7.607849121093750000,  ,  ,  1578.16 
countingSort25000,9.818969726562500000, 8.059448242187500000,  ,  ,  1722.59 
countingSort25000,9.963928222656250000, 8.221557617187500000,  ,  ,  1619.51 
countingSort25000,10.399475097656250000, 8.570739746093750000,  ,  ,  1678.98 
countingSort25000,10.345397949218750000, 8.482727050781250000,  ,  ,  1757.34 
countingSort25000,9.999206542968750000, 8.249877929687500000,  ,  ,  1686.96 
countingSort25000,10.798950195312500000, 8.868347167968750000,  ,  ,  1767.73 
countingSort25000,10.527954101562500000, 8.680297851562500000,  ,  ,  1723.23 
countingSort25000,9.984558105468750000, 8.206359863281250000,  ,  ,  1609.15 
countingSort25000,10.721069335937500000, 8.886596679687500000,  ,  ,  1680.01 
countingSort25000,10.209716796875000000, 8.443908691406250000,  ,  ,  1636.05 
countingSort25000,10.301696777343750000, 8.460449218750000000,  ,  ,  1698.47 
countingSort25000,10.146362304687500000, 8.362487792968750000,  ,  ,  1694.77 
countingSort25000,10.135375976562500000, 8.346984863281250000,  ,  ,  1662.94 
countingSort25000,9.931884765625000000, 8.185791015625000000,  ,  ,  1634.18 
countingSort25000,10.104736328125000000, 8.259948730468750000,  ,  ,  1781.59 
countingSort25000,9.756469726562500000, 8.032592773437500000,  ,  ,  1667.12 
countingSort25000,9.247680664062500000, 7.580078125000000000,  ,  ,  1592.82 
countingSort25000,10.221679687500000000, 8.367553710937500000,  ,  ,  1701.75 
countingSort25000,9.954223632812500000, 8.223022460937500000,  ,  ,  1601.07 
countingSort25000,9.782714843750000000, 8.063659667968750000,  ,  ,  1661.75 
countingSort25000,10.195068359375000000, 8.377624511718750000,  ,  ,  1690.27 
countingSort25000,10.370056152343750000, 8.593933105468750000,  ,  ,  1640.84 
countingSort25000,9.771057128906250000, 8.006774902343750000,  ,  ,  1611.3 
countingSort25000,9.731872558593750000, 8.000427246093750000,  ,  ,  1657.15 
countingSort25000,10.509399414062500000, 8.655639648437500000,  ,  ,  1753.01 
countingSort25000,10.366577148437500000, 8.508178710937500000,  ,  ,  1767.6 
countingSort25000,10.673889160156250000, 8.847045898437500000,  ,  ,  1676.5 
countingSort25000,9.947021484375000000, 8.149536132812500000,  ,  ,  1644.62 
countingSort25000,9.447753906250000000, 7.770935058593750000,  ,  ,  1601.43 
countingSort25000,9.781982421875000000, 7.977661132812500000,  ,  ,  1648.46 
countingSort25000,10.230895996093750000, 8.354064941406250000,  ,  ,  1727.68 
countingSort25000,10.472167968750000000, 8.692382812500000000,  ,  ,  1638.04 
countingSort25000,10.145812988281250000, 8.346618652343750000,  ,  ,  1736.36 
countingSort25000,10.510314941406250000, 8.629333496093750000,  ,  ,  1688.52 
countingSort25000,10.691589355468750000, 8.732543945312500000,  ,  ,  1782.03 
countingSort25000,10.126953125000000000, 8.327880859375000000,  ,  ,  1700.25 
countingSort25000,10.551635742187500000, 8.696228027343750000,  ,  ,  1730.04 
countingSort25000,10.595703125000000000, 8.694641113281250000,  ,  ,  1743.09 
countingSort25000,10.012634277343750000, 8.192504882812500000,  ,  ,  1671.33 
countingSort25000,9.760864257812500000, 7.997619628906250000,  ,  ,  1726.52 
countingSort25000,9.947998046875000000, 8.154235839843750000,  ,  ,  1676.9 
countingSort25000,10.556213378906250000, 8.704772949218750000,  ,  ,  1685.09 
countingSort25000,10.540954589843750000, 8.668151855468750000,  ,  ,  1754.01 
countingSort25000,10.092041015625000000, 8.271789550781250000,  ,  ,  1749.29 
countingSort25000,10.009582519531250000, 8.250305175781250000,  ,  ,  1615.26 
countingSort25000,10.247680664062500000, 8.435302734375000000,  ,  ,  1650.78 
countingSort25000,9.987915039062500000, 8.200012207031250000,  ,  ,  1704.81 
countingSort25000,10.453430175781250000, 8.595764160156250000,  ,  ,  1735.85 
countingSort25000,10.081481933593750000, 8.211364746093750000,  ,  ,  1801.54 
countingSort25000,9.868774414062500000, 8.131103515625000000,  ,  ,  1626.19 
countingSort25000,10.492736816406250000, 8.658264160156250000,  ,  ,  1646.78 
countingSort25000,10.368896484375000000, 8.402709960937500000,  ,  ,  1837.91 
countingSort25000,9.857482910156250000, 8.056823730468750000,  ,  ,  1714.86 
countingSort25000,9.936645507812500000, 8.114685058593750000,  ,  ,  1670.72 
countingSort25000,10.329711914062500000, 8.554504394531250000,  ,  ,  1627.11 
countingSort25000,10.448059082031250000, 8.568969726562500000,  ,  ,  1750.69 
countingSort25000,10.652587890625000000, 8.741882324218750000,  ,  ,  1806.56 
countingSort25000,10.191650390625000000, 8.328857421875000000,  ,  ,  1666.09 
countingSort25000,10.058593750000000000, 8.292907714843750000,  ,  ,  1696.75 
countingSort25000,10.169067382812500000, 8.367004394531250000,  ,  ,  1719.36 
countingSort25000,10.750732421875000000, 8.886718750000000000,  ,  ,  1754.25 
countingSort25000,10.628601074218750000, 8.780944824218750000,  ,  ,  1757.95 
countingSort25000,10.569030761718750000, 8.733703613281250000,  ,  ,  1717.33 
countingSort25000,10.158325195312500000, 8.414062500000000000,  ,  ,  1601.56 
countingSort25000,10.337158203125000000, 8.453308105468750000,  ,  ,  1787.04 
countingSort25000,10.457092285156250000, 8.509216308593750000,  ,  ,  1817.12 
countingSort25000,10.315002441406250000, 8.515502929687500000,  ,  ,  1659.57 
countingSort25000,10.036743164062500000, 8.260375976562500000,  ,  ,  1674.42 
countingSort25000,10.625915527343750000, 8.755676269531250000,  ,  ,  1752.3 
countingSort25000,10.612121582031250000, 8.841186523437500000,  ,  ,  1609.74 
countingSort25000,10.686462402343750000, 8.853759765625000000,  ,  ,  1706.29 
countingSort25000,10.602294921875000000, 8.769958496093750000,  ,  ,  1698.55 
countingSort25000,10.990356445312500000, 9.011779785156250000,  ,  ,  1750.96 
countingSort25000,10.620178222656250000, 8.681274414062500000,  ,  ,  1787.19 
countingSort25000,10.463684082031250000, 8.606689453125000000,  ,  ,  1664.57 
countingSort25000,9.913635253906250000, 8.050415039062500000,  ,  ,  1780.26 
countingSort25000,10.576721191406250000, 8.683532714843750000,  ,  ,  1804.69 
countingSort25000,10.379516601562500000, 8.575378417968750000,  ,  ,  1631.44 
countingSort25000,10.106750488281250000, 8.266784667968750000,  ,  ,  1708.41 
countingSort25000,10.605712890625000000, 8.668884277343750000,  ,  ,  1783.69 
countingSort25000,10.513305664062500000, 8.663391113281250000,  ,  ,  1661.53 
countingSort25000,10.626953125000000000, 8.786193847656250000,  ,  ,  1713.21 
countingSort25000,10.444885253906250000, 8.656860351562500000,  ,  ,  1602.38 
countingSort25000,10.312744140625000000, 8.515869140625000000,  ,  ,  1646.02 
countingSort25000,9.816345214843750000, 8.093750000000000000,  ,  ,  1648.18 
countingSort25000,10.461120605468750000, 8.624572753906250000,  ,  ,  1654.65 
countingSort25000,10.037170410156250000, 8.192626953125000000,  ,  ,  1705.24 
countingSort25000,10.477050781250000000, 8.586853027343750000,  ,  ,  1792.4 
countingSort25000,10.760498046875000000, 8.887023925781250000,  ,  ,  1733.73 
countingSort25000,10.077514648437500000, 8.260314941406250000,  ,  ,  1697.72 
countingSort25000,10.023681640625000000, 8.162841796875000000,  ,  ,  1737.2 
countingSort25000,10.189208984375000000, 8.272155761718750000,  ,  ,  1718.88 
countingSort25000,10.113952636718750000, 8.340698242187500000,  ,  ,  1666.13 
countingSort25000,10.100341796875000000, 8.332885742187500000,  ,  ,  1658.64 
countingSort25000,10.276977539062500000, 8.433593750000000000,  ,  ,  1726.81 
countingSort25000,10.173950195312500000, 8.245056152343750000,  ,  ,  1671.32 
countingSort25000,10.612182617187500000, 8.649963378906250000,  ,  ,  1706.03 
countingSort25000,9.901184082031250000, 8.076354980468750000,  ,  ,  1630.02 
countingSort25000,10.271301269531250000, 8.261352539062500000,  ,  ,  1702.92 
countingSort25000,10.378234863281250000, 8.399291992187500000,  ,  ,  1700.19 
countingSort25000,10.950256347656250000, 8.931579589843750000,  ,  ,  1756.96 
countingSort25000,10.100280761718750000, 8.132873535156250000,  ,  ,  1685.06 
countingSort25000,10.347778320312500000, 8.395202636718750000,  ,  ,  1658.4 
countingSort25000,10.273559570312500000, 8.365478515625000000,  ,  ,  1673.16 
countingSort25000,10.337097167968750000, 8.382751464843750000,  ,  ,  1726.79 
countingSort25000,10.801818847656250000, 8.761047363281250000,  ,  ,  1732.51 
countingSort25000,10.670715332031250000, 8.674621582031250000,  ,  ,  1700.68 
countingSort25000,10.485168457031250000, 8.437927246093750000,  ,  ,  1797.78 
countingSort25000,10.047668457031250000, 8.181579589843750000,  ,  ,  1658.75 
countingSort25000,10.612976074218750000, 8.577209472656250000,  ,  ,  1766.48 
countingSort25000,10.079772949218750000, 8.202331542968750000,  ,  ,  1678.65 
countingSort25000,10.623413085937500000, 8.543457031250000000,  ,  ,  1827.67 
countingSort25000,10.330261230468750000, 8.383972167968750000,  ,  ,  1686.89 
countingSort25000,10.173095703125000000, 8.164184570312500000,  ,  ,  1724.29 
countingSort25000,10.042785644531250000, 8.198486328125000000,  ,  ,  1654.52 
countingSort25000,10.045166015625000000, 8.269287109375000000,  ,  ,  1523.3 
countingSort25000,10.483520507812500000, 8.530700683593750000,  ,  ,  1667.92 
countingSort25000,10.279174804687500000, 8.357849121093750000,  ,  ,  1695.71 
countingSort25000,10.393310546875000000, 8.433593750000000000,  ,  ,  1638.68 
countingSort25000,10.387390136718750000, 8.410339355468750000,  ,  ,  1681.59 
countingSort25000,10.270690917968750000, 8.287109375000000000,  ,  ,  1685.91 
countingSort25000,10.486267089843750000, 8.453491210937500000,  ,  ,  1803.49 
countingSort25000,10.336303710937500000, 8.390441894531250000,  ,  ,  1664.4 
countingSort25000,10.340820312500000000, 8.373229980468750000,  ,  ,  1693.53 
countingSort25000,9.700256347656250000, 7.834838867187500000,  ,  ,  1671.34 
countingSort25000,10.227233886718750000, 8.349609375000000000,  ,  ,  1645.29 
countingSort25000,10.257568359375000000, 8.322143554687500000,  ,  ,  1627.08 
countingSort25000,9.807312011718750000, 7.972351074218750000,  ,  ,  1632.1 
countingSort25000,10.284729003906250000, 8.240905761718750000,  ,  ,  1777.73 
countingSort25000,10.580810546875000000, 8.597351074218750000,  ,  ,  1699.09 
countingSort25000,10.644836425781250000, 8.623779296875000000,  ,  ,  1718.37 
countingSort25000,9.604064941406250000, 7.854248046875000000,  ,  ,  1553.16 
countingSort25000,10.556152343750000000, 8.584472656250000000,  ,  ,  1655.36 
countingSort25000,10.182495117187500000, 8.322998046875000000,  ,  ,  1633.93 
countingSort25000,10.321105957031250000, 8.325927734375000000,  ,  ,  1735.97 
countingSort25000,10.398681640625000000, 8.396606445312500000,  ,  ,  1702.28 
countingSort25000,10.139831542968750000, 8.264038085937500000,  ,  ,  1677.76 
countingSort25000,9.608581542968750000, 7.840148925781250000,  ,  ,  1573.77 
countingSort25000,10.296813964843750000, 8.260131835937500000,  ,  ,  1726.8 
countingSort25000,10.412170410156250000, 8.378540039062500000,  ,  ,  1731.67 
countingSort25000,10.506103515625000000, 8.624145507812500000,  ,  ,  1617.46 
countingSort25000,10.909790039062500000, 8.878540039062500000,  ,  ,  1771.08 
countingSort25000,10.750488281250000000, 8.636413574218750000,  ,  ,  1824.23 
countingSort25000,10.116027832031250000, 8.185058593750000000,  ,  ,  1627.04 
countingSort25000,10.283508300781250000, 8.214294433593750000,  ,  ,  1830.69 
countingSort25000,10.589477539062500000, 8.593933105468750000,  ,  ,  1659.97 
countingSort25000,10.161560058593750000, 8.148193359375000000,  ,  ,  1756.84 
countingSort25000,10.248535156250000000, 8.262756347656250000,  ,  ,  1699.81 
countingSort25000,10.912719726562500000, 8.863891601562500000,  ,  ,  1774.51 
countingSort25000,10.507080078125000000, 8.469787597656250000,  ,  ,  1757.17 
countingSort25000,10.922424316406250000, 8.895385742187500000,  ,  ,  1759.65 
countingSort25000,10.849609375000000000, 8.899414062500000000,  ,  ,  1635.79 
countingSort25000,10.669372558593750000, 8.659851074218750000,  ,  ,  1740.89 
countingSort25000,10.324157714843750000, 8.365966796875000000,  ,  ,  1704.2 
countingSort25000,10.772766113281250000, 8.750793457031250000,  ,  ,  1797.58 
countingSort25000,10.313537597656250000, 8.371704101562500000,  ,  ,  1680.63 
countingSort25000,10.151794433593750000, 8.165100097656250000,  ,  ,  1700.71 
countingSort25000,10.651672363281250000, 8.606079101562500000,  ,  ,  1759.87 
countingSort25000,10.661437988281250000, 8.603027343750000000,  ,  ,  1719.79 
countingSort25000,10.234436035156250000, 8.264221191406250000,  ,  ,  1731.54 
countingSort25000,10.505249023437500000, 8.542846679687500000,  ,  ,  1663.95 
countingSort25000,10.490600585937500000, 8.583862304687500000,  ,  ,  1609.57 
countingSort25000,10.412353515625000000, 8.465148925781250000,  ,  ,  1709.45 
countingSort25000,10.365112304687500000, 8.421936035156250000,  ,  ,  1635.11 
countingSort25000,10.850952148437500000, 8.807006835937500000,  ,  ,  1803.27 
countingSort25000,9.863586425781250000, 8.061401367187500000,  ,  ,  1602.68 
countingSort25000,10.011230468750000000, 8.140563964843750000,  ,  ,  1624.53 
countingSort25000,10.427795410156250000, 8.495788574218750000,  ,  ,  1624.59 
countingSort25000,10.257995605468750000, 8.250305175781250000,  ,  ,  1761.95 
countingSort25000,10.234497070312500000, 8.295043945312500000,  ,  ,  1699.31 
countingSort25000,10.944091796875000000, 8.953796386718750000,  ,  ,  1705.62 
countingSort25000,10.151916503906250000, 8.162597656250000000,  ,  ,  1701.13 
countingSort25000,10.967346191406250000, 8.955017089843750000,  ,  ,  1785.48 
countingSort25000,10.673706054687500000, 8.725036621093750000,  ,  ,  1685.5 
countingSort25000,10.456359863281250000, 8.517150878906250000,  ,  ,  1700.57 
countingSort25000,10.177368164062500000, 8.260437011718750000,  ,  ,  1653.67 
countingSort25000,10.519104003906250000, 8.525207519531250000,  ,  ,  1722.88 
countingSort25000,9.988098144531250000, 8.186706542968750000,  ,  ,  1613.87 
countingSort25000,10.950988769531250000, 8.874023437500000000,  ,  ,  1802.44 
countingSort25000,10.727294921875000000, 8.736450195312500000,  ,  ,  1708.83 
countingSort25000,10.901855468750000000, 8.894165039062500000,  ,  ,  1697.71 
countingSort25000,10.287658691406250000, 8.330383300781250000,  ,  ,  1690.76 
countingSort25000,10.210754394531250000, 8.448425292968750000,  ,  ,  1555.25 
countingSort25000,10.694824218750000000, 8.805664062500000000,  ,  ,  1672.51 
countingSort25000,10.203979492187500000, 8.179016113281250000,  ,  ,  1778.45 
countingSort25000,10.512939453125000000, 8.649536132812500000,  ,  ,  1577.08 
countingSort25000,10.573425292968750000, 8.685607910156250000,  ,  ,  1632.14 
countingSort25000,10.337707519531250000, 8.311401367187500000,  ,  ,  1731.04 
countingSort25000,9.871093750000000000, 7.976623535156250000,  ,  ,  1717.98 
countingSort25000,10.631713867187500000, 8.632385253906250000,  ,  ,  1713.49 
countingSort25000,10.547241210937500000, 8.542724609375000000,  ,  ,  1773.38 
countingSort25000,10.529357910156250000, 8.598571777343750000,  ,  ,  1795.37 
countingSort25000,10.344909667968750000, 8.492797851562500000,  ,  ,  1597.13 
countingSort25000,10.337951660156250000, 8.435546875000000000,  ,  ,  1665.13 
countingSort25000,10.092529296875000000, 8.152282714843750000,  ,  ,  1669.39 
countingSort25000,9.704467773437500000, 7.868469238281250000,  ,  ,  1628.07 
countingSort25000,10.157836914062500000, 8.264160156250000000,  ,  ,  1708.97 
countingSort25000,10.154602050781250000, 8.306152343750000000,  ,  ,  1644.73 
countingSort25000,10.556213378906250000, 8.648254394531250000,  ,  ,  1747.24 
countingSort25000,10.530151367187500000, 8.580627441406250000,  ,  ,  1770.66 
countingSort25000,9.977661132812500000, 8.221557617187500000,  ,  ,  1686.12 
countingSort25000,9.980468750000000000, 8.243225097656250000,  ,  ,  1658.49 
countingSort25000,9.791687011718750000, 7.931030273437500000,  ,  ,  1632.66 
countingSort25000,9.247619628906250000, 7.586547851562500000,  ,  ,  1590.25 
countingSort25000,10.665771484375000000, 8.650512695312500000,  ,  ,  1802.99 
countingSort25000,9.805969238281250000, 8.007507324218750000,  ,  ,  1593.58 
countingSort25000,10.576599121093750000, 8.652770996093750000,  ,  ,  1678.86 
countingSort25000,10.240173339843750000, 8.308166503906250000,  ,  ,  1764.88 
countingSort25000,10.519714355468750000, 8.618347167968750000,  ,  ,  1695.63 
countingSort25000,10.158996582031250000, 8.287902832031250000,  ,  ,  1740.07 
countingSort25000,10.453125000000000000, 8.463684082031250000,  ,  ,  1791.19 
countingSort25000,9.882751464843750000, 7.976989746093750000,  ,  ,  1709.51 
countingSort25000,10.434387207031250000, 8.592407226562500000,  ,  ,  1748.01 
countingSort25000,10.194091796875000000, 8.328674316406250000,  ,  ,  1690.3 
countingSort25000,10.147216796875000000, 8.303588867187500000,  ,  ,  1666.93 
countingSort25000,10.010742187500000000, 8.090148925781250000,  ,  ,  1815.07 
countingSort25000,9.705444335937500000, 7.974914550781250000,  ,  ,  1579.24 
countingSort25000,10.643981933593750000, 8.707397460937500000,  ,  ,  1656.16 
countingSort25000,10.782409667968750000, 8.806091308593750000,  ,  ,  1784.66 
countingSort25000,10.021667480468750000, 8.178405761718750000,  ,  ,  1743.18 
countingSort25000,9.846923828125000000, 8.040954589843750000,  ,  ,  1721.55 
countingSort25000,10.064270019531250000, 8.313537597656250000,  ,  ,  1587.11 
countingSort25000,10.260498046875000000, 8.423828125000000000,  ,  ,  1723.73 
countingSort25000,10.227722167968750000, 8.337768554687500000,  ,  ,  1761.19 
countingSort25000,10.359375000000000000, 8.432861328125000000,  ,  ,  1689.84 
countingSort25000,10.188293457031250000, 8.374145507812500000,  ,  ,  1641.47 
countingSort25000,10.390930175781250000, 8.545410156250000000,  ,  ,  1739.16 
countingSort25000,10.486145019531250000, 8.655761718750000000,  ,  ,  1723.73 
countingSort25000,9.210998535156250000, 7.571777343750000000,  ,  ,  1573.67 
countingSort25000,10.290710449218750000, 8.575622558593750000,  ,  ,  1568.06 
countingSort25000,10.452087402343750000, 8.481628417968750000,  ,  ,  1786.1 
countingSort25000,10.418273925781250000, 8.480285644531250000,  ,  ,  1797.48 
countingSort25000,10.638427734375000000, 8.771179199218750000,  ,  ,  1685.3 
countingSort25000,10.492431640625000000, 8.588317871093750000,  ,  ,  1802.96 
countingSort25000,10.148010253906250000, 8.356445312500000000,  ,  ,  1612.99 
countingSort25000,10.467834472656250000, 8.533203125000000000,  ,  ,  1769.51 
countingSort25000,10.192321777343750000, 8.359008789062500000,  ,  ,  1697.85 
countingSort25000,10.566589355468750000, 8.636596679687500000,  ,  ,  1791.27 
countingSort25000,9.790954589843750000, 8.098266601562500000,  ,  ,  1580.43 
countingSort25000,10.733825683593750000, 8.830261230468750000,  ,  ,  1795.37 
countingSort25000,9.236999511718750000, 7.544006347656250000,  ,  ,  1618.12 
countingSort25000,10.198059082031250000, 8.323913574218750000,  ,  ,  1703.98 
countingSort25000,9.831665039062500000, 8.039245605468750000,  ,  ,  1653.63 
countingSort25000,10.177307128906250000, 8.361694335937500000,  ,  ,  1631.45 
countingSort25000,10.210327148437500000, 8.285827636718750000,  ,  ,  1787.92 
countingSort25000,10.261962890625000000, 8.433898925781250000,  ,  ,  1705.82 
countingSort25000,9.964965820312500000, 8.133850097656250000,  ,  ,  1647.06 
countingSort25000,9.989196777343750000, 8.171325683593750000,  ,  ,  1674.87 
countingSort25000,10.345642089843750000, 8.403259277343750000,  ,  ,  1683.91 
countingSort25000,10.592407226562500000, 8.610168457031250000,  ,  ,  1781.98 
countingSort25000,9.652160644531250000, 7.873535156250000000,  ,  ,  1628.07 
countingSort25000,10.618041992187500000, 8.831909179687500000,  ,  ,  1607.94 
countingSort25000,10.165344238281250000, 8.343200683593750000,  ,  ,  1675.88 
countingSort25000,10.875793457031250000, 8.871643066406250000,  ,  ,  1767.65 
countingSort25000,10.655395507812500000, 8.706542968750000000,  ,  ,  1783.38 
countingSort25000,10.323791503906250000, 8.498657226562500000,  ,  ,  1720.8 
countingSort25000,10.116760253906250000, 8.278564453125000000,  ,  ,  1688.95 
countingSort25000,10.898803710937500000, 8.973754882812500000,  ,  ,  1683.34 
countingSort25000,10.601013183593750000, 8.741638183593750000,  ,  ,  1678.11 
countingSort25000,10.118530273437500000, 8.233215332031250000,  ,  ,  1692.37 
countingSort25000,10.228637695312500000, 8.464843750000000000,  ,  ,  1608.41 
countingSort25000,10.038024902343750000, 8.100280761718750000,  ,  ,  1743.32 
countingSort25000,10.639282226562500000, 8.669616699218750000,  ,  ,  1832.71 
countingSort25000,9.760742187500000000, 8.014831542968750000,  ,  ,  1583.92 
countingSort25000,10.096923828125000000, 8.158264160156250000,  ,  ,  1773.99 
countingSort25000,9.672546386718750000, 7.929016113281250000,  ,  ,  1555.05 
countingSort25000,9.950561523437500000, 8.253112792968750000,  ,  ,  1609.99 
countingSort25000,9.458557128906250000, 7.767211914062500000,  ,  ,  1658.75 
countingSort25000,10.263732910156250000, 8.372009277343750000,  ,  ,  1719.73 
countingSort25000,10.124450683593750000, 8.355529785156250000,  ,  ,  1640.68 
countingSort25000,10.509338378906250000, 8.660522460937500000,  ,  ,  1704.2 
countingSort25000,10.043090820312500000, 8.175537109375000000,  ,  ,  1713.22 
countingSort25000,10.113647460937500000, 8.164367675781250000,  ,  ,  1712.33 
countingSort25000,10.000061035156250000, 8.079406738281250000,  ,  ,  1762.27 
countingSort25000,10.001525878906250000, 8.215759277343750000,  ,  ,  1645.04 
countingSort25000,10.654785156250000000, 8.763732910156250000,  ,  ,  1752.64 
countingSort25000,9.887329101562500000, 8.080505371093750000,  ,  ,  1664.71 
countingSort25000,9.894409179687500000, 7.982849121093750000,  ,  ,  1696.13 
countingSort25000,10.165161132812500000, 8.318359375000000000,  ,  ,  1616.74 
countingSort25000,10.171020507812500000, 8.345764160156250000,  ,  ,  1674.06 
countingSort25000,9.912841796875000000, 8.089233398437500000,  ,  ,  1665.09 
countingSort25000,9.599182128906250000, 7.786010742187500000,  ,  ,  1695.99 
countingSort25000,10.432556152343750000, 8.592773437500000000,  ,  ,  1706.84 
countingSort25000,9.845703125000000000, 8.094299316406250000,  ,  ,  1637.66 
countingSort25000,10.724304199218750000, 8.855834960937500000,  ,  ,  1725.01 
countingSort25000,9.992126464843750000, 8.182678222656250000,  ,  ,  1750.31 
countingSort25000,10.375366210937500000, 8.469665527343750000,  ,  ,  1758.51 
countingSort25000,10.164794921875000000, 8.342773437500000000,  ,  ,  1655.33 
countingSort25000,10.406372070312500000, 8.511962890625000000,  ,  ,  1721.05 
countingSort25000,9.900024414062500000, 8.105834960937500000,  ,  ,  1723.43 
countingSort25000,10.805969238281250000, 8.872558593750000000,  ,  ,  1717.54 
countingSort25000,9.781921386718750000, 8.084289550781250000,  ,  ,  1625.72 
countingSort25000,10.186279296875000000, 8.393127441406250000,  ,  ,  1628.79 
countingSort25000,10.598693847656250000, 8.658386230468750000,  ,  ,  1772.62 
countingSort25000,10.134094238281250000, 8.166198730468750000,  ,  ,  1755.57 
countingSort25000,10.218505859375000000, 8.375610351562500000,  ,  ,  1694.07 
countingSort25000,10.354553222656250000, 8.353454589843750000,  ,  ,  1691.17 
countingSort25000,10.726318359375000000, 8.664794921875000000,  ,  ,  1872.68 
countingSort25000,9.893981933593750000, 8.203796386718750000,  ,  ,  1607.93 
countingSort25000,9.869506835937500000, 8.044311523437500000,  ,  ,  1633.69 
countingSort25000,10.207946777343750000, 8.407043457031250000,  ,  ,  1658.44 
countingSort25000,10.463989257812500000, 8.585449218750000000,  ,  ,  1693.23 
countingSort25000,10.906188964843750000, 9.000366210937500000,  ,  ,  1691.93 
countingSort25000,10.626892089843750000, 8.761413574218750000,  ,  ,  1726.37 
countingSort25000,10.016601562500000000, 8.187744140625000000,  ,  ,  1664.58 
countingSort25000,10.409790039062500000, 8.576354980468750000,  ,  ,  1705.63 
countingSort25000,9.655334472656250000, 7.931396484375000000,  ,  ,  1654.29 
countingSort25000,10.029724121093750000, 8.302551269531250000,  ,  ,  1610.11 
countingSort25000,10.278625488281250000, 8.459594726562500000,  ,  ,  1702.72 
countingSort25000,10.472900390625000000, 8.509765625000000000,  ,  ,  1718.84 
countingSort25000,10.078491210937500000, 8.433166503906250000,  ,  ,  1522.11 
countingSort25000,10.678405761718750000, 8.806396484375000000,  ,  ,  1722.15 
countingSort25000,10.590209960937500000, 8.651794433593750000,  ,  ,  1756.11 
countingSort25000,10.437805175781250000, 8.527954101562500000,  ,  ,  1638.02 
countingSort25000,10.239929199218750000, 8.328430175781250000,  ,  ,  1730.99 
countingSort25000,10.435791015625000000, 8.530212402343750000,  ,  ,  1766.12 
countingSort25000,10.811218261718750000, 8.859436035156250000,  ,  ,  1697.6 
countingSort25000,10.192871093750000000, 8.267944335937500000,  ,  ,  1762.25 
countingSort25000,10.851135253906250000, 8.965393066406250000,  ,  ,  1803.08 
countingSort25000,10.332824707031250000, 8.410949707031250000,  ,  ,  1668.71 
countingSort25000,10.512451171875000000, 8.581237792968750000,  ,  ,  1696.16 
countingSort25000,10.011657714843750000, 8.022705078125000000,  ,  ,  1751.22 
countingSort25000,10.292175292968750000, 8.281616210937500000,  ,  ,  1724.9 
countingSort25000,9.622131347656250000, 7.939208984375000000,  ,  ,  1599.23 
countingSort25000,10.302185058593750000, 8.440612792968750000,  ,  ,  1744.65 
countingSort25000,9.869567871093750000, 8.105834960937500000,  ,  ,  1618.8 
countingSort25000,10.256652832031250000, 8.402465820312500000,  ,  ,  1694.1 
countingSort25000,10.779907226562500000, 8.822448730468750000,  ,  ,  1737.7 
countingSort25000,10.537841796875000000, 8.542846679687500000,  ,  ,  1682.35 
countingSort25000,10.124389648437500000, 8.166076660156250000,  ,  ,  1752.98 
countingSort25000,10.544006347656250000, 8.520080566406250000,  ,  ,  1834.7 
countingSort25000,10.736145019531250000, 8.893859863281250000,  ,  ,  1714.32 
