best-25000-1,480.585876464843750000, 419.617126464843750000,  , 9.935058593750000000,  64,  68211
best-25000-1,479.549316406250000000, 418.664672851562500000,  , 9.932556152343750000,  64,  68217
best-25000-1,483.057678222656250000, 422.119323730468750000,  , 9.931030273437500000,  63,  68196.5
best-25000-1,248.147460937500000000, 217.125732421875000000,  , 5.125122070312500000,  58,  34766.1
best-25000-1,473.955383300781250000, 413.291687011718750000,  , 9.923095703125000000,  57,  68149.9
best-25000-1,249.855163574218750000, 218.768554687500000000,  , 5.124755859375000000,  64,  34741.2
best-25000-1,476.124755859375000000, 415.427673339843750000,  , 9.927185058593750000,  57,  68184.9
best-25000-1,478.496643066406250000, 417.738098144531250000,  , 9.927307128906250000,  63,  68200.4
best-25000-1,473.788452148437500000, 413.253417968750000000,  , 9.950561523437500000,  56,  68175.9
best-25000-1,477.307067871093750000, 416.558227539062500000,  , 9.935668945312500000,  63,  68198.2
best-25000-1,477.785278320312500000, 417.209533691406250000,  , 9.910217285156250000,  63,  68127.8
best-25000-1,247.539245605468750000, 216.545410156250000000,  , 5.123962402343750000,  57,  34768.1
best-25000-1,247.685363769531250000, 216.715881347656250000,  , 5.127502441406250000,  57,  34765.7
best-25000-1,475.835449218750000000, 415.163940429687500000,  , 9.924621582031250000,  63,  68177.1
best-25000-1,249.301452636718750000, 218.353942871093750000,  , 5.122070312500000000,  57,  34753.5
best-25000-1,475.352539062500000000, 414.612548828125000000,  , 9.936279296875000000,  56,  68206.2
best-25000-1,247.486694335937500000, 216.423156738281250000,  , 5.133056640625000000,  57,  34773.6
best-25000-1,479.309387207031250000, 418.453857421875000000,  , 9.949279785156250000,  63,  68183.2
best-25000-1,248.239013671875000000, 217.255615234375000000,  , 5.134338378906250000,  57,  34781.4
best-25000-1,476.988769531250000000, 416.255737304687500000,  , 9.922058105468750000,  63,  68163.7
best-25000-1,473.130981445312500000, 412.310241699218750000,  , 9.932067871093750000,  56,  68195.8
best-25000-1,247.994323730468750000, 216.987060546875000000,  , 5.131774902343750000,  57,  34769.8
best-25000-1,255.970947265625000000, 224.279968261718750000,  , 5.189636230468750000,  64,  35412.8
best-25000-1,475.717285156250000000, 414.991943359375000000,  , 9.960632324218750000,  57,  68286.3
best-25000-1,476.059631347656250000, 415.428100585937500000,  , 9.926452636718750000,  57,  68162.8
best-25000-1,480.525024414062500000, 419.607971191406250000,  , 9.964416503906250000,  63,  68293
best-25000-1,251.122558593750000000, 220.054077148437500000,  , 5.132324218750000000,  64,  34777.9
best-25000-1,481.687316894531250000, 420.832214355468750000,  , 9.960266113281250000,  63,  68290.2
best-25000-1,472.638305664062500000, 412.139953613281250000,  , 9.935485839843750000,  56,  68228.9
best-25000-1,348.698913574218750000, 307.747802734375000000,  , 6.745849609375000000,  59,  45841.3
best-50000-1,1022.841857910156250000, 896.953735351562500000,  , 20.445861816406250000,  64,  141169
best-50000-1,1002.533508300781250000, 879.190368652343750000,  , 19.994445800781250000,  65,  138230
best-50000-1,999.185974121093750000, 875.753662109375000000,  , 20.033020019531250000,  65,  138275
best-50000-1,1001.276367187500000000, 877.940612792968750000,  , 20.021728515625000000,  64,  138225
best-50000-1,992.323913574218750000, 869.362548828125000000,  , 20.038024902343750000,  57,  138303
best-50000-1,1889.999328613281250000, 1648.894409179687500000,  , 39.155944824218750000,  56,  271567
best-50000-1,1912.577392578125000000, 1671.178894042968750000,  , 39.181640625000000000,  62,  271572
best-50000-1,1909.330261230468750000, 1668.099609375000000000,  , 39.170166015625000000,  63,  271608
best-50000-1,1890.923095703125000000, 1650.147827148437500000,  , 39.180603027343750000,  56,  271564
best-50000-1,1391.759094238281250000, 1229.253662109375000000,  , 26.351074218750000000,  60,  182428
best-50000-1,1907.506469726562500000, 1665.773620605468750000,  , 39.166320800781250000,  63,  271542
best-50000-1,1021.734252929687500000, 896.025573730468750000,  , 20.396789550781250000,  64,  141156
best-50000-1,1905.024475097656250000, 1663.393127441406250000,  , 39.193969726562500000,  62,  271650
best-50000-1,1905.207702636718750000, 1663.939819335937500000,  , 39.195007324218750000,  62,  271660
best-50000-1,1885.944091796875000000, 1644.637634277343750000,  , 39.198425292968750000,  56,  271642
best-50000-1,996.997436523437500000, 873.815734863281250000,  , 20.037475585937500000,  58,  138333
best-50000-1,1003.861999511718750000, 880.291870117187500000,  , 20.103759765625000000,  65,  138360
best-50000-1,1905.479492187500000000, 1663.842651367187500000,  , 39.152282714843750000,  63,  271578
best-50000-1,1902.963134765625000000, 1661.930419921875000000,  , 39.194335937500000000,  57,  271639
best-50000-1,1001.434631347656250000, 878.309265136718750000,  , 19.997253417968750000,  64,  138208
best-50000-1,1008.499084472656250000, 885.110107421875000000,  , 20.029235839843750000,  64,  138261
best-50000-1,993.479064941406250000, 870.187561035156250000,  , 20.061828613281250000,  57,  138681
best-50000-1,994.214172363281250000, 871.281066894531250000,  , 20.054443359375000000,  57,  138444
best-50000-1,1889.995605468750000000, 1648.745239257812500000,  , 39.185974121093750000,  57,  271616
best-50000-1,1893.273315429687500000, 1652.186157226562500000,  , 39.183349609375000000,  57,  271561
best-50000-1,1886.764221191406250000, 1645.653991699218750000,  , 39.169250488281250000,  56,  271584
best-50000-1,1009.009277343750000000, 885.737487792968750000,  , 20.002136230468750000,  65,  138238
best-50000-1,1901.767883300781250000, 1660.016418457031250000,  , 39.159240722656250000,  62,  271553
best-50000-1,1891.005249023437500000, 1649.715148925781250000,  , 39.253967285156250000,  56,  271642
best-50000-1,1923.495849609375000000, 1681.666076660156250000,  , 39.195434570312500000,  62,  271663
best-75000-1,4292.773376464843750000, 3750.340270996093750000,  , 87.914978027343750000,  62,  610471
best-75000-1,2326.247070312500000000, 2041.548278808593750000,  , 46.038452148437500000,  64,  319069
best-75000-1,3153.476562500000000000, 2787.073791503906250000,  , 59.145141601562500000,  60,  410332
best-75000-1,2287.835937500000000000, 2008.584472656250000000,  , 45.108947753906250000,  64,  312570
best-75000-1,3157.014587402343750000, 2790.592590332031250000,  , 59.106994628906250000,  60,  410337
best-75000-1,3199.629882812500000000, 2832.363952636718750000,  , 59.148315429687500000,  68,  410349
best-75000-1,2336.989807128906250000, 2052.803710937500000000,  , 46.029724121093750000,  64,  319009
best-75000-1,3144.731018066406250000, 2779.029724121093750000,  , 59.157958984375000000,  59,  410388
best-75000-1,3202.472900390625000000, 2835.239562988281250000,  , 59.149108886718750000,  68,  410355
best-75000-1,3206.668457031250000000, 2839.150390625000000000,  , 59.163146972656250000,  68,  410408
best-75000-1,3187.458251953125000000, 2820.085205078125000000,  , 59.170349121093750000,  67,  410460
best-75000-1,3192.796081542968750000, 2825.581115722656250000,  , 59.130310058593750000,  68,  410395
best-75000-1,2308.661621093750000000, 2024.233093261718750000,  , 46.010986328125000000,  58,  319083
best-75000-1,3148.306457519531250000, 2782.414855957031250000,  , 59.152099609375000000,  60,  410388
best-75000-1,2342.457641601562500000, 2058.238891601562500000,  , 46.052429199218750000,  65,  319274
best-75000-1,2306.222656250000000000, 2022.205627441406250000,  , 46.052917480468750000,  57,  319153
best-75000-1,4280.633300781250000000, 3738.487731933593750000,  , 87.893737792968750000,  57,  610388
best-75000-1,3144.545776367187500000, 2778.346557617187500000,  , 59.121520996093750000,  60,  410293
best-75000-1,3161.895812988281250000, 2795.647338867187500000,  , 59.119812011718750000,  60,  410341
best-75000-1,3185.052673339843750000, 2817.675903320312500000,  , 59.165100097656250000,  68,  410486
best-75000-1,3179.965270996093750000, -259330.971679687500000000,  , 59.175354003906250000,  68,  410520
best-75000-1,3192.024230957031250000, 2824.485046386718750000,  , 59.137390136718750000,  68,  410446
best-75000-1,3191.002380371093750000, 2823.726745605468750000,  , 59.118713378906250000,  68,  410308
best-75000-1,4297.461120605468750000, 3754.658447265625000000,  , 87.909484863281250000,  57,  610447
best-75000-1,2268.818054199218750000, 1989.944702148437500000,  , 45.103149414062500000,  58,  312546
best-75000-1,3154.270507812500000000, 2787.982482910156250000,  , 59.133972167968750000,  60,  410410
best-75000-1,4303.542236328125000000, 3760.060180664062500000,  , 87.897399902343750000,  63,  610364
best-75000-1,3149.528015136718750000, 2783.794250488281250000,  , 59.138488769531250000,  60,  410285
best-75000-1,3209.557983398437500000, 2842.214416503906250000,  , 59.170471191406250000,  68,  410464
best-75000-1,3146.675170898437500000, 2780.595153808593750000,  , 59.152465820312500000,  59,  410385
best-100000-1,5669.522766113281250000, 5017.277404785156250000,  , 105.254150390625000000,  60,  731160
best-100000-1,5667.572692871093750000, 5014.807739257812500000,  , 105.326416015625000000,  60,  731488
best-100000-1,5666.183532714843750000, 5013.754943847656250000,  , 105.280578613281250000,  60,  731410
best-100000-1,5657.816772460937500000, 5005.422851562500000000,  , 105.335083007812500000,  60,  731468
best-100000-1,5678.290283203125000000, 5025.013610839843750000,  , 105.301940917968750000,  68,  731331
best-100000-1,5723.257263183593750000, 5069.162292480468750000,  , 105.319213867187500000,  68,  731401
best-100000-1,5651.120300292968750000, 4998.951232910156250000,  , 105.283569335937500000,  60,  731155
best-100000-1,5657.714782714843750000, 5005.366333007812500000,  , 105.329711914062500000,  60,  731449
best-100000-1,5721.406921386718750000, 5067.192932128906250000,  , 105.302673339843750000,  67,  731337
best-100000-1,5697.632507324218750000, 5044.710754394531250000,  , 105.311584472656250000,  60,  731391
best-100000-1,5733.083740234375000000, 5079.074401855468750000,  , 105.291503906250000000,  68,  731260
best-100000-1,5658.178222656250000000, 5005.819824218750000000,  , 105.369812011718750000,  60,  731364
best-100000-1,5758.398925781250000000, 5104.990539550781250000,  , 105.286437988281250000,  68,  731360
best-100000-1,5677.024963378906250000, 5024.311035156250000000,  , 105.286621093750000000,  60,  731318
best-100000-1,5710.892944335937500000, 5057.971801757812500000,  , 105.247741699218750000,  60,  731164
best-100000-1,5654.861206054687500000, 5002.514526367187500000,  , 105.273437500000000000,  60,  731286
best-100000-1,-256387.683471679687500000, 5102.593383789062500000,  , 105.319335937500000000,  68,  731376
best-100000-1,5707.632019042968750000, 5055.036621093750000000,  , 105.261596679687500000,  60,  731305
best-100000-1,5725.868652343750000000, 5072.202270507812500000,  , 105.293273925781250000,  68,  731252
best-100000-1,5647.121582031250000000, 4994.549682617187500000,  , 105.550720214843750000,  60,  731539
best-100000-1,5746.343139648437500000, 5092.121887207031250000,  , 105.280944824218750000,  68,  731422
best-100000-1,4218.373657226562500000, 3707.810119628906250000,  , 82.544494628906250000,  65,  572842
best-100000-1,5651.700927734375000000, 4999.955322265625000000,  , 105.308166503906250000,  60,  731330
best-100000-1,5732.894226074218750000, 5079.358093261718750000,  , 105.310424804687500000,  68,  731381
best-100000-1,5708.069580078125000000, 5054.173217773437500000,  , 105.281677246093750000,  68,  731330
best-100000-1,5660.046691894531250000, 5008.077758789062500000,  , 105.290039062500000000,  60,  731244
best-100000-1,5734.835998535156250000, 5080.968566894531250000,  , 105.284240722656250000,  68,  731396
best-100000-1,5738.110900878906250000, 5083.943176269531250000,  , 105.317443847656250000,  68,  731384
best-100000-1,5712.250061035156250000, 5058.629028320312500000,  , 105.307617187500000000,  68,  731361
best-100000-1,5759.263854980468750000, 5105.897949218750000000,  , 105.288818359375000000,  68,  731427
best-125000-1,8995.852783203125000000, 7973.757934570312500000,  , 164.763061523437500000,  68,  1.14492E+06
best-125000-1,9074.877380371093750000, 8052.607116699218750000,  , 164.745605468750000000,  68,  1.14486E+06
best-125000-1,9012.168029785156250000, 7990.208007812500000000,  , 164.731140136718750000,  60,  1.14481E+06
best-125000-1,8951.302307128906250000, 7929.938293457031250000,  , 164.769165039062500000,  60,  1.14477E+06
best-125000-1,8912.423461914062500000, 7891.848144531250000000,  , 164.710632324218750000,  60,  1.14455E+06
best-125000-1,8941.461364746093750000, 7920.328613281250000000,  , 164.779663085937500000,  68,  1.14491E+06
best-125000-1,9009.823364257812500000, 7986.614318847656250000,  , 164.785278320312500000,  68,  1.14492E+06
best-125000-1,9004.059387207031250000, 7981.045166015625000000,  , 164.793701171875000000,  68,  1.14491E+06
best-125000-1,9029.295715332031250000, 8004.493530273437500000,  , 164.851135253906250000,  68,  1.14492E+06
best-125000-1,12055.414489746093750000, 10549.523315429687500000,  , 243.786193847656250000,  62,  1.69468E+06
best-125000-1,9045.722656250000000000, -254121.720031738281250000,  , 164.762817382812500000,  68,  1.14494E+06
best-125000-1,8903.078857421875000000, 7882.962463378906250000,  , 164.717773437500000000,  60,  1.14464E+06
best-125000-1,8912.822570800781250000, 7892.742309570312500000,  , 164.756469726562500000,  60,  1.14464E+06
best-125000-1,9128.022399902343750000, 8101.165222167968750000,  , 170.213134765625000000,  69,  1.14581E+06
best-125000-1,9006.815612792968750000, 7983.704101562500000000,  , 164.777404785156250000,  68,  1.14487E+06
best-125000-1,9028.137573242187500000, 8004.350769042968750000,  , 164.778137207031250000,  68,  1.14481E+06
best-125000-1,8910.526367187500000000, 7889.101684570312500000,  , 164.768493652343750000,  60,  1.14479E+06
best-125000-1,9002.078857421875000000, 7978.947021484375000000,  , 164.764526367187500000,  60,  1.1448E+06
best-125000-1,8893.193664550781250000, 7872.143737792968750000,  , 164.732238769531250000,  60,  1.14459E+06
best-125000-1,8928.350952148437500000, 7907.137817382812500000,  , 164.713012695312500000,  60,  1.1446E+06
best-125000-1,-253115.808349609375000000, 8006.209228515625000000,  , 164.767883300781250000,  68,  1.14484E+06
best-125000-1,8909.556762695312500000, 7887.781127929687500000,  , 164.784729003906250000,  60,  1.14482E+06
best-125000-1,8986.948425292968750000, 7964.825622558593750000,  , 164.738342285156250000,  61,  1.14484E+06
best-125000-1,8877.664855957031250000, 7856.666625976562500000,  , 164.798522949218750000,  60,  1.14487E+06
best-125000-1,9066.212219238281250000, 8039.553100585937500000,  , 170.416259765625000000,  68,  1.14599E+06
best-125000-1,9026.896423339843750000, 8005.234558105468750000,  , 164.776977539062500000,  68,  1.14485E+06
best-125000-1,9021.913024902343750000, 8000.120544433593750000,  , 164.912475585937500000,  69,  1.14488E+06
best-125000-1,8928.358764648437500000, 7906.637207031250000000,  , 164.722473144531250000,  60,  1.14458E+06
best-125000-1,9124.032104492187500000, 8101.757690429687500000,  , 164.814392089843750000,  69,  1.14502E+06
best-125000-1,8939.648437500000000000, 7917.315307617187500000,  , 164.711120605468750000,  60,  1.14462E+06
best-150000-1,13230.716369628906250000, 11756.696105957031250000,  , 237.486267089843750000,  69,  1.65081E+06
best-150000-1,13059.228942871093750000, 11584.818359375000000000,  , 237.538330078125000000,  68,  1.65083E+06
best-150000-1,13000.663879394531250000, 11527.074279785156250000,  , 237.529663085937500000,  68,  1.65083E+06
best-150000-1,13033.859375000000000000, 11560.003967285156250000,  , 237.518920898437500000,  68,  1.65075E+06
best-150000-1,13045.783081054687500000, 11570.967041015625000000,  , 237.519958496093750000,  69,  1.65074E+06
best-150000-1,13048.671752929687500000, 11574.909545898437500000,  , 237.564147949218750000,  68,  1.65104E+06
best-150000-1,13079.041748046875000000, 11604.040283203125000000,  , 237.552734375000000000,  68,  1.65096E+06
best-150000-1,12941.607482910156250000, 11468.493469238281250000,  , 237.462890625000000000,  60,  1.65034E+06
best-150000-1,12886.430786132812500000, -250730.450500488281250000,  , 237.461975097656250000,  60,  1.65047E+06
best-150000-1,13059.450195312500000000, 11584.790344238281250000,  , 237.639221191406250000,  68,  1.65093E+06
best-150000-1,12995.138061523437500000, 11520.299499511718750000,  , 237.511291503906250000,  60,  1.65064E+06
best-150000-1,12974.775146484375000000, 11499.471435546875000000,  , 237.598388671875000000,  60,  1.65082E+06
best-150000-1,13033.378845214843750000, 11558.178771972656250000,  , 237.506530761718750000,  68,  1.65068E+06
best-150000-1,-249223.188476562500000000, 11447.298522949218750000,  , 237.531433105468750000,  60,  1.65062E+06
best-150000-1,13043.133178710937500000, 11569.166442871093750000,  , 237.523132324218750000,  68,  1.65072E+06
best-150000-1,12991.426330566406250000, 11517.722290039062500000,  , 237.698364257812500000,  60,  1.65052E+06
best-150000-1,12881.422607421875000000, 11408.812377929687500000,  , 237.521728515625000000,  60,  1.65038E+06
best-150000-1,12888.082519531250000000, 11415.553039550781250000,  , 237.462524414062500000,  60,  1.65042E+06
best-150000-1,13045.385803222656250000, 11571.097839355468750000,  , 237.530639648437500000,  69,  1.65072E+06
best-150000-1,13180.904113769531250000, 11706.807739257812500000,  , 237.505920410156250000,  69,  1.65073E+06
best-150000-1,13087.680969238281250000, 11612.240295410156250000,  , 237.475830078125000000,  69,  1.65064E+06
best-150000-1,13060.320678710937500000, 11584.225402832031250000,  , 237.535339355468750000,  69,  1.65085E+06
best-150000-1,12985.455139160156250000, 11511.621215820312500000,  , 237.457763671875000000,  61,  1.6505E+06
best-150000-1,13038.812377929687500000, 11565.006469726562500000,  , 237.469055175781250000,  61,  1.65043E+06
best-150000-1,13188.173767089843750000, 11712.101562500000000000,  , 237.501647949218750000,  69,  1.65075E+06
best-150000-1,13056.715881347656250000, 11582.683776855468750000,  , 237.597595214843750000,  68,  1.65077E+06
best-150000-1,12883.091491699218750000, 11409.675720214843750000,  , 237.442260742187500000,  60,  1.65045E+06
best-150000-1,13037.534362792968750000, 11563.298767089843750000,  , 237.506652832031250000,  68,  1.65054E+06
best-150000-1,12979.945922851562500000, 11504.931762695312500000,  , 237.526611328125000000,  68,  1.65069E+06
best-150000-1,12903.229064941406250000, 11430.125488281250000000,  , 237.533386230468750000,  60,  1.65076E+06
best-175000-1,17787.249328613281250000, 15778.512695312500000000,  , 323.547485351562500000,  68,  2.24888E+06
best-175000-1,17701.872863769531250000, -246451.739807128906250000,  , 323.486328125000000000,  60,  2.24847E+06
best-175000-1,-244467.203613281250000000, 15666.591369628906250000,  , 323.466674804687500000,  61,  2.24829E+06
best-175000-1,17845.435974121093750000, 15836.258483886718750000,  , 323.593261718750000000,  69,  2.24922E+06
best-175000-1,17613.150939941406250000, 15605.103454589843750000,  , 323.510314941406250000,  61,  2.24864E+06
best-175000-1,17758.399658203125000000, 15747.023437500000000000,  , 323.513549804687500000,  68,  2.2488E+06
best-175000-1,17887.947387695312500000, 15878.815124511718750000,  , 323.579589843750000000,  69,  2.24876E+06
best-175000-1,17667.523681640625000000, 15657.419189453125000000,  , 323.662475585937500000,  61,  2.24869E+06
best-175000-1,17971.350646972656250000, 15952.798156738281250000,  , 334.624755859375000000,  69,  2.25041E+06
best-175000-1,17743.664794921875000000, 15734.366821289062500000,  , 323.517272949218750000,  69,  2.24863E+06
best-175000-1,17630.136352539062500000, 15621.595336914062500000,  , 323.493469238281250000,  60,  2.24845E+06
best-175000-1,17846.045776367187500000, 15834.927856445312500000,  , 323.566162109375000000,  69,  2.24887E+06
best-175000-1,17612.316833496093750000, 15602.667419433593750000,  , 323.541625976562500000,  61,  2.24874E+06
best-175000-1,17924.479614257812500000, 15915.002868652343750000,  , 323.588684082031250000,  69,  2.24885E+06
best-175000-1,17764.222106933593750000, 15754.351989746093750000,  , 323.473937988281250000,  61,  2.24859E+06
best-175000-1,17736.049499511718750000, 15725.486206054687500000,  , 323.565612792968750000,  69,  2.24904E+06
best-175000-1,17765.664550781250000000, 15756.858154296875000000,  , 323.457702636718750000,  69,  2.24865E+06
best-175000-1,-244502.478515625000000000, -246512.478942871093750000,  , 323.574096679687500000,  61,  2.24847E+06
best-175000-1,17891.619140625000000000, 15880.341674804687500000,  , 323.515380859375000000,  69,  2.24864E+06
best-175000-1,17629.622802734375000000, 15616.649108886718750000,  , 323.580993652343750000,  61,  2.24895E+06
best-175000-1,17802.183105468750000000, 15791.728210449218750000,  , 323.532104492187500000,  61,  2.24861E+06
best-175000-1,17626.016662597656250000, 15613.772338867187500000,  , 323.501342773437500000,  61,  2.24861E+06
best-175000-1,17869.549194335937500000, 15859.628479003906250000,  , 323.559448242187500000,  70,  2.24903E+06
best-175000-1,17779.804321289062500000, 15770.533325195312500000,  , 323.523681640625000000,  69,  2.24865E+06
best-175000-1,17899.325683593750000000, 15885.624328613281250000,  , 323.547607421875000000,  70,  2.24886E+06
best-175000-1,17614.217346191406250000, 15602.224975585937500000,  , 323.464233398437500000,  61,  2.24837E+06
best-175000-1,17844.578979492187500000, 15835.679321289062500000,  , 323.511962890625000000,  69,  2.24866E+06
best-175000-1,17788.590454101562500000, 15778.930969238281250000,  , 323.574584960937500000,  61,  2.24883E+06
best-175000-1,17858.039733886718750000, 15849.532043457031250000,  , 323.667358398437500000,  69,  2.24909E+06
best-175000-1,17798.061279296875000000, 15789.510681152343750000,  , 323.507995605468750000,  69,  2.24867E+06
best-200000-1,23091.540771484375000000, 20463.137817382812500000,  , 422.884399414062500000,  60,  2.93857E+06
best-200000-1,-238753.633666992187500000, 20763.435485839843750000,  , 422.813476562500000000,  69,  2.93888E+06
best-200000-1,23132.635620117187500000, 20504.976501464843750000,  , 422.821899414062500000,  69,  2.93875E+06
best-200000-1,23500.815612792968750000, -241274.674560546875000000,  , 422.868713378906250000,  69,  2.93898E+06
best-200000-1,23366.692565917968750000, 20739.832519531250000000,  , 423.061706542968750000,  69,  2.93909E+06
best-200000-1,23589.020263671875000000, 20959.933959960937500000,  , 423.021118164062500000,  69,  2.93919E+06
best-200000-1,23248.635925292968750000, 20617.004699707031250000,  , 422.878417968750000000,  61,  2.9389E+06
best-200000-1,23151.976135253906250000, 20521.576477050781250000,  , 422.788452148437500000,  60,  2.9388E+06
best-200000-1,23451.857604980468750000, 20821.084655761718750000,  , 422.846435546875000000,  69,  2.93918E+06
best-200000-1,23078.263977050781250000, 20450.611206054687500000,  , 422.772705078125000000,  60,  2.93853E+06
best-200000-1,23280.022338867187500000, 20652.502197265625000000,  , 422.841552734375000000,  68,  2.93904E+06
best-200000-1,23407.114318847656250000, 20778.177307128906250000,  , 422.867187500000000000,  68,  2.93909E+06
best-200000-1,-238844.328918457031250000, 20669.949890136718750000,  , 422.838806152343750000,  69,  2.939E+06
best-200000-1,23159.238281250000000000, 20527.342102050781250000,  , 428.252197265625000000,  60,  2.93947E+06
best-200000-1,23365.186645507812500000, 20736.274414062500000000,  , 422.923278808593750000,  69,  2.93918E+06
best-200000-1,23269.528625488281250000, 20636.467224121093750000,  , 422.938659667968750000,  61,  2.93916E+06
best-200000-1,23101.833557128906250000, -241669.543884277343750000,  , 422.795288085937500000,  61,  2.93836E+06
best-200000-1,23273.248474121093750000, 20646.444641113281250000,  , 422.802734375000000000,  69,  2.93882E+06
best-200000-1,23119.065368652343750000, 20489.539123535156250000,  , 422.808837890625000000,  60,  2.93866E+06
best-200000-1,23059.895996093750000000, 20432.296447753906250000,  , 422.810668945312500000,  60,  2.93839E+06
best-200000-1,23410.406372070312500000, 20777.056213378906250000,  , 428.465087890625000000,  61,  2.93982E+06
best-200000-1,23314.560363769531250000, 20684.858398437500000000,  , 422.842407226562500000,  61,  2.93908E+06
best-200000-1,23314.051696777343750000, 20687.890930175781250000,  , 422.987182617187500000,  69,  2.93925E+06
best-200000-1,23402.722106933593750000, 20771.925109863281250000,  , 422.903686523437500000,  69,  2.93916E+06
best-200000-1,-238705.497863769531250000, 20809.736816406250000000,  , 422.867065429687500000,  69,  2.93908E+06
best-200000-1,23359.180297851562500000, 20731.454589843750000000,  , 422.826660156250000000,  69,  2.93896E+06
best-200000-1,23077.681701660156250000, 20448.834777832031250000,  , 422.786743164062500000,  60,  2.93847E+06
best-200000-1,16863.799560546875000000, 14832.309692382812500000,  , 328.053222656250000000,  65,  2.27916E+06
best-200000-1,23225.224609375000000000, 20597.478942871093750000,  , 422.854125976562500000,  60,  2.93861E+06
best-200000-1,23347.351928710937500000, -241423.044067382812500000,  , 423.005920410156250000,  68,  2.93947E+06
worst-25000-1,665.425415039062500000, 581.012023925781250000,  , 13.714904785156250000,  57,  94441.6
worst-25000-1,663.660583496093750000, 579.534545898437500000,  , 13.701904296875000000,  57,  94366.3
worst-25000-1,659.393920898437500000, 575.379333496093750000,  , 13.690002441406250000,  57,  94343.1
worst-25000-1,668.934387207031250000, 584.496459960937500000,  , 13.773620605468750000,  63,  94417.7
worst-25000-1,667.373779296875000000, 583.174133300781250000,  , 13.723388671875000000,  62,  94372.8
worst-25000-1,669.495422363281250000, 585.316040039062500000,  , 13.705261230468750000,  63,  94381.9
worst-25000-1,667.779357910156250000, 583.567626953125000000,  , 13.700500488281250000,  62,  94386.4
worst-25000-1,658.276794433593750000, 574.139770507812500000,  , 13.690856933593750000,  57,  94321.9
worst-25000-1,667.513916015625000000, 583.276916503906250000,  , 13.702270507812500000,  62,  94389.4
worst-25000-1,667.735900878906250000, 583.536132812500000000,  , 13.732116699218750000,  63,  94377
worst-25000-1,660.384155273437500000, 576.167480468750000000,  , 13.709533691406250000,  56,  94398.9
worst-25000-1,664.392272949218750000, 580.319213867187500000,  , 13.726928710937500000,  57,  94415.3
worst-25000-1,667.745361328125000000, 583.549194335937500000,  , 13.709472656250000000,  62,  94386.3
worst-25000-1,667.885192871093750000, 583.769836425781250000,  , 13.706726074218750000,  62,  94366.9
worst-25000-1,667.858947753906250000, 583.767883300781250000,  , 13.698181152343750000,  62,  94342
worst-25000-1,666.532104492187500000, 582.452392578125000000,  , 13.739013671875000000,  62,  94410.8
worst-25000-1,667.477416992187500000, 583.377563476562500000,  , 13.728332519531250000,  62,  94411.5
worst-25000-1,659.951782226562500000, 575.826354980468750000,  , 13.675415039062500000,  56,  94415.1
worst-25000-1,660.098510742187500000, 576.078186035156250000,  , 13.692443847656250000,  56,  94353.6
worst-25000-1,668.004821777343750000, 583.981079101562500000,  , 13.704711914062500000,  62,  94366.7
worst-25000-1,665.200805664062500000, 581.138366699218750000,  , 13.728637695312500000,  62,  94410.9
worst-25000-1,664.975402832031250000, 580.988037109375000000,  , 13.712829589843750000,  62,  94403.7
worst-25000-1,666.181640625000000000, 582.302490234375000000,  , 13.691833496093750000,  62,  94342.6
worst-25000-1,666.614318847656250000, 582.620483398437500000,  , 13.702026367187500000,  62,  94377
worst-25000-1,666.613647460937500000, 582.598632812500000000,  , 13.679687500000000000,  62,  94439
worst-25000-1,661.304565429687500000, 577.488647460937500000,  , 13.713256835937500000,  56,  94396.1
worst-25000-1,658.519287109375000000, 574.627685546875000000,  , 13.708007812500000000,  56,  94395.6
worst-25000-1,662.371398925781250000, 578.483825683593750000,  , 13.725341796875000000,  56,  94400.2
worst-25000-1,660.845031738281250000, 576.747863769531250000,  , 13.735961914062500000,  56,  94499.7
worst-25000-1,667.614013671875000000, 583.475463867187500000,  , 13.724182128906250000,  62,  94361.5
worst-50000-1,2679.142700195312500000, 2343.859741210937500000,  , 54.326354980468750000,  63,  376803
worst-50000-1,2683.063781738281250000, 2348.014160156250000000,  , 54.370178222656250000,  57,  377064
worst-50000-1,2658.389404296875000000, 2323.658020019531250000,  , 54.325988769531250000,  57,  376698
worst-50000-1,2686.794494628906250000, 2351.560852050781250000,  , 54.325988769531250000,  62,  376685
worst-50000-1,2660.710510253906250000, 2325.895446777343750000,  , 54.325561523437500000,  57,  376739
worst-50000-1,2675.401672363281250000, 2339.984558105468750000,  , 54.325988769531250000,  63,  376760
worst-50000-1,2662.913208007812500000, 2328.453735351562500000,  , 54.288940429687500000,  57,  376626
worst-50000-1,2662.685241699218750000, 2327.906982421875000000,  , 54.329711914062500000,  57,  376740
worst-50000-1,2658.802490234375000000, 2323.414367675781250000,  , 54.547363281250000000,  57,  376770
worst-50000-1,2685.729919433593750000, 2350.121582031250000000,  , 54.348754882812500000,  62,  376808
worst-50000-1,2653.908752441406250000, 2319.322204589843750000,  , 54.323974609375000000,  57,  376656
worst-50000-1,2675.771057128906250000, 2340.887817382812500000,  , 54.334655761718750000,  57,  376768
worst-50000-1,2687.761169433593750000, 2351.813110351562500000,  , 54.393310546875000000,  63,  377201
worst-50000-1,2649.345886230468750000, 2314.611633300781250000,  , 54.318420410156250000,  57,  376671
worst-50000-1,2665.266357421875000000, 2330.157104492187500000,  , 54.312866210937500000,  57,  376629
worst-50000-1,2687.889770507812500000, 2352.348937988281250000,  , 54.304626464843750000,  62,  376581
worst-50000-1,2653.833496093750000000, 2318.105407714843750000,  , 54.348754882812500000,  57,  376829
worst-50000-1,2690.193054199218750000, 2354.171752929687500000,  , 54.385009765625000000,  63,  377171
worst-50000-1,2656.337341308593750000, 2322.041564941406250000,  , 54.316894531250000000,  57,  376652
worst-50000-1,2677.233093261718750000, 2342.439086914062500000,  , 54.328796386718750000,  62,  376739
worst-50000-1,2701.789367675781250000, 2365.419921875000000000,  , 54.533630371093750000,  63,  378192
worst-50000-1,2677.444213867187500000, 2342.195068359375000000,  , 54.342346191406250000,  62,  376749
worst-50000-1,2685.284362792968750000, 2350.270629882812500000,  , 54.313293457031250000,  62,  376704
worst-50000-1,2656.925476074218750000, 2322.289611816406250000,  , 54.332824707031250000,  57,  376706
worst-50000-1,2655.857055664062500000, 2320.981567382812500000,  , 54.345703125000000000,  57,  376764
worst-50000-1,2670.449340820312500000, 2335.491088867187500000,  , 54.325500488281250000,  57,  376703
worst-50000-1,2696.399536132812500000, 2359.304748535156250000,  , 54.508422851562500000,  62,  378198
worst-50000-1,2655.784851074218750000, 2321.042053222656250000,  , 54.336303710937500000,  57,  376736
worst-50000-1,2655.094848632812500000, 2320.297241210937500000,  , 54.347045898437500000,  57,  376761
worst-50000-1,2670.255126953125000000, 2334.140319824218750000,  , 54.485351562500000000,  57,  378113
worst-75000-1,6093.076049804687500000, 5334.811218261718750000,  , 122.637695312500000000,  57,  851653
worst-75000-1,6094.114379882812500000, 5335.046508789062500000,  , 122.640319824218750000,  57,  851661
worst-75000-1,6157.825927734375000000, 5398.520141601562500000,  , 122.625854492187500000,  63,  851588
worst-75000-1,6098.947937011718750000, 5341.539794921875000000,  , 122.592102050781250000,  57,  851375
worst-75000-1,6144.036254882812500000, 5384.972534179687500000,  , 122.608215332031250000,  63,  851440
worst-75000-1,-256039.496582031250000000, 5346.691101074218750000,  , 122.596252441406250000,  57,  851306
worst-75000-1,6158.012878417968750000, 5398.742431640625000000,  , 122.601379394531250000,  63,  851460
worst-75000-1,6048.527526855468750000, 5293.367004394531250000,  , 122.364196777343750000,  57,  849676
worst-75000-1,6101.166809082031250000, 5341.931579589843750000,  , 122.616699218750000000,  57,  851553
worst-75000-1,6100.981933593750000000, 5342.341430664062500000,  , 122.607971191406250000,  57,  851407
worst-75000-1,6139.990722656250000000, 5380.479003906250000000,  , 122.591613769531250000,  63,  851422
worst-75000-1,6096.968322753906250000, 5340.221557617187500000,  , 122.402526855468750000,  63,  849572
worst-75000-1,6108.639770507812500000, 5352.596801757812500000,  , 122.313232421875000000,  57,  849502
worst-75000-1,6140.262390136718750000, 5381.672790527343750000,  , 122.593078613281250000,  57,  851341
worst-75000-1,6082.679077148437500000, 5325.677307128906250000,  , 122.564025878906250000,  57,  851251
worst-75000-1,6114.602233886718750000, 5356.686828613281250000,  , 122.595458984375000000,  57,  851411
worst-75000-1,6151.519897460937500000, 5392.098449707031250000,  , 122.623229980468750000,  63,  851576
worst-75000-1,6121.173034667968750000, 5363.612121582031250000,  , 122.537353515625000000,  63,  850913
worst-75000-1,6106.324768066406250000, 5350.405334472656250000,  , 122.304443359375000000,  63,  849548
worst-75000-1,6064.968811035156250000, 5310.778015136718750000,  , 122.326843261718750000,  57,  849467
worst-75000-1,6133.899047851562500000, 5375.479980468750000000,  , 122.609619140625000000,  63,  851462
worst-75000-1,6138.403503417968750000, 5379.213012695312500000,  , 122.635314941406250000,  63,  851657
worst-75000-1,6088.749328613281250000, 5331.467895507812500000,  , 122.721984863281250000,  57,  851563
worst-75000-1,6158.440551757812500000, 5399.994750976562500000,  , 122.587158203125000000,  63,  851407
worst-75000-1,6154.245910644531250000, 5396.228454589843750000,  , 122.552490234375000000,  63,  851313
worst-75000-1,6080.329895019531250000, 5323.420898437500000000,  , 122.535400390625000000,  57,  850909
worst-75000-1,6159.338684082031250000, 5398.101745605468750000,  , 128.238647460937500000,  57,  852492
worst-75000-1,6095.229797363281250000, 5337.704711914062500000,  , 122.608032226562500000,  58,  851432
worst-75000-1,6107.091125488281250000, 5347.266418457031250000,  , 122.604919433593750000,  57,  851425
worst-75000-1,6098.997192382812500000, -256803.083435058593750000,  , 122.623901367187500000,  57,  851558
worst-100000-1,10944.513061523437500000, 9589.331176757812500000,  , 218.642517089843750000,  57,  1.51922E+06
worst-100000-1,10952.740295410156250000, 9597.203002929687500000,  , 218.478271484375000000,  58,  1.51813E+06
worst-100000-1,10948.779357910156250000, 9593.127136230468750000,  , 218.452758789062500000,  58,  1.51789E+06
worst-100000-1,10972.053588867187500000, 9616.888305664062500000,  , 218.485107421875000000,  58,  1.51784E+06
worst-100000-1,10953.567626953125000000, 9599.425048828125000000,  , 218.329040527343750000,  57,  1.51651E+06
worst-100000-1,10939.302429199218750000, 9585.681762695312500000,  , 218.257751464843750000,  57,  1.51623E+06
worst-100000-1,10968.323791503906250000, 9612.947692871093750000,  , 218.469848632812500000,  58,  1.51798E+06
worst-100000-1,11070.823181152343750000, 9718.121337890625000000,  , 218.468627929687500000,  64,  1.51792E+06
worst-100000-1,11046.059631347656250000, 9696.975769042968750000,  , 218.476013183593750000,  64,  1.51802E+06
worst-100000-1,10878.396423339843750000, 9533.281188964843750000,  , 218.228698730468750000,  57,  1.51625E+06
worst-100000-1,-251126.914184570312500000, 9666.326965332031250000,  , 218.484558105468750000,  64,  1.51819E+06
worst-100000-1,10948.946533203125000000, 9601.613891601562500000,  , 218.417907714843750000,  57,  1.51772E+06
worst-100000-1,10951.387878417968750000, 9604.405761718750000000,  , 218.508239746093750000,  57,  1.5183E+06
worst-100000-1,11058.578857421875000000, 9706.823364257812500000,  , 218.474670410156250000,  64,  1.51805E+06
worst-100000-1,10919.350219726562500000, 9569.430297851562500000,  , 218.265686035156250000,  57,  1.51654E+06
worst-100000-1,11080.458435058593750000, 9725.165710449218750000,  , 224.044189453125000000,  57,  1.51771E+06
worst-100000-1,11030.413269042968750000, 9679.425109863281250000,  , 218.461486816406250000,  63,  1.51793E+06
worst-100000-1,11037.587402343750000000, 9688.521240234375000000,  , 218.418457031250000000,  64,  1.51788E+06
worst-100000-1,11048.532470703125000000, 9699.782592773437500000,  , 218.499389648437500000,  63,  1.51822E+06
worst-100000-1,11053.290649414062500000, 9702.263061523437500000,  , 218.538024902343750000,  63,  1.51805E+06
worst-100000-1,11063.506835937500000000, 9713.020935058593750000,  , 218.391357421875000000,  64,  1.51768E+06
worst-100000-1,11046.332702636718750000, 9693.783752441406250000,  , 218.501159667968750000,  64,  1.51824E+06
worst-100000-1,11009.824401855468750000, 9659.254516601562500000,  , 218.463378906250000000,  64,  1.51795E+06
worst-100000-1,10935.274169921875000000, 9585.738220214843750000,  , 218.463317871093750000,  58,  1.5179E+06
worst-100000-1,11067.563049316406250000, 9714.093322753906250000,  , 218.478881835937500000,  63,  1.51804E+06
worst-100000-1,10983.577392578125000000, 9630.983520507812500000,  , 218.476135253906250000,  64,  1.5181E+06
worst-100000-1,11077.514526367187500000, -252419.370178222656250000,  , 218.463684082031250000,  63,  1.51791E+06
worst-100000-1,11085.725830078125000000, 9731.647949218750000000,  , 218.450866699218750000,  64,  1.5181E+06
worst-100000-1,11005.040954589843750000, 9653.410827636718750000,  , 218.464294433593750000,  57,  1.51803E+06
worst-100000-1,11017.507446289062500000, 9663.246459960937500000,  , 218.727050781250000000,  58,  1.51837E+06
worst-125000-1,17312.154418945312500000, 15192.079223632812500000,  , 342.206542968750000000,  64,  2.37859E+06
worst-125000-1,17431.615844726562500000, 15315.861083984375000000,  , 342.357849121093750000,  64,  2.37891E+06
worst-125000-1,-244919.835998535156250000, 15114.110229492187500000,  , 342.207458496093750000,  57,  2.37836E+06
worst-125000-1,17419.040161132812500000, 15301.030883789062500000,  , 342.284667968750000000,  63,  2.37838E+06
worst-125000-1,17265.118896484375000000, 15150.583740234375000000,  , 342.287658691406250000,  58,  2.37877E+06
worst-125000-1,17255.586364746093750000, 15133.976135253906250000,  , 342.103332519531250000,  58,  2.3775E+06
worst-125000-1,17508.290588378906250000, 15388.879882812500000000,  , 342.360107421875000000,  64,  2.37925E+06
worst-125000-1,17522.576354980468750000, 15400.884948730468750000,  , 342.713500976562500000,  57,  2.38164E+06
worst-125000-1,17415.205627441406250000, 15297.588684082031250000,  , 342.311096191406250000,  63,  2.37904E+06
worst-125000-1,17394.599487304687500000, 15272.674926757812500000,  , 342.692077636718750000,  63,  2.38165E+06
worst-125000-1,17231.380065917968750000, 15117.779357910156250000,  , 342.278137207031250000,  57,  2.37873E+06
worst-125000-1,17421.363342285156250000, 15303.941223144531250000,  , 342.279052734375000000,  63,  2.37846E+06
worst-125000-1,17418.838134765625000000, 15306.600280761718750000,  , 342.302490234375000000,  64,  2.37891E+06
worst-125000-1,17329.629272460937500000, 15215.886413574218750000,  , 342.385803222656250000,  57,  2.37906E+06
worst-125000-1,17455.080627441406250000, 15335.573608398437500000,  , 342.716369628906250000,  63,  2.38174E+06
worst-125000-1,17264.320434570312500000, -246994.150817871093750000,  , 342.297729492187500000,  57,  2.37885E+06
worst-125000-1,17316.014892578125000000, 15196.078125000000000000,  , 347.881347656250000000,  57,  2.37961E+06
worst-125000-1,-244722.942871093750000000, 15310.716979980468750000,  , 342.276123046875000000,  64,  2.37806E+06
worst-125000-1,17317.622070312500000000, 15204.644531250000000000,  , 342.677795410156250000,  57,  2.38127E+06
worst-125000-1,17405.159301757812500000, 15291.512023925781250000,  , 342.260009765625000000,  57,  2.37865E+06
worst-125000-1,17494.115417480468750000, 15378.253662109375000000,  , 342.395385742187500000,  64,  2.37925E+06
worst-125000-1,17372.154357910156250000, 15259.481262207031250000,  , 342.276611328125000000,  57,  2.37899E+06
worst-125000-1,17416.651489257812500000, 15300.988098144531250000,  , 342.596252441406250000,  63,  2.38134E+06
worst-125000-1,17365.943298339843750000, 15253.065551757812500000,  , 342.363098144531250000,  57,  2.37888E+06
worst-125000-1,17410.164733886718750000, 15297.277404785156250000,  , 342.219909667968750000,  63,  2.37859E+06
worst-125000-1,17414.560241699218750000, 15301.266418457031250000,  , 342.296020507812500000,  63,  2.37887E+06
worst-125000-1,17350.507385253906250000, 15235.551635742187500000,  , 342.282226562500000000,  57,  2.37872E+06
worst-125000-1,17302.744140625000000000, 15183.278076171875000000,  , 342.243835449218750000,  58,  2.37882E+06
worst-125000-1,17330.212463378906250000, 15206.591552734375000000,  , 342.291442871093750000,  58,  2.37883E+06
worst-125000-1,17357.928527832031250000, 15233.816284179687500000,  , 348.383422851562500000,  64,  2.38212E+06
worst-150000-1,25240.335998535156250000, 22180.239868164062500000,  , 494.023498535156250000,  64,  3.43354E+06
worst-150000-1,-237048.768737792968750000, -240108.848083496093750000,  , 493.990722656250000000,  64,  3.43357E+06
worst-150000-1,25209.306030273437500000, 22148.949462890625000000,  , 494.230285644531250000,  63,  3.43451E+06
worst-150000-1,25248.349243164062500000, 22196.684875488281250000,  , 494.118957519531250000,  63,  3.43456E+06
worst-150000-1,25163.867370605468750000, 22105.940734863281250000,  , 493.941284179687500000,  57,  3.43343E+06
worst-150000-1,25184.491088867187500000, 22126.784362792968750000,  , 494.110473632812500000,  57,  3.43425E+06
worst-150000-1,25199.067321777343750000, 22141.917053222656250000,  , 494.159729003906250000,  64,  3.43393E+06
worst-150000-1,24970.380310058593750000, 21923.233520507812500000,  , 494.029541015625000000,  57,  3.4339E+06
worst-150000-1,25037.644226074218750000, 21988.017272949218750000,  , 494.059692382812500000,  64,  3.43368E+06
worst-150000-1,25197.805908203125000000, 22141.809692382812500000,  , 494.082214355468750000,  63,  3.43361E+06
worst-150000-1,25056.269165039062500000, 22004.191711425781250000,  , 494.196838378906250000,  57,  3.43409E+06
worst-150000-1,25189.603942871093750000, 22134.300476074218750000,  , 499.811828613281250000,  57,  3.43503E+06
worst-150000-1,-237001.079101562500000000, 22094.302368164062500000,  , 493.963806152343750000,  57,  3.4336E+06
worst-150000-1,25190.036376953125000000, -240009.829345703125000000,  , 493.885986328125000000,  63,  3.43245E+06
worst-150000-1,25173.376098632812500000, 22123.149597167968750000,  , 494.114318847656250000,  63,  3.43416E+06
worst-150000-1,25157.237426757812500000, 22099.803649902343750000,  , 500.376281738281250000,  64,  3.43953E+06
worst-150000-1,25100.780029296875000000, 22033.016601562500000000,  , 494.449096679687500000,  58,  3.43686E+06
worst-150000-1,25116.973510742187500000, 22053.174011230468750000,  , 494.068298339843750000,  57,  3.43386E+06
worst-150000-1,25376.314514160156250000, 22313.902954101562500000,  , 494.179931640625000000,  64,  3.43428E+06
worst-150000-1,25045.326843261718750000, 21983.312072753906250000,  , -261649.322021484375000000,  57,  3.43775E+06
worst-150000-1,25198.597473144531250000, 22142.046203613281250000,  , 494.052917480468750000,  57,  3.43379E+06
worst-150000-1,25041.083312988281250000, 21985.805236816406250000,  , 494.174194335937500000,  57,  3.43392E+06
worst-150000-1,-236867.017944335937500000, 22212.243347167968750000,  , 494.768920898437500000,  64,  3.43827E+06
worst-150000-1,25082.850280761718750000, 22022.868896484375000000,  , 493.988952636718750000,  64,  3.43342E+06
worst-150000-1,25288.099121093750000000, 22227.129760742187500000,  , 494.256713867187500000,  64,  3.43365E+06
worst-150000-1,25341.458496093750000000, -239861.400512695312500000,  , 494.013305664062500000,  64,  3.43384E+06
worst-150000-1,25243.708129882812500000, 22182.482666015625000000,  , 494.168518066406250000,  63,  3.43458E+06
worst-150000-1,25172.258056640625000000, 22112.221740722656250000,  , 494.031616210937500000,  64,  3.43413E+06
worst-150000-1,25185.597961425781250000, 22121.246459960937500000,  , 494.203796386718750000,  63,  3.43428E+06
worst-150000-1,25207.292419433593750000, 22152.709106445312500000,  , 494.371765136718750000,  64,  3.43451E+06
worst-175000-1,34178.177246093750000000, 30017.585571289062500000,  , 673.367065429687500000,  64,  4.68043E+06
worst-175000-1,34283.814880371093750000, 30122.677124023437500000,  , 673.406738281250000000,  57,  4.68056E+06
worst-175000-1,-227735.696594238281250000, 30242.625000000000000000,  , 673.564331054687500000,  64,  4.68133E+06
worst-175000-1,34607.302795410156250000, 30435.002197265625000000,  , 673.625549316406250000,  57,  4.68182E+06
worst-175000-1,34380.434936523437500000, 30212.649658203125000000,  , 673.606994628906250000,  64,  4.68058E+06
worst-175000-1,34294.769409179687500000, -232015.685668945312500000,  , 673.449035644531250000,  64,  4.68101E+06
worst-175000-1,34322.335327148437500000, 30155.792053222656250000,  , 673.479003906250000000,  57,  4.68095E+06
worst-175000-1,34345.770202636718750000, 30171.629760742187500000,  , 673.460510253906250000,  64,  4.68083E+06
worst-175000-1,34577.569824218750000000, 30391.825744628906250000,  , 679.179809570312500000,  64,  4.68255E+06
worst-175000-1,-227742.407531738281250000, 30221.958618164062500000,  , 673.547607421875000000,  57,  4.68084E+06
worst-175000-1,34199.749694824218750000, 30029.769775390625000000,  , 673.539123535156250000,  57,  4.681E+06
worst-175000-1,34403.397583007812500000, 30228.728942871093750000,  , 679.255249023437500000,  57,  4.68203E+06
worst-175000-1,34462.192016601562500000, 30277.968872070312500000,  , 674.650390625000000000,  64,  4.68844E+06
worst-175000-1,34296.371704101562500000, -232018.883666992187500000,  , 673.495727539062500000,  57,  4.68092E+06
worst-175000-1,34201.027648925781250000, 30033.139099121093750000,  , 673.544921875000000000,  57,  4.68077E+06
worst-175000-1,34527.168273925781250000, 30355.623657226562500000,  , 673.479797363281250000,  64,  4.68088E+06
worst-175000-1,34481.856506347656250000, 30310.031738281250000000,  , 673.382446289062500000,  64,  4.68056E+06
worst-175000-1,-227686.541625976562500000, 30283.382446289062500000,  , 674.481994628906250000,  57,  4.68773E+06
worst-175000-1,34573.010925292968750000, 30397.622314453125000000,  , 674.426086425781250000,  64,  4.68751E+06
worst-175000-1,34470.234741210937500000, 30302.556701660156250000,  , 673.567993164062500000,  64,  4.68147E+06
worst-175000-1,34547.409240722656250000, 30378.153015136718750000,  , 673.518127441406250000,  64,  4.68093E+06
worst-175000-1,34509.549377441406250000, 30332.481384277343750000,  , 673.499572753906250000,  64,  4.68121E+06
worst-175000-1,34356.431091308593750000, -231960.899475097656250000,  , 673.608215332031250000,  64,  4.68183E+06
worst-175000-1,34402.671386718750000000, 30225.655639648437500000,  , 679.341064453125000000,  57,  4.68232E+06
worst-175000-1,34235.312133789062500000, 30058.338073730468750000,  , 673.479125976562500000,  58,  4.68051E+06
worst-175000-1,-227804.888427734375000000, 30161.357360839843750000,  , 673.465698242187500000,  58,  4.68087E+06
worst-175000-1,34565.291259765625000000, 30385.811462402343750000,  , 679.179443359375000000,  64,  4.68236E+06
worst-175000-1,34583.198974609375000000, 30410.547668457031250000,  , 673.574584960937500000,  64,  4.68161E+06
worst-175000-1,34486.990600585937500000, 30312.843383789062500000,  , 673.670349121093750000,  64,  4.68145E+06
worst-175000-1,34464.006286621093750000, 30290.090393066406250000,  , 673.580322265625000000,  57,  4.68132E+06
worst-200000-1,45210.276123046875000000, -222387.631164550781250000,  , 880.850708007812500000,  57,  6.12084E+06
worst-200000-1,45189.926818847656250000, 39742.897705078125000000,  , 880.517150878906250000,  64,  6.1204E+06
worst-200000-1,-216921.855041503906250000, 39765.964843750000000000,  , 880.954101562500000000,  64,  6.12143E+06
worst-200000-1,45188.237487792968750000, 39736.131286621093750000,  , 880.542907714843750000,  57,  6.11982E+06
worst-200000-1,44867.922546386718750000, 39417.643859863281250000,  , 880.530578613281250000,  57,  6.11888E+06
worst-200000-1,45117.443725585937500000, 39666.873229980468750000,  , 880.465881347656250000,  57,  6.11966E+06
worst-200000-1,44931.541687011718750000, 39486.103820800781250000,  , 880.492065429687500000,  64,  6.11993E+06
worst-200000-1,-217372.332397460937500000, -222817.224060058593750000,  , 880.601196289062500000,  57,  6.1198E+06
worst-200000-1,45151.800781250000000000, 39691.491271972656250000,  , 880.564758300781250000,  57,  6.12054E+06
worst-200000-1,44785.961364746093750000, 39326.609558105468750000,  , 880.353393554687500000,  64,  6.11905E+06
worst-200000-1,45078.352111816406250000, 39625.923217773437500000,  , 880.529541015625000000,  57,  6.11997E+06
worst-200000-1,45307.898132324218750000, 39848.867309570312500000,  , 886.487609863281250000,  64,  6.1214E+06
worst-200000-1,45179.960388183593750000, 39726.823791503906250000,  , 880.645935058593750000,  64,  6.12074E+06
worst-200000-1,-217332.405639648437500000, 39360.572875976562500000,  , 880.829711914062500000,  57,  6.121E+06
worst-200000-1,45148.620605468750000000, -222442.630004882812500000,  , 880.518676757812500000,  57,  6.12E+06
worst-200000-1,45449.052795410156250000, 39995.544067382812500000,  , 887.032653808593750000,  57,  6.1237E+06
worst-200000-1,44850.895996093750000000, 39411.007812500000000000,  , 880.284362792968750000,  64,  6.1185E+06
worst-200000-1,44897.675903320312500000, 39457.805053710937500000,  , 880.507507324218750000,  57,  6.12002E+06
worst-200000-1,45154.692077636718750000, 39706.467773437500000000,  , 880.443542480468750000,  64,  6.11979E+06
worst-200000-1,-216773.928894042968750000, 39920.308593750000000000,  , 880.722229003906250000,  64,  6.12103E+06
worst-200000-1,45157.725708007812500000, -222447.809814453125000000,  , 881.909423828125000000,  64,  6.12947E+06
worst-200000-1,44996.828308105468750000, 39548.036437988281250000,  , 880.552429199218750000,  57,  6.12009E+06
worst-200000-1,45218.196350097656250000, 39765.570739746093750000,  , 880.797119140625000000,  64,  6.12164E+06
worst-200000-1,45113.158386230468750000, 39668.260803222656250000,  , 880.475585937500000000,  64,  6.11961E+06
worst-200000-1,45231.727661132812500000, 39779.067382812500000000,  , 886.364135742187500000,  64,  6.12081E+06
worst-200000-1,-216965.806945800781250000, 39722.881469726562500000,  , 886.182067871093750000,  64,  6.12023E+06
worst-200000-1,44936.531494140625000000, 39485.074584960937500000,  , 880.573303222656250000,  64,  6.11996E+06
worst-200000-1,44844.015136718750000000, -222748.354614257812500000,  , 880.455749511718750000,  57,  6.11924E+06
worst-200000-1,45038.780517578125000000, 39584.476806640625000000,  , 880.420288085937500000,  57,  6.1191E+06
worst-200000-1,44972.297790527343750000, 39519.399353027343750000,  , 880.436401367187500000,  58,  6.11971E+06
random1-25000-1,3084.914550781250000000, 2676.152343750000000000,  , 66.188110351562500000,  55,  459477
random1-25000-1,2952.856750488281250000, 2557.047363281250000000,  , 64.228271484375000000,  55,  445392
random1-25000-1,3014.937866210937500000, 2617.588928222656250000,  , 64.797790527343750000,  60,  449223
random2-25000-1,2826.253051757812500000, 2445.099121093750000000,  , 62.198974609375000000,  59,  431350
random2-25000-1,3083.535461425781250000, 2676.798278808593750000,  , 66.096130371093750000,  55,  458729
random2-25000-1,3078.861816406250000000, 2671.159545898437500000,  , 66.330688476562500000,  55,  458697
random3-25000-1,2719.477844238281250000, 2350.165527343750000000,  , 60.283996582031250000,  60,  418136
random3-25000-1,3115.005981445312500000, 2708.500488281250000000,  , 66.223571777343750000,  60,  459677
random3-25000-1,2910.460571289062500000, 2528.570678710937500000,  , 62.330017089843750000,  60,  432138
random4-25000-1,3094.238586425781250000, 2685.973632812500000000,  , 66.355895996093750000,  55,  460319
random4-25000-1,3036.109497070312500000, 2628.515747070312500000,  , 66.242553710937500000,  54,  459584
random4-25000-1,2813.641662597656250000, 2430.987487792968750000,  , 62.404296875000000000,  59,  432693
random5-25000-1,3079.528137207031250000, 2671.708923339843750000,  , 66.178039550781250000,  55,  459616
random5-25000-1,3085.712890625000000000, 2677.328125000000000000,  , 66.223022460937500000,  55,  459669
random5-25000-1,3004.867309570312500000, 2606.574035644531250000,  , 64.863342285156250000,  60,  449724
random6-25000-1,2905.774414062500000000, 2524.428344726562500000,  , 62.267456054687500000,  60,  431909
random6-25000-1,3120.864746093750000000, 2715.625854492187500000,  , 66.192749023437500000,  60,  459009
random6-25000-1,-259041.258483886718750000, 2697.690246582031250000,  , 66.179748535156250000,  60,  458955
random7-25000-1,3007.437866210937500000, 2608.347839355468750000,  , 64.930786132812500000,  55,  450222
random7-25000-1,3082.381774902343750000, 2673.776489257812500000,  , 66.314147949218750000,  55,  460568
random7-25000-1,3116.043334960937500000, 2709.067321777343750000,  , 66.405883789062500000,  60,  460628
random8-25000-1,3059.335510253906250000, 2654.033935546875000000,  , 65.898254394531250000,  55,  456815
random8-25000-1,2982.361572265625000000, 2584.023010253906250000,  , 64.733276367187500000,  55,  448754
random8-25000-1,3084.370422363281250000, 2677.568054199218750000,  , 66.048034667968750000,  55,  457921
random9-25000-1,2896.712036132812500000, 2516.985656738281250000,  , 61.919311523437500000,  60,  429845
random9-25000-1,3078.432556152343750000, 2675.132934570312500000,  , 65.852233886718750000,  60,  456909
random9-25000-1,2993.575073242187500000, 2599.353942871093750000,  , 64.391174316406250000,  60,  446568
random10-25000-1,2910.035827636718750000, 2531.842529296875000000,  , 61.737792968750000000,  61,  428137
random10-25000-1,3049.802856445312500000, 2645.438171386718750000,  , 66.156250000000000000,  59,  458774
random10-25000-1,3037.991088867187500000, 2632.889282226562500000,  , 66.100585937500000000,  59,  458823
random1-50000-1,11753.420227050781250000, 10167.671386718750000000,  , 258.364929199218750000,  58,  1.79568E+06
random1-50000-1,12017.874755859375000000, 10428.399414062500000000,  , 258.341979980468750000,  55,  1.79559E+06
random1-50000-1,12824.914184570312500000, 11127.465148925781250000,  , 275.736267089843750000,  55,  1.91501E+06
random2-50000-1,11664.762634277343750000, 10075.449218750000000000,  , 257.613403320312500000,  55,  1.79044E+06
random2-50000-1,12812.604187011718750000, 11114.634643554687500000,  , 275.366821289062500000,  55,  1.91303E+06
random2-50000-1,12417.715332031250000000, 10763.729980468750000000,  , 267.926879882812500000,  55,  1.86203E+06
random3-50000-1,11244.622436523437500000, 9701.518920898437500000,  , 250.594909667968750000,  55,  1.74104E+06
random3-50000-1,12884.330261230468750000, -250963.234008789062500000,  , 276.657958984375000000,  55,  1.9224E+06
random3-50000-1,12104.814453125000000000, 10505.476623535156250000,  , 259.401428222656250000,  56,  1.80233E+06
random4-50000-1,12882.673522949218750000, 11177.381958007812500000,  , 276.487426757812500000,  55,  1.9213E+06
random4-50000-1,12161.740112304687500000, 10563.064025878906250000,  , 259.155822753906250000,  61,  1.8005E+06
random4-50000-1,12913.545532226562500000, 11209.125976562500000000,  , 276.460205078125000000,  54,  1.92114E+06
random5-50000-1,11169.015563964843750000, 9637.635559082031250000,  , 249.679077148437500000,  54,  1.73451E+06
random5-50000-1,12386.558227539062500000, 10738.424621582031250000,  , 267.288513183593750000,  55,  1.85686E+06
random5-50000-1,12385.108642578125000000, 10738.898376464843750000,  , 267.128234863281250000,  56,  1.85619E+06
random6-50000-1,12102.004394531250000000, 10501.231262207031250000,  , 259.579223632812500000,  55,  1.80382E+06
random6-50000-1,11874.171386718750000000, 10278.208984375000000000,  , 259.582275390625000000,  60,  1.80376E+06
random6-50000-1,12933.094360351562500000, 11236.107849121093750000,  , 276.853515625000000000,  59,  1.92394E+06
random7-50000-1,-249316.897216796875000000, 11150.451721191406250000,  , 273.557617187500000000,  60,  1.90055E+06
random7-50000-1,11233.140991210937500000, 9712.164978027343750000,  , 247.807434082031250000,  59,  1.72161E+06
random7-50000-1,11161.461425781250000000, 9650.919494628906250000,  , 246.240844726562500000,  54,  1.71123E+06
random8-50000-1,12396.207397460937500000, 10749.223510742187500000,  , 267.524475097656250000,  54,  1.85904E+06
random8-50000-1,11229.916809082031250000, 9694.204589843750000000,  , 249.852172851562500000,  55,  1.73612E+06
random8-50000-1,12977.858642578125000000, 11277.271728515625000000,  , 281.176696777343750000,  55,  1.91597E+06
random9-50000-1,12026.224304199218750000, 10434.861145019531250000,  , 258.306274414062500000,  60,  1.79471E+06
random9-50000-1,12793.733581542968750000, 11093.562683105468750000,  , 275.651550292968750000,  55,  1.9152E+06
random9-50000-1,12812.811767578125000000, 11111.691406250000000000,  , 275.681884765625000000,  55,  1.91547E+06
random10-50000-1,12358.360595703125000000, 10700.842285156250000000,  , 268.873718261718750000,  54,  1.86806E+06
random10-50000-1,12966.103759765625000000, 11266.454528808593750000,  , 276.032043457031250000,  55,  1.91808E+06
random10-50000-1,13071.537719726562500000, 11368.391906738281250000,  , 281.830932617187500000,  55,  1.91937E+06
random1-75000-1,27466.399597167968750000, -238266.122680664062500000,  , 583.232177734375000000,  60,  4.05298E+06
random1-75000-1,25445.966125488281250000, 22005.334655761718750000,  , 559.180969238281250000,  55,  3.88605E+06
random1-75000-1,25590.292968750000000000, 22112.506042480468750000,  , 566.651428222656250000,  59,  3.93848E+06
random2-75000-1,25340.012207031250000000, 21901.530151367187500000,  , 559.567443847656250000,  54,  3.88905E+06
random2-75000-1,-236577.771911621093750000, 22089.519958496093750000,  , 566.797851562500000000,  59,  3.9394E+06
random2-75000-1,25374.472778320312500000, 21943.527038574218750000,  , 560.031005859375000000,  59,  3.8916E+06
random3-75000-1,27503.348144531250000000, 23908.000000000000000000,  , 586.636169433593750000,  60,  4.0772E+06
random3-75000-1,25459.594116210937500000, 22017.921691894531250000,  , 559.262268066406250000,  55,  3.88644E+06
random3-75000-1,25394.302246093750000000, 21960.720397949218750000,  , 560.290649414062500000,  60,  3.89406E+06
random4-75000-1,25174.110473632812500000, 21765.154113769531250000,  , 555.272766113281250000,  60,  3.85927E+06
random4-75000-1,27476.712951660156250000, 23878.639099121093750000,  , 586.943237304687500000,  60,  4.07908E+06
random4-75000-1,25326.413085937500000000, 21911.793395996093750000,  , 555.315856933593750000,  54,  3.8591E+06
random5-75000-1,29208.372802734375000000, -236773.251525878906250000,  , 625.025695800781250000,  54,  4.34372E+06
random5-75000-1,25361.812622070312500000, 21928.140319824218750000,  , 559.645446777343750000,  59,  3.88859E+06
random5-75000-1,-236735.826843261718750000, 21965.847961425781250000,  , 560.886779785156250000,  59,  3.89824E+06
random6-75000-1,27395.432189941406250000, 23794.238769531250000000,  , 586.601562500000000000,  54,  4.07715E+06
random6-75000-1,25261.753417968750000000, 21842.527526855468750000,  , 556.404602050781250000,  55,  3.86706E+06
random6-75000-1,27685.165100097656250000, 24083.477233886718750000,  , 592.380126953125000000,  60,  4.0777E+06
random7-75000-1,27414.807434082031250000, 23826.352783203125000000,  , 585.192321777343750000,  60,  4.06734E+06
random7-75000-1,25173.191833496093750000, 21772.068481445312500000,  , 558.733276367187500000,  55,  3.84426E+06
random7-75000-1,25169.983032226562500000, 21735.487487792968750000,  , 559.652526855468750000,  54,  3.88965E+06
random8-75000-1,25179.540344238281250000, 21757.946411132812500000,  , 556.738708496093750000,  54,  3.86906E+06
random8-75000-1,27588.724792480468750000, 23971.914428710937500000,  , 588.423095703125000000,  60,  4.08977E+06
random8-75000-1,25722.830322265625000000, 22271.241516113281250000,  , 563.601318359375000000,  60,  3.91556E+06
random9-75000-1,-234727.039794921875000000, -238329.981933593750000000,  , 586.262268066406250000,  60,  4.07513E+06
random9-75000-1,25215.045837402343750000, 21780.798400878906250000,  , 559.959228515625000000,  54,  3.89109E+06
random9-75000-1,27585.059265136718750000, 23998.844116210937500000,  , 583.978088378906250000,  61,  4.05872E+06
random10-75000-1,25613.561767578125000000, 22196.467773437500000000,  , 557.601989746093750000,  60,  3.87525E+06
random10-75000-1,25188.534179687500000000, 21766.076599121093750000,  , 555.316955566406250000,  55,  3.85935E+06
random10-75000-1,25399.468994140625000000, 21953.662170410156250000,  , 560.734985351562500000,  59,  3.89737E+06
random1-100000-1,48964.890502929687500000, 42541.697082519531250000,  , 1046.782714843750000000,  60,  7.27536E+06
random1-100000-1,45384.511352539062500000, 39244.429016113281250000,  , 1001.169372558593750000,  58,  6.95806E+06
random1-100000-1,-216585.261413574218750000, 39436.119262695312500000,  , 998.142395019531250000,  55,  6.93747E+06
random2-100000-1,45266.231750488281250000, -223000.552795410156250000,  , 997.290100097656250000,  59,  6.93035E+06
random2-100000-1,45268.858459472656250000, 39153.868835449218750000,  , 1003.134460449218750000,  54,  6.93184E+06
random2-100000-1,48858.024353027343750000, 42432.200561523437500000,  , 1045.090209960937500000,  60,  7.26218E+06
random3-100000-1,45471.903686523437500000, 39320.225463867187500000,  , 1007.900573730468750000,  58,  6.96561E+06
random3-100000-1,45918.723510742187500000, 39711.061828613281250000,  , 1012.566833496093750000,  59,  7.03685E+06
random3-100000-1,-216516.068115234375000000, 39509.980957031250000000,  , 997.564453125000000000,  59,  6.93318E+06
random4-100000-1,45477.874023437500000000, -222801.641479492187500000,  , 997.836242675781250000,  55,  6.93438E+06
random4-100000-1,48712.497436523437500000, 42281.317626953125000000,  , 1043.413269042968750000,  56,  7.25183E+06
random4-100000-1,45264.373779296875000000, 39118.978271484375000000,  , 996.188964843750000000,  55,  6.92419E+06
random5-100000-1,49059.024047851562500000, 42658.056396484375000000,  , 1045.066833496093750000,  59,  7.2639E+06
random5-100000-1,-216667.966613769531250000, 39263.655639648437500000,  , 1010.320983886718750000,  55,  7.02057E+06
random5-100000-1,45143.435852050781250000, 38992.821044921875000000,  , 999.171997070312500000,  55,  6.94495E+06
random6-100000-1,45518.003417968750000000, 39311.325134277343750000,  , 1012.351989746093750000,  58,  7.03656E+06
random6-100000-1,45622.320922851562500000, -222742.495422363281250000,  , 1012.057617187500000000,  59,  7.03454E+06
random6-100000-1,45585.356140136718750000, 39355.163269042968750000,  , 1012.042175292968750000,  59,  7.03412E+06
random7-100000-1,44890.739929199218750000, 38835.171752929687500000,  , 991.344177246093750000,  54,  6.85162E+06
random7-100000-1,-217048.536010742187500000, 38982.795288085937500000,  , 1002.048522949218750000,  54,  6.92527E+06
random7-100000-1,48813.590942382812500000, 42424.934020996093750000,  , 1043.742797851562500000,  59,  7.25418E+06
random8-100000-1,45537.175903320312500000, 39441.748840332031250000,  , 995.205505371093750000,  59,  6.91613E+06
random8-100000-1,45305.184326171875000000, -222965.937866210937500000,  , 997.825927734375000000,  55,  6.9357E+06
random8-100000-1,45546.176086425781250000, 39375.848876953125000000,  , 1000.218139648437500000,  55,  6.95177E+06
random9-100000-1,45611.878051757812500000, 39479.409545898437500000,  , 999.992065429687500000,  59,  6.95101E+06
random9-100000-1,-213005.438659667968750000, 42720.892822265625000000,  , 1048.025268554687500000,  59,  7.28507E+06
random9-100000-1,45301.288940429687500000, 39151.962890625000000000,  , 1000.387756347656250000,  59,  6.95362E+06
random10-100000-1,45590.474121093750000000, 39370.016052246093750000,  , 1012.825683593750000000,  59,  7.03892E+06
random10-100000-1,45368.028198242187500000, 39238.991821289062500000,  , 999.415039062500000000,  60,  6.94656E+06
random10-100000-1,49097.692626953125000000, -219488.180175781250000000,  , 1047.189514160156250000,  55,  7.27858E+06
random1-125000-1,-185448.048278808593750000, 66622.106445312500000000,  , 1646.792358398437500000,  60,  1.13653E+07
random1-125000-1,76704.568298339843750000, 66649.198364257812500000,  , 1635.307922363281250000,  54,  1.13648E+07
random1-125000-1,70869.363037109375000000, 61305.788146972656250000,  , 1560.508117675781250000,  59,  1.08463E+07
random2-125000-1,76502.060363769531250000, -195706.789978027343750000,  , 1633.842285156250000000,  55,  1.13568E+07
random2-125000-1,-185118.164245605468750000, 67008.096740722656250000,  , 1634.151306152343750000,  59,  1.1358E+07
random2-125000-1,71628.305664062500000000, 61950.980407714843750000,  , 1579.310668945312500000,  59,  1.09785E+07
random3-125000-1,70937.135986328125000000, 61314.371215820312500000,  , 1564.618774414062500000,  58,  1.08744E+07
random3-125000-1,-190806.664733886718750000, -200422.423034667968750000,  , 1564.087402343750000000,  55,  1.08716E+07
random3-125000-1,71409.762451171875000000, 61839.194580078125000000,  , 1567.552551269531250000,  59,  1.08555E+07
random4-125000-1,76869.915588378906250000, 66811.955322265625000000,  , 1638.338134765625000000,  55,  1.13441E+07
random4-125000-1,70908.296020507812500000, 61343.493347167968750000,  , 1558.310729980468750000,  59,  1.08302E+07
random4-125000-1,-185473.220275878906250000, -195478.646301269531250000,  , 1632.139587402343750000,  59,  1.1344E+07
random5-125000-1,70990.197998046875000000, 61469.917846679687500000,  , 1552.208618164062500000,  59,  1.0786E+07
random5-125000-1,76344.096618652343750000, 66258.156982421875000000,  , 1637.254699707031250000,  55,  1.13778E+07
random5-125000-1,-184195.648742675781250000, 67693.976196289062500000,  , 1673.267333984375000000,  59,  1.15856E+07
random6-125000-1,76785.263916015625000000, -195461.642822265625000000,  , 1644.799804687500000000,  55,  1.13888E+07
random6-125000-1,70588.104858398437500000, 61082.602111816406250000,  , 1548.737731933593750000,  54,  1.07623E+07
random6-125000-1,77014.739379882812500000, 66965.909729003906250000,  , 1638.771667480468750000,  60,  1.13886E+07
random7-125000-1,-191086.827575683593750000, 61406.556213378906250000,  , 1564.189636230468750000,  55,  1.08699E+07
random7-125000-1,77125.684875488281250000, 67067.949279785156250000,  , 1639.256896972656250000,  59,  1.13917E+07
random7-125000-1,76915.627563476562500000, -195270.262756347656250000,  , 1639.270080566406250000,  59,  1.13915E+07
random8-125000-1,-190791.634033203125000000, 61638.718383789062500000,  , 1584.006408691406250000,  58,  1.10081E+07
random8-125000-1,76881.371276855468750000, 66827.586975097656250000,  , 1644.400390625000000000,  59,  1.13866E+07
random8-125000-1,77322.379272460937500000, 67276.211364746093750000,  , 1644.058654785156250000,  59,  1.13862E+07
random9-125000-1,71024.770812988281250000, -200729.778747558593750000,  , 1560.910278320312500000,  59,  1.08446E+07
random9-125000-1,-191304.049621582031250000, 61235.897888183593750000,  , 1560.942749023437500000,  59,  1.08472E+07
random9-125000-1,76781.201782226562500000, 66729.514038085937500000,  , 1632.035339355468750000,  54,  1.13409E+07
random10-125000-1,71191.343811035156250000, 61632.014526367187500000,  , 1563.013183593750000000,  57,  1.08619E+07
random10-125000-1,-190628.622009277343750000, -200328.735229492187500000,  , 1584.374816894531250000,  58,  1.1009E+07
random10-125000-1,76510.713012695312500000, 66471.112976074218750000,  , 1638.547363281250000000,  54,  1.13865E+07
random1-150000-1,103673.892089843750000000, 89687.778198242187500000,  , 2288.615844726562500000,  53,  1.58645E+07
random1-150000-1,-151206.102111816406250000, -165643.721374511718750000,  , 2350.915771484375000000,  59,  1.63368E+07
random1-150000-1,110480.645141601562500000, 95968.946777343750000000,  , 2368.180297851562500000,  58,  1.64151E+07
random2-150000-1,110247.489746093750000000, 95753.351257324218750000,  , 2358.116333007812500000,  55,  1.6385E+07
random2-150000-1,-159720.814697265625000000, -173441.261474609375000000,  , 2241.224853515625000000,  54,  1.55754E+07
random2-150000-1,102809.553039550781250000, 89072.354858398437500000,  , 2235.889465332031250000,  55,  1.5538E+07
random3-150000-1,-151333.103881835937500000, 96330.960144042968750000,  , 2371.226501464843750000,  54,  1.63952E+07
random3-150000-1,102650.598144531250000000, -173278.280029296875000000,  , 2250.965576171875000000,  58,  1.56416E+07
random3-150000-1,-151304.382690429687500000, 96373.500122070312500000,  , 2358.893615722656250000,  58,  1.63932E+07
random4-150000-1,102807.995056152343750000, 88823.755187988281250000,  , 2282.839477539062500000,  54,  1.58643E+07
random4-150000-1,102409.725158691406250000, -173528.453491210937500000,  , 2260.948120117187500000,  58,  1.56695E+07
random4-150000-1,-159265.025390625000000000, 88883.150817871093750000,  , 2289.674682617187500000,  54,  1.58685E+07
random5-150000-1,102489.672729492187500000, 88719.581604003906250000,  , 2244.485778808593750000,  58,  1.55958E+07
random5-150000-1,101843.435485839843750000, -174085.343933105468750000,  , 2247.401062011718750000,  54,  1.56178E+07
random5-150000-1,-160285.029235839843750000, 88084.036315917968750000,  , 2247.281066894531250000,  54,  1.56172E+07
random6-150000-1,111225.966918945312500000, -165365.219543457031250000,  , 2351.933166503906250000,  58,  1.63435E+07
random6-150000-1,-159659.556518554687500000, 88693.946655273437500000,  , 2252.024597167968750000,  58,  1.56064E+07
random6-150000-1,101544.560180664062500000, 87901.316467285156250000,  , 2235.224182128906250000,  53,  1.54902E+07
random7-150000-1,110232.656982421875000000, -166364.980224609375000000,  , 2358.360900878906250000,  58,  1.63878E+07
random7-150000-1,-160878.025695800781250000, 87620.133666992187500000,  , 2226.985839843750000000,  54,  1.54758E+07
random7-150000-1,110596.886413574218750000, 96160.441406250000000000,  , 2349.721008300781250000,  58,  1.63273E+07
random8-150000-1,-159903.860168457031250000, -173616.517700195312500000,  , 2239.263244628906250000,  58,  1.55617E+07
random8-150000-1,101333.529785156250000000, 87587.263549804687500000,  , 2250.677917480468750000,  53,  1.55987E+07
random8-150000-1,101943.124389648437500000, 88232.223022460937500000,  , 2239.144836425781250000,  58,  1.55593E+07
random9-150000-1,-159527.599365234375000000, -173368.298278808593750000,  , 2258.567993164062500000,  58,  1.5696E+07
random9-150000-1,103056.471008300781250000, 89075.857849121093750000,  , 2289.181396484375000000,  53,  1.58656E+07
random9-150000-1,-159627.565795898437500000, 88791.763793945312500000,  , 2241.331665039062500000,  54,  1.55746E+07
random10-150000-1,111356.869873046875000000, -165253.673034667968750000,  , 2359.851013183593750000,  55,  1.63996E+07
random10-150000-1,110438.525878906250000000, 95972.931091308593750000,  , 2364.209045410156250000,  57,  1.63862E+07
random10-150000-1,-151705.482971191406250000, 95986.937927246093750000,  , 2358.229187011718750000,  58,  1.63869E+07
random1-175000-1,140128.930480957031250000, -141010.734863281250000000,  , 3107.778625488281250000,  58,  2.15554E+07
random1-175000-1,-123045.838745117187500000, 120337.516662597656250000,  , 3061.170593261718750000,  58,  2.12705E+07
random1-175000-1,-111430.147338867187500000, -131154.059692382812500000,  , 3220.853942871093750000,  58,  2.22952E+07
random2-175000-1,139328.459960937500000000, 120570.017883300781250000,  , 3063.453918457031250000,  58,  2.12868E+07
random2-175000-1,-124249.702087402343750000, -142811.764221191406250000,  , 3024.976806640625000000,  55,  2.10204E+07
random2-175000-1,138804.165344238281250000, 120038.693237304687500000,  , 3062.537536621093750000,  54,  2.12814E+07
random3-175000-1,-111747.866882324218750000, -131390.437927246093750000,  , 3216.506774902343750000,  58,  2.22692E+07
random3-175000-1,160049.207885742187500000, 139071.673522949218750000,  , 3421.846923828125000000,  58,  2.37759E+07
random3-175000-1,-122683.638610839843750000, -141490.501159667968750000,  , 3062.359191894531250000,  54,  2.12804E+07
random4-175000-1,161503.160034179687500000, 140513.453491210937500000,  , 3423.530700683593750000,  58,  2.37462E+07
random4-175000-1,-122048.104064941406250000, -140760.882446289062500000,  , 3059.455932617187500000,  58,  2.12169E+07
random4-175000-1,-122454.313842773437500000, 120725.459045410156250000,  , -259049.778442382812500000,  54,  2.15015E+07
random5-175000-1,139643.556518554687500000, -141160.383483886718750000,  , 3046.821350097656250000,  58,  2.11697E+07
random5-175000-1,-111759.199279785156250000, 130754.660766601562500000,  , 3204.123413085937500000,  57,  2.22651E+07
random5-175000-1,139791.370544433593750000, -140970.219970703125000000,  , 3049.433166503906250000,  58,  2.11477E+07
random6-175000-1,-122874.157287597656250000, 120617.400329589843750000,  , 3050.427490234375000000,  58,  2.1197E+07
random6-175000-1,149923.813476562500000000, -131890.438964843750000000,  , 3215.174743652343750000,  57,  2.2296E+07
random6-175000-1,-112300.532409667968750000, 130185.840820312500000000,  , 3214.636352539062500000,  54,  2.22943E+07
random7-175000-1,138436.590026855468750000, 119705.327697753906250000,  , 3063.380859375000000000,  58,  2.12455E+07
random7-175000-1,-122243.599792480468750000, -141019.700744628906250000,  , 3061.880249023437500000,  53,  2.12765E+07
random7-175000-1,139405.587341308593750000, 120782.528503417968750000,  , 3052.433593750000000000,  57,  2.12093E+07
random8-175000-1,-116437.174865722656250000, -136021.841369628906250000,  , 3203.452209472656250000,  58,  2.22175E+07
random8-175000-1,-121976.041748046875000000, 121175.839111328125000000,  , 3107.065979003906250000,  58,  2.15338E+07
random8-175000-1,139675.434020996093750000, -141443.828735351562500000,  , 3098.720397949218750000,  53,  2.15326E+07
random9-175000-1,-122387.116821289062500000, 120977.403015136718750000,  , 3065.100463867187500000,  53,  2.12985E+07
random9-175000-1,150624.357971191406250000, -131086.796752929687500000,  , 3190.923217773437500000,  54,  2.21713E+07
random9-175000-1,-112572.278137207031250000, 129870.663085937500000000,  , 3211.656188964843750000,  54,  2.22753E+07
random10-175000-1,138607.890563964843750000, -142262.263427734375000000,  , 3058.782104492187500000,  54,  2.12546E+07
random10-175000-1,-111942.377014160156250000, 130551.838195800781250000,  , 3210.983398437500000000,  58,  2.22674E+07
random10-175000-1,139468.011535644531250000, -141643.781982421875000000,  , 3097.413635253906250000,  53,  2.15225E+07
random1-200000-1,-80328.599121093750000000, 157238.234741210937500000,  , 4023.071594238281250000,  53,  2.78706E+07
random1-200000-1,-64007.953430175781250000, -89782.099731445312500000,  , 4195.748840332031250000,  59,  2.91535E+07
random1-200000-1,-80899.909973144531250000, -105397.908996582031250000,  , 4007.688720703125000000,  57,  2.78047E+07
random2-200000-1,196304.830200195312500000, 170591.853027343750000000,  , 4192.568054199218750000,  54,  2.90892E+07
random2-200000-1,-79995.424804687500000000, -104324.576965332031250000,  , 3961.134033203125000000,  54,  2.75222E+07
random2-200000-1,-80823.566284179687500000, 156810.023010253906250000,  , 4010.702148437500000000,  57,  2.78235E+07
random3-200000-1,181322.615234375000000000, -105283.995422363281250000,  , 4004.914550781250000000,  58,  2.77841E+07
random3-200000-1,-66140.857055664062500000, -91910.327392578125000000,  , 4190.431945800781250000,  54,  2.91148E+07
random3-200000-1,-65572.851440429687500000, 170881.887512207031250000,  , 4190.902893066406250000,  58,  2.91186E+07
random4-200000-1,-65833.101623535156250000, -91568.212097167968750000,  , 4196.749145507812500000,  55,  2.91202E+07
random4-200000-1,182480.759826660156250000, -104204.959533691406250000,  , 4009.134216308593750000,  57,  2.7809E+07
random4-200000-1,-79402.055358886718750000, 158138.369750976562500000,  , 4005.022094726562500000,  54,  2.78271E+07
random5-200000-1,-78854.992553710937500000, -103410.762512207031250000,  , 4010.648437500000000000,  58,  2.7827E+07
random5-200000-1,196151.200988769531250000, 170514.512817382812500000,  , 4192.920288085937500000,  58,  2.90911E+07
random5-200000-1,-65955.864135742187500000, -91721.632202148437500000,  , 4192.424072265625000000,  59,  2.90892E+07
random6-200000-1,-81183.416198730468750000, -105717.167480468750000000,  , 3998.034973144531250000,  54,  2.77366E+07
random6-200000-1,-65842.559814453125000000, 170604.158874511718750000,  , 4183.683166503906250000,  54,  2.9068E+07
random6-200000-1,181825.540527343750000000, -104773.546569824218750000,  , 3991.732543945312500000,  57,  2.77374E+07
random7-200000-1,-80529.000183105468750000, 157079.322021484375000000,  , 4014.302856445312500000,  58,  2.78078E+07
random7-200000-1,-64173.190429687500000000, -89889.008666992187500000,  , 4186.497375488281250000,  55,  2.90868E+07
random7-200000-1,195926.021667480468750000, -91796.923095703125000000,  , 4183.494384765625000000,  54,  2.90673E+07
random8-200000-1,-80528.553039550781250000, 157067.772094726562500000,  , 4021.432250976562500000,  53,  2.78552E+07
random8-200000-1,-79083.610229492187500000, -103933.935180664062500000,  , 4051.601257324218750000,  53,  2.81526E+07
random8-200000-1,-79934.991760253906250000, -104444.098144531250000000,  , 4005.981872558593750000,  58,  2.77924E+07
random9-200000-1,196539.009338378906250000, 170812.941650390625000000,  , 4201.121887207031250000,  54,  2.9145E+07
random9-200000-1,-79474.419799804687500000, -104332.371398925781250000,  , 4054.619567871093750000,  58,  2.81717E+07
random9-200000-1,-65388.222656250000000000, -91105.172241210937500000,  , 4194.219909667968750000,  58,  2.91443E+07
random10-200000-1,-64769.795837402343750000, 171633.159179687500000000,  , 4207.609008789062500000,  54,  2.91512E+07
random10-200000-1,181645.658874511718750000, -105075.196960449218750000,  , 4003.405273437500000000,  58,  2.78171E+07
random10-200000-1,-65860.605773925781250000, 170489.752868652343750000,  , 4194.796264648437500000,  54,  2.91471E+07
