JavaSort1,8.933532714843750000,7.693969726562500000,,,855.535
JavaSort1,8.645935058593750000,7.527648925781250000,,,836.392
JavaSort1,8.719421386718750000,7.553405761718750000,,,913.86
JavaSort1,8.830993652343750000,7.747863769531250000,,,818.153
JavaSort1,8.698425292968750000,7.629089355468750000,,,812.326
JavaSort1,9.931152343750000000,8.605041503906250000,,,928.061
JavaSort1,9.456848144531250000,8.282714843750000000,,,893.979
JavaSort1,9.020507812500000000,7.834899902343750000,,,809.723
JavaSort1,8.844177246093750000,7.700012207031250000,,,785.802
JavaSort1,8.866821289062500000,7.708740234375000000,,,910.005
JavaSort1,8.780090332031250000,7.693725585937500000,,,837.406
JavaSort1,8.611755371093750000,7.524047851562500000,,,823.63
JavaSort1,8.620544433593750000,7.577697753906250000,,,795.549
JavaSort1,8.442932128906250000,7.401489257812500000,,,811.485
JavaSort1,9.187988281250000000,8.027160644531250000,,,865.501
JavaSort1,8.805725097656250000,7.755187988281250000,,,799.662
JavaSort1,9.119934082031250000,7.994384765625000000,,,852.519
JavaSort1,8.930114746093750000,7.862609863281250000,,,799.356
JavaSort1,8.653015136718750000,7.630493164062500000,,,763.036
JavaSort1,8.896423339843750000,7.723449707031250000,,,829.575
JavaSort1,9.344482421875000000,8.111083984375000000,,,840.531
JavaSort1,9.612670898437500000,8.428039550781250000,,,867.944
JavaSort1,9.262695312500000000,8.168273925781250000,,,823.983
JavaSort1,8.638000488281250000,7.608215332031250000,,,769.994
JavaSort1,8.642089843750000000,7.493103027343750000,,,795.146
JavaSort1,9.537414550781250000,8.335571289062500000,,,876.3
JavaSort1,9.229553222656250000,8.099975585937500000,,,813.852
JavaSort1,9.246093750000000000,8.106262207031250000,,,872.02
JavaSort1,8.803344726562500000,7.652709960937500000,,,863.633
JavaSort1,8.983276367187500000,7.868286132812500000,,,830.063
JavaSort1,9.069274902343750000,7.888916015625000000,,,841.773
JavaSort1,9.078552246093750000,7.843200683593750000,,,813.349
JavaSort1,9.279663085937500000,7.994445800781250000,,,824.966
JavaSort1,9.429382324218750000,8.128906250000000000,,,845.292
JavaSort1,9.293457031250000000,8.018432617187500000,,,849.619
JavaSort1,9.529785156250000000,8.327758789062500000,,,835.877
JavaSort1,9.759826660156250000,8.416015625000000000,,,857.045
JavaSort1,9.155456542968750000,7.987609863281250000,,,829.256
JavaSort1,9.513916015625000000,8.246093750000000000,,,850.107
JavaSort1,8.972229003906250000,7.811218261718750000,,,810.19
JavaSort1,10.087768554687500000,8.792358398437500000,,,878.238
JavaSort1,9.409545898437500000,8.098693847656250000,,,842.015
JavaSort1,9.461242675781250000,8.222167968750000000,,,847.686
JavaSort1,8.979736328125000000,7.825378417968750000,,,777.198
JavaSort1,9.849182128906250000,8.640808105468750000,,,839.549
JavaSort1,9.983764648437500000,8.645568847656250000,,,895.923
JavaSort1,9.053955078125000000,7.855407714843750000,,,823.598
JavaSort1,9.657348632812500000,8.411315917968750000,,,856.839
JavaSort1,9.123962402343750000,7.917419433593750000,,,819.654
JavaSort1,9.211303710937500000,8.023376464843750000,,,844.201
JavaSort2,9.623596191406250000,8.221374511718750000,,,927.807
JavaSort2,9.320434570312500000,8.138122558593750000,,,837.979
JavaSort2,9.581542968750000000,8.301574707031250000,,,863.94
JavaSort2,9.684631347656250000,8.372436523437500000,,,839.778
JavaSort2,10.451965332031250000,9.101013183593750000,,,893.167
JavaSort2,9.532165527343750000,8.253112792968750000,,,812.276
JavaSort2,9.587280273437500000,8.261779785156250000,,,903.253
JavaSort2,9.831298828125000000,8.582763671875000000,,,838.477
JavaSort2,10.166198730468750000,8.884887695312500000,,,901.117
JavaSort2,9.502014160156250000,8.281677246093750000,,,808.813
JavaSort2,9.540405273437500000,8.358947753906250000,,,814.412
JavaSort2,9.390136718750000000,8.188293457031250000,,,841.852
JavaSort2,9.472412109375000000,8.229675292968750000,,,841.037
JavaSort2,10.428894042968750000,9.141784667968750000,,,880.831
JavaSort2,9.846679687500000000,8.568420410156250000,,,871.894
JavaSort2,9.842041015625000000,8.622619628906250000,,,862.938
JavaSort2,9.135559082031250000,7.954711914062500000,,,782.618
JavaSort2,9.365966796875000000,8.178161621093750000,,,835.128
JavaSort2,9.055480957031250000,7.900634765625000000,,,813.11
JavaSort2,10.376037597656250000,9.059875488281250000,,,870.464
JavaSort2,9.887939453125000000,8.638732910156250000,,,876.116
JavaSort2,9.454406738281250000,8.245117187500000000,,,798.937
JavaSort2,9.336120605468750000,8.152343750000000000,,,832.04
JavaSort2,9.244934082031250000,8.082397460937500000,,,791.061
JavaSort2,9.777160644531250000,8.464599609375000000,,,872.956
JavaSort2,9.443054199218750000,8.256835937500000000,,,825.024
JavaSort2,9.509033203125000000,8.300903320312500000,,,806.16
JavaSort2,10.437927246093750000,9.147521972656250000,,,889.679
JavaSort2,9.273803710937500000,7.957824707031250000,,,901.623
JavaSort2,10.037902832031250000,8.679931640625000000,,,852.105
JavaSort2,9.249572753906250000,8.067626953125000000,,,819.937
JavaSort2,9.225219726562500000,7.980407714843750000,,,788.327
JavaSort2,9.726379394531250000,8.525817871093750000,,,825.208
JavaSort2,9.964843750000000000,8.738281250000000000,,,832.746
JavaSort2,9.745056152343750000,8.493164062500000000,,,876.683
JavaSort2,9.725158691406250000,8.466003417968750000,,,857.461
JavaSort2,9.469421386718750000,8.249084472656250000,,,853.754
JavaSort2,10.041015625000000000,8.807067871093750000,,,842.581
JavaSort2,9.717956542968750000,8.372985839843750000,,,854.375
JavaSort2,10.029602050781250000,8.774230957031250000,,,852.985
JavaSort2,10.335998535156250000,8.987548828125000000,,,883.096
JavaSort2,9.580383300781250000,8.396667480468750000,,,808.506
JavaSort2,9.750366210937500000,8.469787597656250000,,,871.389
JavaSort2,9.565490722656250000,8.281616210937500000,,,828.473
JavaSort2,9.491821289062500000,8.283691406250000000,,,833.126
JavaSort2,10.555725097656250000,9.106018066406250000,,,922.513
JavaSort2,10.654846191406250000,9.117553710937500000,,,991.65
JavaSort2,9.694396972656250000,8.432800292968750000,,,806.522
JavaSort2,9.138610839843750000,7.983703613281250000,,,794.694
JavaSort2,10.844421386718750000,9.471923828125000000,,,907.282
JavaSort3,11.712341308593750000,10.112365722656250000,,,987.055
JavaSort3,11.027954101562500000,9.603210449218750000,,,942.421
JavaSort3,10.313842773437500000,9.034179687500000000,,,856.246
JavaSort3,9.962158203125000000,8.703125000000000000,,,872.542
JavaSort3,9.916442871093750000,8.645080566406250000,,,870.132
JavaSort3,9.991821289062500000,8.743347167968750000,,,848.961
JavaSort3,9.529296875000000000,8.247619628906250000,,,834.373
JavaSort3,10.480407714843750000,9.082092285156250000,,,922.697
JavaSort3,10.625122070312500000,9.239868164062500000,,,905.905
JavaSort3,11.729064941406250000,10.226013183593750000,,,1020.52
JavaSort3,9.515808105468750000,8.288757324218750000,,,819.905
JavaSort3,9.851379394531250000,8.488769531250000000,,,866.431
JavaSort3,9.908386230468750000,8.658447265625000000,,,845.871
JavaSort3,10.150451660156250000,8.854248046875000000,,,854.996
JavaSort3,10.057067871093750000,8.766296386718750000,,,891.781
JavaSort3,11.262817382812500000,9.748291015625000000,,,975.663
JavaSort3,10.726501464843750000,9.357910156250000000,,,914.853
JavaSort3,10.128112792968750000,8.820617675781250000,,,846.947
JavaSort3,9.890014648437500000,8.637817382812500000,,,829.613
JavaSort3,11.104553222656250000,9.693176269531250000,,,947.893
JavaSort3,11.123840332031250000,9.761596679687500000,,,926.95
JavaSort3,9.644775390625000000,8.426574707031250000,,,838.911
JavaSort3,9.686279296875000000,8.442382812500000000,,,802.534
JavaSort3,9.739868164062500000,8.508117675781250000,,,851.652
JavaSort3,10.603393554687500000,9.192016601562500000,,,908.183
JavaSort3,10.320678710937500000,8.984252929687500000,,,891.528
JavaSort3,9.972473144531250000,8.664794921875000000,,,862.02
JavaSort3,10.583374023437500000,9.248962402343750000,,,898.307
JavaSort3,10.100708007812500000,8.692626953125000000,,,952.298
JavaSort3,10.265075683593750000,8.888671875000000000,,,852.24
JavaSort3,10.408569335937500000,9.083679199218750000,,,887.655
JavaSort3,11.019287109375000000,9.458679199218750000,,,1037.33
JavaSort3,10.019592285156250000,8.763732910156250000,,,860.354
JavaSort3,10.111816406250000000,8.726806640625000000,,,877.934
JavaSort3,10.292358398437500000,8.904418945312500000,,,863.224
JavaSort3,10.464294433593750000,9.017456054687500000,,,901.195
JavaSort3,10.071960449218750000,8.800292968750000000,,,873.613
JavaSort3,10.109558105468750000,8.815124511718750000,,,873.481
JavaSort3,10.630126953125000000,9.214172363281250000,,,873.265
JavaSort3,10.442443847656250000,9.120666503906250000,,,892.909
JavaSort3,11.150451660156250000,9.638122558593750000,,,935.287
JavaSort3,10.033691406250000000,8.730407714843750000,,,854.878
JavaSort3,11.247436523437500000,9.724548339843750000,,,968.201
JavaSort3,11.033508300781250000,9.660034179687500000,,,926.571
JavaSort3,9.999267578125000000,8.644348144531250000,,,881.754
JavaSort3,10.635131835937500000,9.086975097656250000,,,992
JavaSort3,10.620727539062500000,9.155334472656250000,,,960.136
JavaSort3,10.118286132812500000,8.859313964843750000,,,851.671
JavaSort3,10.464782714843750000,9.149536132812500000,,,863.918
JavaSort3,10.993347167968750000,9.478881835937500000,,,943.143
JavaSort4,11.859008789062500000,10.236267089843750000,,,967.116
JavaSort4,10.008361816406250000,8.726867675781250000,,,864.276
JavaSort4,10.717773437500000000,9.380676269531250000,,,904.181
JavaSort4,10.320922851562500000,8.927001953125000000,,,861.312
JavaSort4,10.338439941406250000,8.938598632812500000,,,861.126
JavaSort4,10.498779296875000000,9.108337402343750000,,,879.67
JavaSort4,10.248107910156250000,8.894897460937500000,,,878.22
JavaSort4,11.163330078125000000,9.680786132812500000,,,1015.25
JavaSort4,10.536437988281250000,9.194274902343750000,,,901.363
JavaSort4,11.543762207031250000,10.080566406250000000,,,964.991
JavaSort4,10.272705078125000000,8.880981445312500000,,,857.341
JavaSort4,11.395874023437500000,9.861999511718750000,,,946.667
JavaSort4,10.405944824218750000,9.080810546875000000,,,869.644
JavaSort4,10.354125976562500000,8.958862304687500000,,,992.061
JavaSort4,10.004882812500000000,8.667114257812500000,,,860.657
JavaSort4,11.355529785156250000,9.956542968750000000,,,943.216
JavaSort4,9.851562500000000000,8.578552246093750000,,,855.736
JavaSort4,10.300659179687500000,9.005981445312500000,,,889.536
JavaSort4,10.497863769531250000,9.158386230468750000,,,873.322
JavaSort4,11.334594726562500000,9.821960449218750000,,,925.863
JavaSort4,10.405029296875000000,9.029113769531250000,,,852.156
JavaSort4,10.444519042968750000,9.088745117187500000,,,900.32
JavaSort4,10.159179687500000000,8.875427246093750000,,,884.683
JavaSort4,10.164489746093750000,8.893127441406250000,,,865.974
JavaSort4,11.723510742187500000,10.292297363281250000,,,963.828
JavaSort4,10.874816894531250000,9.460815429687500000,,,938.544
JavaSort4,11.716979980468750000,10.271667480468750000,,,973.593
JavaSort4,9.931335449218750000,8.601379394531250000,,,871.871
JavaSort4,10.792053222656250000,9.306762695312500000,,,1043.6
JavaSort4,10.262573242187500000,8.812500000000000000,,,974.796
JavaSort4,10.483642578125000000,9.072875976562500000,,,987.827
JavaSort4,10.655273437500000000,9.258178710937500000,,,916.872
JavaSort4,11.013610839843750000,9.546936035156250000,,,916.684
JavaSort4,10.265197753906250000,8.858642578125000000,,,960.16
JavaSort4,10.406250000000000000,8.960754394531250000,,,899.946
JavaSort4,10.159545898437500000,8.868347167968750000,,,883.888
JavaSort4,10.110107421875000000,8.723083496093750000,,,853.601
JavaSort4,11.451843261718750000,9.900329589843750000,,,954.268
JavaSort4,10.692565917968750000,9.290100097656250000,,,931.766
JavaSort4,10.464721679687500000,9.081787109375000000,,,968.936
JavaSort4,10.784667968750000000,9.440612792968750000,,,893.767
JavaSort4,10.933349609375000000,9.580932617187500000,,,926.096
JavaSort4,11.338012695312500000,9.834045410156250000,,,952.339
JavaSort4,11.075683593750000000,9.607666015625000000,,,900.1
JavaSort4,10.448425292968750000,9.043579101562500000,,,871.017
JavaSort4,10.436462402343750000,9.121520996093750000,,,890.875
JavaSort4,11.346191406250000000,9.899108886718750000,,,960.882
JavaSort4,11.430786132812500000,9.924743652343750000,,,963.653
JavaSort4,10.333862304687500000,9.044555664062500000,,,862.574
JavaSort4,10.506103515625000000,9.139587402343750000,,,904.783
JavaSort5,10.725708007812500000,9.305908203125000000,,,983.867
JavaSort5,11.729125976562500000,10.160766601562500000,,,963.62
JavaSort5,10.767761230468750000,9.327026367187500000,,,918.5
JavaSort5,11.013854980468750000,9.549865722656250000,,,939.246
JavaSort5,11.502258300781250000,10.087829589843750000,,,954.295
JavaSort5,11.868103027343750000,10.300842285156250000,,,975.4
JavaSort5,11.092773437500000000,9.593078613281250000,,,933.068
JavaSort5,10.559082031250000000,9.188781738281250000,,,895.439
JavaSort5,10.523803710937500000,9.197875976562500000,,,903.9
JavaSort5,10.684326171875000000,9.338806152343750000,,,866.696
JavaSort5,11.759521484375000000,10.266784667968750000,,,973.316
JavaSort5,10.623779296875000000,9.301147460937500000,,,872.345
JavaSort5,11.408386230468750000,9.901733398437500000,,,955.579
JavaSort5,10.879882812500000000,9.495239257812500000,,,944.72
JavaSort5,11.022766113281250000,9.539245605468750000,,,945.422
JavaSort5,10.463562011718750000,9.182189941406250000,,,874.934
JavaSort5,11.603515625000000000,10.166015625000000000,,,949.787
JavaSort5,11.479370117187500000,10.047973632812500000,,,968.918
JavaSort5,10.688842773437500000,9.275207519531250000,,,902.906
JavaSort5,11.447875976562500000,9.899536132812500000,,,954.843
JavaSort5,12.182861328125000000,10.452514648437500000,,,1090.38
JavaSort5,11.823425292968750000,10.264465332031250000,,,982.794
JavaSort5,11.772888183593750000,10.239379882812500000,,,960.16
JavaSort5,10.837951660156250000,9.423583984375000000,,,914.637
JavaSort5,11.371582031250000000,9.895935058593750000,,,922.786
JavaSort5,11.150146484375000000,9.653137207031250000,,,933.383
JavaSort5,11.157958984375000000,9.723999023437500000,,,968.741
JavaSort5,10.904235839843750000,9.545715332031250000,,,946.608
JavaSort5,11.053527832031250000,9.588378906250000000,,,950.995
JavaSort5,11.182617187500000000,9.646728515625000000,,,946.293
JavaSort5,10.767639160156250000,9.333435058593750000,,,910.368
JavaSort5,11.378112792968750000,9.923583984375000000,,,988.013
JavaSort5,11.315185546875000000,9.908386230468750000,,,926.914
JavaSort5,11.535278320312500000,10.074523925781250000,,,929.745
JavaSort5,11.602416992187500000,10.189758300781250000,,,939.482
JavaSort5,10.914001464843750000,9.477844238281250000,,,916.354
JavaSort5,11.677490234375000000,10.254455566406250000,,,943.554
JavaSort5,11.324523925781250000,9.805114746093750000,,,951.014
JavaSort5,11.339294433593750000,9.762878417968750000,,,962.712
JavaSort5,11.815490722656250000,10.200622558593750000,,,1083.01
JavaSort5,11.448303222656250000,9.919067382812500000,,,1057.92
JavaSort5,10.980712890625000000,9.523620605468750000,,,906.956
JavaSort5,11.236022949218750000,9.790649414062500000,,,928.339
JavaSort5,11.441284179687500000,9.996093750000000000,,,962.366
JavaSort5,11.032653808593750000,9.626281738281250000,,,955.334
JavaSort5,11.163818359375000000,9.743041992187500000,,,939.851
JavaSort5,11.118835449218750000,9.722045898437500000,,,951.203
JavaSort5,10.872436523437500000,9.391174316406250000,,,987.968
JavaSort5,11.140991210937500000,9.742980957031250000,,,926.996
JavaSort5,11.853637695312500000,10.360778808593750000,,,955.943
JavaSort6,10.980957031250000000,9.538085937500000000,,,944.316
JavaSort6,10.519165039062500000,9.221435546875000000,,,880.547
JavaSort6,10.130615234375000000,8.853027343750000000,,,875.62
JavaSort6,11.589233398437500000,10.133728027343750000,,,983.663
JavaSort6,12.149475097656250000,10.531921386718750000,,,982.381
JavaSort6,10.946716308593750000,9.440551757812500000,,,933.012
JavaSort6,11.324890136718750000,9.841552734375000000,,,943.801
JavaSort6,11.015014648437500000,9.633361816406250000,,,946.228
JavaSort6,11.130920410156250000,9.645568847656250000,,,928.241
JavaSort6,11.645080566406250000,10.209472656250000000,,,944.093
JavaSort6,11.000366210937500000,9.531494140625000000,,,926.828
JavaSort6,11.308593750000000000,9.887878417968750000,,,930.276
JavaSort6,11.630615234375000000,10.152465820312500000,,,955.726
JavaSort6,11.401672363281250000,9.948974609375000000,,,977.054
JavaSort6,10.919372558593750000,9.545715332031250000,,,895.786
JavaSort6,10.962036132812500000,9.612915039062500000,,,894.866
JavaSort6,11.994323730468750000,10.437377929687500000,,,1006.98
JavaSort6,12.182739257812500000,10.593444824218750000,,,1016.51
JavaSort6,10.937316894531250000,9.517517089843750000,,,935.728
JavaSort6,12.312377929687500000,10.724670410156250000,,,1022.21
JavaSort6,11.326904296875000000,9.874145507812500000,,,942.189
JavaSort6,11.032348632812500000,9.651794433593750000,,,915.443
JavaSort6,10.799865722656250000,9.424072265625000000,,,916.813
JavaSort6,12.519531250000000000,10.955627441406250000,,,1048.18
JavaSort6,10.806274414062500000,9.447448730468750000,,,910.854
JavaSort6,11.482727050781250000,9.956909179687500000,,,940.539
JavaSort6,11.695922851562500000,10.233947753906250000,,,992.592
JavaSort6,11.046081542968750000,9.576660156250000000,,,907.698
JavaSort6,10.295898437500000000,8.761230468750000000,,,989.818
JavaSort6,10.404479980468750000,9.030883789062500000,,,863.756
JavaSort6,11.577758789062500000,10.159973144531250000,,,935.351
JavaSort6,11.177246093750000000,9.704467773437500000,,,955.431
JavaSort6,10.680358886718750000,9.342895507812500000,,,909.536
JavaSort6,11.346618652343750000,9.941650390625000000,,,926.057
JavaSort6,11.332702636718750000,9.901672363281250000,,,970.113
JavaSort6,12.196899414062500000,10.688476562500000000,,,988.079
JavaSort6,10.787048339843750000,9.427978515625000000,,,907.982
JavaSort6,10.850097656250000000,9.479431152343750000,,,892.892
JavaSort6,12.131286621093750000,10.545471191406250000,,,1028.2
JavaSort6,11.709045410156250000,10.195129394531250000,,,994.221
JavaSort6,11.333190917968750000,9.746765136718750000,,,980.966
JavaSort6,10.606689453125000000,9.186157226562500000,,,859.603
JavaSort6,10.971740722656250000,9.498291015625000000,,,997.986
JavaSort6,11.576110839843750000,10.130676269531250000,,,950.888
JavaSort6,11.216735839843750000,9.700744628906250000,,,904.891
JavaSort6,12.004455566406250000,10.411376953125000000,,,954.131
JavaSort6,11.487182617187500000,10.025878906250000000,,,953.761
JavaSort6,11.664123535156250000,10.203857421875000000,,,950.784
JavaSort6,11.296081542968750000,9.856323242187500000,,,910.851
JavaSort6,11.156250000000000000,9.774963378906250000,,,900.716
JavaSort7,10.997741699218750000,9.568664550781250000,,,929.403
JavaSort7,11.188293457031250000,9.727233886718750000,,,990.453
JavaSort7,12.618652343750000000,10.978149414062500000,,,1006.77
JavaSort7,11.709960937500000000,10.130065917968750000,,,962.943
JavaSort7,10.891113281250000000,9.446166992187500000,,,918.54
JavaSort7,11.258911132812500000,9.835327148437500000,,,905.347
JavaSort7,12.434082031250000000,10.855285644531250000,,,999.485
JavaSort7,11.679687500000000000,10.071472167968750000,,,978.724
JavaSort7,11.214599609375000000,9.670349121093750000,,,932.107
JavaSort7,11.643371582031250000,10.140197753906250000,,,942.209
JavaSort7,10.976013183593750000,9.593017578125000000,,,897.187
JavaSort7,11.877868652343750000,10.260498046875000000,,,971.726
JavaSort7,11.546997070312500000,10.023376464843750000,,,948.253
JavaSort7,11.361877441406250000,9.846984863281250000,,,919.789
JavaSort7,12.282287597656250000,10.714538574218750000,,,1024.82
JavaSort7,11.897033691406250000,10.214416503906250000,,,1037.12
JavaSort7,11.990295410156250000,10.441040039062500000,,,1004.58
JavaSort7,10.508117675781250000,9.117370605468750000,,,863.352
JavaSort7,11.815063476562500000,10.324707031250000000,,,971.461
JavaSort7,11.524597167968750000,10.042175292968750000,,,943.114
JavaSort7,12.503662109375000000,10.941406250000000000,,,1011.88
JavaSort7,11.085754394531250000,9.605163574218750000,,,907.114
JavaSort7,11.470031738281250000,9.991882324218750000,,,971.505
JavaSort7,12.262207031250000000,10.621704101562500000,,,1013.35
JavaSort7,11.255493164062500000,9.761474609375000000,,,944.798
JavaSort7,11.193481445312500000,9.706176757812500000,,,941.169
JavaSort7,11.617004394531250000,10.164794921875000000,,,943.276
JavaSort7,12.053344726562500000,10.475585937500000000,,,985.63
JavaSort7,10.785095214843750000,9.232666015625000000,,,1042.33
JavaSort7,11.434875488281250000,9.891357421875000000,,,969.25
JavaSort7,11.202697753906250000,9.701904296875000000,,,897.355
JavaSort7,11.790344238281250000,10.178833007812500000,,,959.853
JavaSort7,11.886901855468750000,10.269409179687500000,,,965.453
JavaSort7,11.551818847656250000,10.008728027343750000,,,926.747
JavaSort7,11.720886230468750000,10.226135253906250000,,,986.472
JavaSort7,11.163024902343750000,9.728576660156250000,,,934.461
JavaSort7,11.590087890625000000,10.108337402343750000,,,965.262
JavaSort7,10.962585449218750000,9.586914062500000000,,,897.333
JavaSort7,11.558959960937500000,10.055908203125000000,,,977.293
JavaSort7,13.161743164062500000,11.517272949218750000,,,1067.99
JavaSort7,10.683105468750000000,9.315368652343750000,,,884.141
JavaSort7,10.676025390625000000,9.250122070312500000,,,969.487
JavaSort7,12.116943359375000000,10.434631347656250000,,,1013.24
JavaSort7,11.423095703125000000,9.890014648437500000,,,968.239
JavaSort7,10.872741699218750000,9.329040527343750000,,,992.193
JavaSort7,11.343566894531250000,9.905639648437500000,,,958.825
JavaSort7,11.507873535156250000,9.957214355468750000,,,967.16
JavaSort7,12.225524902343750000,10.703857421875000000,,,983.426
JavaSort7,11.946960449218750000,10.350463867187500000,,,964.777
JavaSort7,11.787231445312500000,10.288452148437500000,,,975.271
JavaSort8,11.697875976562500000,10.082336425781250000,,,965.122
JavaSort8,11.533264160156250000,10.017456054687500000,,,980.052
JavaSort8,11.796325683593750000,10.215759277343750000,,,958.571
JavaSort8,11.273986816406250000,9.747680664062500000,,,921.854
JavaSort8,11.338623046875000000,9.818603515625000000,,,943.084
JavaSort8,12.063720703125000000,10.457458496093750000,,,1018.23
JavaSort8,11.875549316406250000,10.333496093750000000,,,1006.51
JavaSort8,11.767761230468750000,10.295959472656250000,,,958.139
JavaSort8,13.005554199218750000,11.329772949218750000,,,1042.88
JavaSort8,12.076354980468750000,10.540222167968750000,,,1008.53
JavaSort8,11.057678222656250000,9.571350097656250000,,,935.589
JavaSort8,12.105346679687500000,10.528625488281250000,,,976.256
JavaSort8,11.232543945312500000,9.742797851562500000,,,935.478
JavaSort8,12.146545410156250000,10.589965820312500000,,,983.288
JavaSort8,11.586853027343750000,10.100219726562500000,,,962.779
JavaSort8,11.273864746093750000,9.849609375000000000,,,946.606
JavaSort8,12.308776855468750000,10.751647949218750000,,,982.422
JavaSort8,11.748413085937500000,10.162109375000000000,,,955.567
JavaSort8,12.447326660156250000,10.869140625000000000,,,990.585
JavaSort8,11.658752441406250000,10.020507812500000000,,,984.623
JavaSort8,12.217590332031250000,10.552490234375000000,,,1001.08
JavaSort8,10.827514648437500000,9.405029296875000000,,,887.615
JavaSort8,12.223388671875000000,10.609863281250000000,,,1062.54
JavaSort8,11.783264160156250000,10.140014648437500000,,,1037.88
JavaSort8,10.720031738281250000,9.323974609375000000,,,921.63
JavaSort8,12.512390136718750000,10.785949707031250000,,,1027.33
JavaSort8,11.747863769531250000,10.109741210937500000,,,1032.13
JavaSort8,11.741821289062500000,10.048828125000000000,,,1047.53
JavaSort8,11.632141113281250000,9.880554199218750000,,,1094.95
JavaSort8,11.320495605468750000,9.863281250000000000,,,960.099
JavaSort8,11.399047851562500000,9.930541992187500000,,,938.349
JavaSort8,13.505187988281250000,11.682189941406250000,,,1096.25
JavaSort8,11.422546386718750000,9.827758789062500000,,,965.659
JavaSort8,12.474975585937500000,10.848754882812500000,,,989.589
JavaSort8,12.263671875000000000,10.665344238281250000,,,1009.36
JavaSort8,12.013183593750000000,10.497619628906250000,,,974.178
JavaSort8,11.923095703125000000,10.360961914062500000,,,1004.53
JavaSort8,11.967224121093750000,10.357910156250000000,,,952.019
JavaSort8,11.952331542968750000,10.396667480468750000,,,962.465
JavaSort8,11.602905273437500000,10.056091308593750000,,,921.381
JavaSort8,11.232177734375000000,9.756103515625000000,,,903.577
JavaSort8,11.314270019531250000,9.774841308593750000,,,936.639
JavaSort8,11.270568847656250000,9.835327148437500000,,,933.674
JavaSort8,11.322448730468750000,9.786499023437500000,,,933.052
JavaSort8,11.489257812500000000,9.983703613281250000,,,942.281
JavaSort8,11.155517578125000000,9.683776855468750000,,,922.663
JavaSort8,11.465881347656250000,9.993225097656250000,,,964.324
JavaSort8,11.344726562500000000,9.835815429687500000,,,926.423
JavaSort8,11.739990234375000000,10.176147460937500000,,,951.659
JavaSort8,11.127990722656250000,9.634887695312500000,,,932.62
JavaSort9,11.312744140625000000,9.732238769531250000,,,1023.25
JavaSort9,12.094360351562500000,10.486572265625000000,,,986.754
JavaSort9,11.231811523437500000,9.656005859375000000,,,949.054
JavaSort9,11.771789550781250000,10.221374511718750000,,,957.281
JavaSort9,12.936401367187500000,11.294067382812500000,,,1049.42
JavaSort9,11.646423339843750000,10.084655761718750000,,,981.017
JavaSort9,12.619628906250000000,11.006896972656250000,,,1034.6
JavaSort9,12.476684570312500000,10.804931640625000000,,,1038.85
JavaSort9,12.056762695312500000,10.485473632812500000,,,978.822
JavaSort9,11.829895019531250000,10.303710937500000000,,,972.11
JavaSort9,12.275756835937500000,10.736633300781250000,,,979.703
JavaSort9,12.661132812500000000,11.019348144531250000,,,1040.73
JavaSort9,11.506103515625000000,10.001098632812500000,,,944.447
JavaSort9,12.489013671875000000,10.824157714843750000,,,1024.13
JavaSort9,12.383605957031250000,10.695007324218750000,,,1030.16
JavaSort9,12.404052734375000000,10.742919921875000000,,,1097.54
JavaSort9,11.139404296875000000,9.674316406250000000,,,1004.98
JavaSort9,12.581970214843750000,10.921875000000000000,,,1032.97
JavaSort9,11.028137207031250000,9.606506347656250000,,,935.331
JavaSort9,11.664001464843750000,10.182922363281250000,,,958.711
JavaSort9,12.086791992187500000,10.512207031250000000,,,1041.84
JavaSort9,12.550292968750000000,10.887390136718750000,,,1017.37
JavaSort9,13.290710449218750000,11.526611328125000000,,,1162.31
JavaSort9,12.246948242187500000,10.572631835937500000,,,1018.66
JavaSort9,11.608703613281250000,10.026245117187500000,,,940.45
JavaSort9,13.502746582031250000,11.820068359375000000,,,1082.57
JavaSort9,12.243591308593750000,10.701232910156250000,,,1009.67
JavaSort9,11.995239257812500000,10.392822265625000000,,,969.703
JavaSort9,12.083618164062500000,10.426330566406250000,,,1123.91
JavaSort9,12.246948242187500000,10.645324707031250000,,,989.428
JavaSort9,12.221374511718750000,10.676147460937500000,,,1015.35
JavaSort9,12.440246582031250000,10.746704101562500000,,,998.646
JavaSort9,12.385498046875000000,10.797485351562500000,,,990.704
JavaSort9,11.774963378906250000,10.280273437500000000,,,970.116
JavaSort9,12.205627441406250000,10.665771484375000000,,,994.894
JavaSort9,11.722229003906250000,10.133666992187500000,,,966.786
JavaSort9,11.834350585937500000,10.214111328125000000,,,965.824
JavaSort9,11.435852050781250000,9.934570312500000000,,,928.262
JavaSort9,11.739868164062500000,10.202880859375000000,,,1028.78
JavaSort9,12.264221191406250000,10.669677734375000000,,,1026.66
JavaSort9,11.657836914062500000,10.144104003906250000,,,992.868
JavaSort9,12.092712402343750000,10.473449707031250000,,,984.581
JavaSort9,12.401916503906250000,10.732849121093750000,,,986.205
JavaSort9,12.011230468750000000,10.340270996093750000,,,1001.58
JavaSort9,12.761596679687500000,11.139892578125000000,,,1060.74
JavaSort9,11.902343750000000000,10.311950683593750000,,,974.188
JavaSort9,11.784973144531250000,10.304504394531250000,,,960.974
JavaSort9,12.223205566406250000,10.568237304687500000,,,1009.98
JavaSort9,11.544311523437500000,9.963623046875000000,,,952.82
JavaSort9,12.605895996093750000,10.896301269531250000,,,1042.95
JavaSort10,11.929016113281250000,10.328918457031250000,,,1015.27
JavaSort10,12.412170410156250000,10.839660644531250000,,,997.071
JavaSort10,11.707702636718750000,10.210205078125000000,,,1007.37
JavaSort10,11.651245117187500000,10.101257324218750000,,,1001.41
JavaSort10,12.106689453125000000,10.568969726562500000,,,995.23
JavaSort10,13.477966308593750000,11.666259765625000000,,,1092.15
JavaSort10,11.800048828125000000,10.140014648437500000,,,1002.68
JavaSort10,11.346435546875000000,9.890502929687500000,,,942.818
JavaSort10,11.255065917968750000,9.834899902343750000,,,938.987
JavaSort10,11.741638183593750000,10.249328613281250000,,,942.189
JavaSort10,12.183471679687500000,10.644714355468750000,,,999.446
JavaSort10,11.650878906250000000,10.073547363281250000,,,969.143
JavaSort10,11.441040039062500000,9.912963867187500000,,,955.213
JavaSort10,11.337707519531250000,9.865112304687500000,,,928.208
JavaSort10,12.461486816406250000,10.915710449218750000,,,993.454
JavaSort10,12.919189453125000000,11.281799316406250000,,,1061.27
JavaSort10,11.635131835937500000,10.091430664062500000,,,1021.88
JavaSort10,13.631347656250000000,11.798339843750000000,,,1125.42
JavaSort10,11.829528808593750000,10.322082519531250000,,,994.726
JavaSort10,12.867431640625000000,11.211975097656250000,,,1010.79
JavaSort10,11.887878417968750000,10.389343261718750000,,,976.553
JavaSort10,12.275573730468750000,10.707702636718750000,,,1012.97
JavaSort10,12.455993652343750000,10.905395507812500000,,,997.72
JavaSort10,12.762878417968750000,11.087890625000000000,,,1029.69
JavaSort10,12.664245605468750000,11.054992675781250000,,,1047.47
JavaSort10,12.051635742187500000,10.484069824218750000,,,1013.84
JavaSort10,12.329162597656250000,10.755310058593750000,,,1033.43
JavaSort10,12.872497558593750000,11.183044433593750000,,,1067.56
JavaSort10,12.495483398437500000,10.791503906250000000,,,1138.92
JavaSort10,11.710693359375000000,10.176818847656250000,,,992.625
JavaSort10,12.336975097656250000,10.754150390625000000,,,1020.43
JavaSort10,11.126098632812500000,9.570190429687500000,,,935.855
JavaSort10,12.718261718750000000,11.019226074218750000,,,1020.4
JavaSort10,12.514160156250000000,10.794738769531250000,,,1018.77
JavaSort10,11.438415527343750000,9.869628906250000000,,,943.919
JavaSort10,11.895263671875000000,10.252563476562500000,,,991.991
JavaSort10,11.776916503906250000,10.256347656250000000,,,989.287
JavaSort10,12.189575195312500000,10.571166992187500000,,,963.379
JavaSort10,12.528442382812500000,10.821899414062500000,,,1038.62
JavaSort10,11.981323242187500000,10.395324707031250000,,,986.953
JavaSort10,11.377868652343750000,9.864318847656250000,,,1015.02
JavaSort10,12.039123535156250000,10.380737304687500000,,,1001.81
JavaSort10,11.796203613281250000,10.170593261718750000,,,989.618
JavaSort10,11.436035156250000000,9.911926269531250000,,,906.195
JavaSort10,11.089233398437500000,9.713623046875000000,,,900.027
JavaSort10,11.634521484375000000,10.097900390625000000,,,934.426
JavaSort10,12.722595214843750000,10.982727050781250000,,,1033.8
JavaSort10,11.274597167968750000,9.751708984375000000,,,935.043
JavaSort10,11.991394042968750000,10.473693847656250000,,,994.36
JavaSort10,11.244873046875000000,9.801879882812500000,,,941.305
