Idle25000,9.442687988281250000, 8.074462890625000000,  ,  ,  912.614 
Idle25000,9.968750000000000000, 8.516845703125000000,  ,  ,  990.45 
Idle25000,10.026000976562500000, 8.590332031250000000,  ,  ,  977.64 
Idle25000,9.318420410156250000, 7.906921386718750000,  ,  ,  946.095 
Idle25000,10.093444824218750000, 8.681701660156250000,  ,  ,  954.983 
Idle25000,9.257873535156250000, 7.816528320312500000,  ,  ,  964.766 
Idle25000,9.948974609375000000, 8.434143066406250000,  ,  ,  1007.78 
Idle25000,9.746948242187500000, 8.350402832031250000,  ,  ,  917.975 
Idle25000,9.659667968750000000, 8.260925292968750000,  ,  ,  920.241 
Idle25000,9.874633789062500000, 8.398620605468750000,  ,  ,  977.241 
Idle25000,9.810607910156250000, 8.349426269531250000,  ,  ,  957.201 
Idle25000,9.717163085937500000, 8.273803710937500000,  ,  ,  949.154 
Idle25000,9.317687988281250000, 7.942565917968750000,  ,  ,  904.48 
Idle25000,9.816223144531250000, 8.363830566406250000,  ,  ,  953.818 
Idle25000,9.611633300781250000, 8.187133789062500000,  ,  ,  944.216 
Idle25000,9.786804199218750000, 8.297607421875000000,  ,  ,  988.601 
Idle25000,9.065246582031250000, 7.730834960937500000,  ,  ,  871.251 
Idle25000,9.419372558593750000, 8.036132812500000000,  ,  ,  924.541 
Idle25000,9.358825683593750000, 8.001708984375000000,  ,  ,  889.615 
Idle25000,9.768005371093750000, 8.339965820312500000,  ,  ,  938.294 
Idle25000,9.530151367187500000, 8.068908691406250000,  ,  ,  964.835 
Idle25000,10.292175292968750000, 8.781127929687500000,  ,  ,  979.796 
Idle25000,9.584472656250000000, 8.231506347656250000,  ,  ,  956.823 
Idle25000,8.875061035156250000, 7.678771972656250000,  ,  ,  838.662 
Idle25000,8.916198730468750000, 7.711242675781250000,  ,  ,  866.614 
Idle25000,9.198608398437500000, 7.982299804687500000,  ,  ,  898.493 
Idle25000,9.805969238281250000, 8.510559082031250000,  ,  ,  952.154 
Idle25000,10.167541503906250000, 8.829467773437500000,  ,  ,  981 
Idle25000,9.079895019531250000, 7.786804199218750000,  ,  ,  986.632 
Idle25000,9.656250000000000000, 8.408020019531250000,  ,  ,  909.143 
Idle25000,9.762634277343750000, 8.431640625000000000,  ,  ,  990.47 
Idle25000,8.876953125000000000, 7.667602539062500000,  ,  ,  900.397 
Idle25000,9.090759277343750000, 7.884826660156250000,  ,  ,  849.982 
Idle25000,9.763671875000000000, 8.475219726562500000,  ,  ,  946.3 
Idle25000,9.766174316406250000, 8.514343261718750000,  ,  ,  901.815 
Idle25000,10.171142578125000000, 8.782958984375000000,  ,  ,  1044.99 
Idle25000,10.014526367187500000, 8.677673339843750000,  ,  ,  973.094 
Idle25000,9.059753417968750000, 7.874206542968750000,  ,  ,  851.63 
Idle25000,9.664428710937500000, 8.347961425781250000,  ,  ,  947.086 
Idle25000,9.641235351562500000, 8.335510253906250000,  ,  ,  942.687 
Idle25000,9.354919433593750000, 8.069580078125000000,  ,  ,  939.72 
Idle25000,9.287780761718750000, 8.050537109375000000,  ,  ,  902.522 
Idle25000,10.171325683593750000, 8.826721191406250000,  ,  ,  978.352 
Idle25000,9.571777343750000000, 8.216857910156250000,  ,  ,  1027.64 
Idle25000,9.689086914062500000, 8.393981933593750000,  ,  ,  941.33 
Idle25000,9.427429199218750000, 8.164855957031250000,  ,  ,  908.423 
Idle25000,9.046325683593750000, 7.825683593750000000,  ,  ,  899.455 
Idle25000,10.513610839843750000, 9.139709472656250000,  ,  ,  1003.21 
Idle25000,9.258300781250000000, 7.946411132812500000,  ,  ,  1001.98 
Idle25000,9.655761718750000000, 8.388916015625000000,  ,  ,  918.679 
Idle25000,9.424499511718750000, 8.204528808593750000,  ,  ,  877.637 
Idle25000,9.126647949218750000, 7.898193359375000000,  ,  ,  907.664 
Idle25000,10.292236328125000000, 8.948059082031250000,  ,  ,  965.083 
Idle25000,9.155517578125000000, 7.971191406250000000,  ,  ,  851.291 
Idle25000,9.545715332031250000, 8.263061523437500000,  ,  ,  915.634 
Idle25000,9.369567871093750000, 8.163818359375000000,  ,  ,  878.209 
Idle25000,9.659667968750000000, 8.359436035156250000,  ,  ,  954.404 
Idle25000,9.792968750000000000, 8.475708007812500000,  ,  ,  960.125 
Idle25000,9.203430175781250000, 7.991943359375000000,  ,  ,  864.527 
Idle25000,8.983764648437500000, 7.694274902343750000,  ,  ,  1001.24 
Idle25000,9.122863769531250000, 7.815490722656250000,  ,  ,  994.687 
Idle25000,9.882507324218750000, 8.556152343750000000,  ,  ,  968.794 
Idle25000,10.179199218750000000, 8.855163574218750000,  ,  ,  960.5 
Idle25000,8.956604003906250000, 7.739196777343750000,  ,  ,  878.967 
Idle25000,10.127624511718750000, 8.799743652343750000,  ,  ,  955.772 
Idle25000,9.189147949218750000, 7.995666503906250000,  ,  ,  867.169 
Idle25000,10.146972656250000000, 8.835266113281250000,  ,  ,  945.102 
Idle25000,9.808593750000000000, 8.521606445312500000,  ,  ,  923.745 
Idle25000,9.174682617187500000, 7.960876464843750000,  ,  ,  875.743 
Idle25000,9.638305664062500000, 8.353637695312500000,  ,  ,  944.279 
Idle25000,9.093139648437500000, 7.880310058593750000,  ,  ,  877.891 
Idle25000,9.932434082031250000, 8.627685546875000000,  ,  ,  932.07 
Idle25000,9.608398437500000000, 8.345764160156250000,  ,  ,  924.944 
Idle25000,9.313720703125000000, 8.093933105468750000,  ,  ,  865.577 
Idle25000,9.302734375000000000, 8.072448730468750000,  ,  ,  880.177 
Idle25000,9.890258789062500000, 8.599121093750000000,  ,  ,  927.024 
Idle25000,10.140136718750000000, 8.754821777343750000,  ,  ,  1013.49 
Idle25000,9.604492187500000000, 8.333190917968750000,  ,  ,  928.441 
Idle25000,9.944641113281250000, 8.624450683593750000,  ,  ,  961.343 
Idle25000,10.467834472656250000, 9.095947265625000000,  ,  ,  988.397 
Idle25000,10.207275390625000000, 8.890991210937500000,  ,  ,  944.713 
Idle25000,9.604614257812500000, 8.355407714843750000,  ,  ,  891.335 
Idle25000,9.147521972656250000, 7.932800292968750000,  ,  ,  848.371 
Idle25000,9.273498535156250000, 8.081909179687500000,  ,  ,  883.569 
Idle25000,10.254394531250000000, 8.896057128906250000,  ,  ,  984.027 
Idle25000,9.686096191406250000, 8.413208007812500000,  ,  ,  915.555 
Idle25000,9.295776367187500000, 7.981628417968750000,  ,  ,  990.54 
Idle25000,9.119995117187500000, 7.917602539062500000,  ,  ,  840.981 
Idle25000,9.675354003906250000, 8.428100585937500000,  ,  ,  918.428 
Idle25000,9.132385253906250000, 7.935180664062500000,  ,  ,  890.069 
Idle25000,9.529663085937500000, 8.286254882812500000,  ,  ,  887.997 
Idle25000,9.719848632812500000, 8.460937500000000000,  ,  ,  906.395 
Idle25000,9.151489257812500000, 7.944335937500000000,  ,  ,  884.02 
Idle25000,9.368957519531250000, 8.150390625000000000,  ,  ,  867.636 
Idle25000,9.399169921875000000, 8.169799804687500000,  ,  ,  869.95 
Idle25000,9.047363281250000000, 7.858764648437500000,  ,  ,  867.917 
Idle25000,9.550964355468750000, 8.267883300781250000,  ,  ,  936.622 
Idle25000,9.347290039062500000, 8.078735351562500000,  ,  ,  928.913 
Idle25000,10.186889648437500000, 8.834899902343750000,  ,  ,  982.432 
Idle25000,9.338073730468750000, 8.056213378906250000,  ,  ,  947.23 
Idle25000,9.164611816406250000, 7.977661132812500000,  ,  ,  878.144 
Idle25000,9.839050292968750000, 8.448669433593750000,  ,  ,  1070.22 
Idle25000,9.194641113281250000, 7.916381835937500000,  ,  ,  924.165 
Idle25000,9.369689941406250000, 8.130676269531250000,  ,  ,  910.248 
Idle25000,9.329467773437500000, 8.124145507812500000,  ,  ,  861.956 
Idle25000,9.512817382812500000, 8.242126464843750000,  ,  ,  926.066 
Idle25000,10.286987304687500000, 8.934936523437500000,  ,  ,  976.436 
Idle25000,10.270446777343750000, 8.908813476562500000,  ,  ,  998.19 
Idle25000,9.099731445312500000, 7.856384277343750000,  ,  ,  912.173 
Idle25000,9.624877929687500000, 8.282287597656250000,  ,  ,  1006.01 
Idle25000,10.225036621093750000, 8.842346191406250000,  ,  ,  986.905 
Idle25000,10.358093261718750000, 9.014648437500000000,  ,  ,  969.88 
Idle25000,10.238159179687500000, 8.929687500000000000,  ,  ,  938.726 
Idle25000,9.723449707031250000, 8.461059570312500000,  ,  ,  911.482 
Idle25000,9.180847167968750000, 7.987731933593750000,  ,  ,  851.59 
Idle25000,9.274353027343750000, 8.070068359375000000,  ,  ,  867.468 
Idle25000,9.314270019531250000, 8.089233398437500000,  ,  ,  875.726 
Idle25000,9.409057617187500000, 8.163024902343750000,  ,  ,  906.036 
Idle25000,10.217529296875000000, 8.885314941406250000,  ,  ,  958.673 
Idle25000,10.141296386718750000, 8.835388183593750000,  ,  ,  961.857 
Idle25000,9.393554687500000000, 8.163085937500000000,  ,  ,  873.284 
Idle25000,9.196594238281250000, 7.976318359375000000,  ,  ,  886.137 
Idle25000,9.780151367187500000, 8.488647460937500000,  ,  ,  929.013 
Idle25000,10.297790527343750000, 8.927795410156250000,  ,  ,  995.337 
Idle25000,9.145690917968750000, 7.836242675781250000,  ,  ,  981.123 
Idle25000,9.882019042968750000, 8.577270507812500000,  ,  ,  939.403 
Idle25000,10.179138183593750000, 8.778991699218750000,  ,  ,  1036.66 
Idle25000,9.234313964843750000, 7.934265136718750000,  ,  ,  967.601 
Idle25000,9.887634277343750000, 8.591857910156250000,  ,  ,  941.636 
Idle25000,9.966613769531250000, 8.634094238281250000,  ,  ,  956.736 
Idle25000,10.248107910156250000, 8.923339843750000000,  ,  ,  947.468 
Idle25000,9.231506347656250000, 8.021362304687500000,  ,  ,  888.342 
Idle25000,10.133300781250000000, 8.786132812500000000,  ,  ,  980.608 
Idle25000,10.109924316406250000, 8.768432617187500000,  ,  ,  972.471 
Idle25000,9.258239746093750000, 8.010437011718750000,  ,  ,  891.968 
Idle25000,9.203186035156250000, 7.972900390625000000,  ,  ,  893.884 
Idle25000,9.725036621093750000, 8.410217285156250000,  ,  ,  918.652 
Idle25000,9.055603027343750000, 7.879638671875000000,  ,  ,  839.434 
Idle25000,9.865844726562500000, 8.553710937500000000,  ,  ,  955.272 
Idle25000,9.347961425781250000, 8.121948242187500000,  ,  ,  875.104 
Idle25000,9.793334960937500000, 8.451965332031250000,  ,  ,  963.377 
Idle25000,10.046813964843750000, 8.748474121093750000,  ,  ,  917.135 
Idle25000,10.146545410156250000, 8.783935546875000000,  ,  ,  937.969 
Idle25000,9.295410156250000000, 7.972106933593750000,  ,  ,  938.298 
Idle25000,10.471496582031250000, 9.046936035156250000,  ,  ,  985.593 
Idle25000,9.663391113281250000, 8.359069824218750000,  ,  ,  895.633 
Idle25000,9.205444335937500000, 7.924499511718750000,  ,  ,  879.334 
Idle25000,9.257629394531250000, 7.963500976562500000,  ,  ,  900.22 
Idle25000,10.510803222656250000, 9.062622070312500000,  ,  ,  1002.63 
Idle25000,9.060729980468750000, 7.851989746093750000,  ,  ,  843.203 
Idle25000,9.975036621093750000, 8.640869140625000000,  ,  ,  911.413 
Idle25000,9.383239746093750000, 8.092834472656250000,  ,  ,  898.716 
Idle25000,9.591003417968750000, 8.278808593750000000,  ,  ,  904.715 
Idle25000,9.576171875000000000, 8.225219726562500000,  ,  ,  938.377 
Idle25000,9.229003906250000000, 7.951171875000000000,  ,  ,  882.513 
Idle25000,10.187500000000000000, 8.813537597656250000,  ,  ,  949.163 
Idle25000,9.551940917968750000, 8.268127441406250000,  ,  ,  875.688 
Idle25000,9.123046875000000000, 7.877807617187500000,  ,  ,  850.59 
Idle25000,10.515747070312500000, 8.975097656250000000,  ,  ,  1105.64 
Idle25000,10.426391601562500000, 8.972778320312500000,  ,  ,  1015.36 
Idle25000,9.826354980468750000, 8.478210449218750000,  ,  ,  939.434 
Idle25000,10.393615722656250000, 8.972106933593750000,  ,  ,  998.278 
Idle25000,9.111083984375000000, 7.884399414062500000,  ,  ,  837.068 
Idle25000,9.897033691406250000, 8.545166015625000000,  ,  ,  926.868 
Idle25000,9.294738769531250000, 8.038269042968750000,  ,  ,  853.862 
Idle25000,9.681640625000000000, 8.386047363281250000,  ,  ,  885.433 
Idle25000,9.254882812500000000, 8.005859375000000000,  ,  ,  849.627 
Idle25000,9.349060058593750000, 8.057800292968750000,  ,  ,  910.182 
Idle25000,9.240234375000000000, 7.972961425781250000,  ,  ,  884.34 
Idle25000,9.939086914062500000, 8.608398437500000000,  ,  ,  901.042 
Idle25000,9.351257324218750000, 8.092407226562500000,  ,  ,  860.545 
Idle25000,10.390380859375000000, 8.953735351562500000,  ,  ,  992.441 
Idle25000,9.500976562500000000, 8.229736328125000000,  ,  ,  870.474 
Idle25000,9.934936523437500000, 8.594543457031250000,  ,  ,  941.159 
Idle25000,9.381896972656250000, 8.105834960937500000,  ,  ,  890.245 
Idle25000,10.121154785156250000, 8.727355957031250000,  ,  ,  967.875 
Idle25000,9.470214843750000000, 8.152893066406250000,  ,  ,  898.401 
Idle25000,9.881835937500000000, 8.555541992187500000,  ,  ,  935.078 
Idle25000,10.070556640625000000, 8.705993652343750000,  ,  ,  948.259 
Idle25000,9.816833496093750000, 8.498352050781250000,  ,  ,  927.255 
Idle25000,9.943969726562500000, 8.622924804687500000,  ,  ,  902.352 
Idle25000,9.956542968750000000, 8.598815917968750000,  ,  ,  914.867 
Idle25000,9.732971191406250000, 8.392395019531250000,  ,  ,  924.285 
Idle25000,9.219787597656250000, 7.973693847656250000,  ,  ,  862.734 
Idle25000,10.604431152343750000, 9.175720214843750000,  ,  ,  994.155 
Idle25000,9.598876953125000000, 8.305175781250000000,  ,  ,  912.007 
Idle25000,9.260803222656250000, 8.018798828125000000,  ,  ,  852.196 
Idle25000,9.909667968750000000, 8.550903320312500000,  ,  ,  937.547 
Idle25000,9.369079589843750000, 8.098083496093750000,  ,  ,  877.258 
Idle25000,9.458312988281250000, 8.162780761718750000,  ,  ,  893.399 
Idle25000,9.792602539062500000, 8.421020507812500000,  ,  ,  966.842 
Idle25000,9.881530761718750000, 8.541625976562500000,  ,  ,  930.922 
Idle25000,9.841857910156250000, 8.506042480468750000,  ,  ,  932.891 
Idle25000,9.632080078125000000, 8.322753906250000000,  ,  ,  906.824 
Idle25000,9.783508300781250000, 8.395751953125000000,  ,  ,  969.238 
Idle25000,9.649963378906250000, 8.329345703125000000,  ,  ,  915.135 
Idle25000,9.904113769531250000, 8.591918945312500000,  ,  ,  904.703 
Idle25000,9.489868164062500000, 8.194030761718750000,  ,  ,  917.029 
Idle25000,9.359558105468750000, 8.095336914062500000,  ,  ,  855.698 
Idle25000,9.650451660156250000, 8.267944335937500000,  ,  ,  983.969 
Idle25000,9.441650390625000000, 8.137023925781250000,  ,  ,  915.911 
Idle25000,9.290893554687500000, 7.934020996093750000,  ,  ,  971.028 
Idle25000,9.483703613281250000, 8.120605468750000000,  ,  ,  951.703 
Idle25000,9.317504882812500000, 8.021057128906250000,  ,  ,  889.483 
Idle25000,9.032958984375000000, 7.782836914062500000,  ,  ,  857.748 
Idle25000,9.358764648437500000, 8.072143554687500000,  ,  ,  888.454 
Idle25000,9.749877929687500000, 8.397888183593750000,  ,  ,  940.281 
Idle25000,9.650329589843750000, 8.309753417968750000,  ,  ,  926.148 
Idle25000,9.738281250000000000, 8.423278808593750000,  ,  ,  900.964 
Idle25000,9.965881347656250000, 8.597961425781250000,  ,  ,  937.49 
Idle25000,9.554626464843750000, 8.260681152343750000,  ,  ,  914.296 
Idle25000,9.652770996093750000, 8.339599609375000000,  ,  ,  899.005 
Idle25000,9.624511718750000000, 8.244445800781250000,  ,  ,  984.24 
Idle25000,9.690002441406250000, 8.388488769531250000,  ,  ,  884.621 
Idle25000,9.149108886718750000, 7.798095703125000000,  ,  ,  978.198 
Idle25000,9.647338867187500000, 8.348815917968750000,  ,  ,  880.065 
Idle25000,9.127319335937500000, 7.882019042968750000,  ,  ,  846.779 
Idle25000,9.265869140625000000, 8.030822753906250000,  ,  ,  849.492 
Idle25000,9.959411621093750000, 8.590148925781250000,  ,  ,  916.786 
Idle25000,9.230468750000000000, 7.997192382812500000,  ,  ,  843.718 
Idle25000,9.148986816406250000, 7.912780761718750000,  ,  ,  834.538 
Idle25000,9.440490722656250000, 8.173461914062500000,  ,  ,  863.853 
Idle25000,9.838317871093750000, 8.527099609375000000,  ,  ,  893.502 
Idle25000,10.379943847656250000, 8.970153808593750000,  ,  ,  979.163 
Idle25000,9.795776367187500000, 8.409484863281250000,  ,  ,  986.196 
Idle25000,9.439270019531250000, 8.173034667968750000,  ,  ,  861.912 
Idle25000,9.200500488281250000, 7.944213867187500000,  ,  ,  866.803 
Idle25000,9.481079101562500000, 8.166870117187500000,  ,  ,  928.805 
Idle25000,9.341247558593750000, 8.017333984375000000,  ,  ,  933.136 
Idle25000,9.834960937500000000, 8.471740722656250000,  ,  ,  949.282 
Idle25000,10.331665039062500000, 8.917663574218750000,  ,  ,  973.096 
Idle25000,9.680175781250000000, 8.269287109375000000,  ,  ,  1015.95 
Idle25000,10.142028808593750000, 8.704223632812500000,  ,  ,  994.162 
Idle25000,9.976684570312500000, 8.617614746093750000,  ,  ,  937.696 
Idle25000,10.521240234375000000, 9.108154296875000000,  ,  ,  965.494 
Idle25000,9.801330566406250000, 8.420593261718750000,  ,  ,  970.111 
Idle25000,10.024536132812500000, 8.575744628906250000,  ,  ,  1033.43 
Idle25000,9.959045410156250000, 8.510864257812500000,  ,  ,  1034.15 
Idle25000,10.178222656250000000, 8.725891113281250000,  ,  ,  1017.64 
Idle25000,9.319030761718750000, 7.978942871093750000,  ,  ,  937.279 
Idle25000,9.278564453125000000, 8.036621093750000000,  ,  ,  849.002 
Idle25000,9.341308593750000000, 8.064270019531250000,  ,  ,  878.724 
Idle25000,9.663696289062500000, 8.339050292968750000,  ,  ,  906.272 
Idle25000,9.477294921875000000, 8.203674316406250000,  ,  ,  872.643 
Idle25000,10.426391601562500000, 8.943359375000000000,  ,  ,  1050.88 
Idle25000,10.368469238281250000, 8.934020996093750000,  ,  ,  1010.9 
Idle25000,9.140197753906250000, 7.918762207031250000,  ,  ,  837.481 
Idle25000,9.253967285156250000, 7.996643066406250000,  ,  ,  860.234 
Idle25000,9.635498046875000000, 8.333801269531250000,  ,  ,  883.175 
Idle25000,9.406250000000000000, 8.109802246093750000,  ,  ,  896.115 
Idle25000,9.918884277343750000, 8.597717285156250000,  ,  ,  899.335 
Idle25000,9.924865722656250000, 8.556274414062500000,  ,  ,  969.428 
Idle25000,9.221618652343750000, 7.912475585937500000,  ,  ,  899.156 
Idle25000,10.808288574218750000, 9.300415039062500000,  ,  ,  1027.05 
Idle25000,9.299865722656250000, 7.981689453125000000,  ,  ,  928.977 
Idle25000,10.497497558593750000, 9.054016113281250000,  ,  ,  981.6 
Idle25000,10.768981933593750000, 9.261352539062500000,  ,  ,  1038.46 
Idle25000,9.633361816406250000, 8.293273925781250000,  ,  ,  933.977 
Idle25000,10.409301757812500000, 9.016723632812500000,  ,  ,  948.262 
Idle25000,9.928527832031250000, 8.563415527343750000,  ,  ,  926.622 
Idle25000,9.878173828125000000, 8.557434082031250000,  ,  ,  948.538 
Idle25000,9.974914550781250000, 8.625183105468750000,  ,  ,  938.175 
Idle25000,9.849426269531250000, 8.503356933593750000,  ,  ,  923.88 
Idle25000,10.228881835937500000, 8.852539062500000000,  ,  ,  960.441 
Idle25000,9.321594238281250000, 8.043701171875000000,  ,  ,  849.204 
Idle25000,9.965515136718750000, 8.625793457031250000,  ,  ,  955.483 
Idle25000,9.337707519531250000, 8.013000488281250000,  ,  ,  910.912 
Idle25000,9.860595703125000000, 8.528930664062500000,  ,  ,  927.455 
Idle25000,9.548522949218750000, 8.247375488281250000,  ,  ,  879.405 
Idle25000,9.983093261718750000, 8.632141113281250000,  ,  ,  920.244 
Idle25000,9.312011718750000000, 7.991149902343750000,  ,  ,  884.089 
Idle25000,9.107788085937500000, 7.866271972656250000,  ,  ,  886.935 
Idle25000,9.531433105468750000, 8.196411132812500000,  ,  ,  922.914 
Idle25000,9.670532226562500000, 8.371704101562500000,  ,  ,  884.319 
Idle25000,10.537719726562500000, 9.147155761718750000,  ,  ,  947.096 
Idle25000,9.634216308593750000, 8.359802246093750000,  ,  ,  879.049 
Idle25000,9.283020019531250000, 7.930236816406250000,  ,  ,  972.545 
Idle25000,10.430664062500000000, 8.935058593750000000,  ,  ,  1065.21 
Idle25000,9.479125976562500000, 8.171813964843750000,  ,  ,  912.115 
Idle25000,9.248718261718750000, 7.982604980468750000,  ,  ,  881.345 
Idle25000,9.172973632812500000, 7.908569335937500000,  ,  ,  867.864 
Idle25000,9.882446289062500000, 8.516845703125000000,  ,  ,  947.258 
Idle25000,9.948608398437500000, 8.588317871093750000,  ,  ,  929.798 
Idle25000,9.489440917968750000, 8.178833007812500000,  ,  ,  912.05 
Idle25000,10.012084960937500000, 8.636291503906250000,  ,  ,  956.843 
Idle25000,10.246154785156250000, 8.843994140625000000,  ,  ,  965.508 
Idle25000,10.441284179687500000, 9.020812988281250000,  ,  ,  975.078 
Idle25000,10.006713867187500000, 8.534301757812500000,  ,  ,  1062.15 
Idle25000,9.205078125000000000, 7.888061523437500000,  ,  ,  910.483 
Idle25000,9.518249511718750000, 8.143676757812500000,  ,  ,  937.924 
Idle25000,9.512145996093750000, 8.220703125000000000,  ,  ,  900.923 
Idle25000,9.453369140625000000, 8.166381835937500000,  ,  ,  884.471 
Idle25000,9.451110839843750000, 8.168640136718750000,  ,  ,  893.36 
Idle25000,9.341430664062500000, 8.062377929687500000,  ,  ,  886.627 
Idle25000,9.333923339843750000, 8.086059570312500000,  ,  ,  856.358 
Idle25000,9.296875000000000000, 8.038574218750000000,  ,  ,  871.537 
Idle25000,10.423339843750000000, 9.027099609375000000,  ,  ,  943.327 
Idle25000,9.584960937500000000, 8.272277832031250000,  ,  ,  902.403 
Idle25000,9.965454101562500000, 8.586364746093750000,  ,  ,  953.817 
Idle25000,9.448486328125000000, 8.108764648437500000,  ,  ,  926.369 
Idle25000,9.938659667968750000, 8.568481445312500000,  ,  ,  953.405 
Idle25000,9.789245605468750000, 8.453552246093750000,  ,  ,  921.633 
Idle25000,9.445373535156250000, 8.167175292968750000,  ,  ,  886.157 
Idle25000,9.315551757812500000, 8.031738281250000000,  ,  ,  878.037 
Idle25000,9.349487304687500000, 8.054809570312500000,  ,  ,  885.519 
Idle25000,9.945068359375000000, 8.591796875000000000,  ,  ,  952.348 
Idle25000,9.185485839843750000, 7.948242187500000000,  ,  ,  841.535 
Idle25000,9.240295410156250000, 7.952575683593750000,  ,  ,  888.747 
Idle25000,10.580200195312500000, 9.133605957031250000,  ,  ,  993.459 
Idle25000,9.966491699218750000, 8.644226074218750000,  ,  ,  905.771 
Idle25000,9.261291503906250000, 8.018371582031250000,  ,  ,  842.266 
Idle25000,10.609008789062500000, 9.177917480468750000,  ,  ,  992.595 
Idle25000,10.628662109375000000, 9.177673339843750000,  ,  ,  1008.22 
Idle25000,9.325195312500000000, 7.982116699218750000,  ,  ,  942.542 
Idle25000,9.476257324218750000, 8.204223632812500000,  ,  ,  865.502 
Idle25000,10.025756835937500000, 8.636718750000000000,  ,  ,  954.004 
Idle25000,10.000183105468750000, 8.657714843750000000,  ,  ,  911.597 
Idle25000,9.683776855468750000, 8.374267578125000000,  ,  ,  911.644 
Idle25000,9.349914550781250000, 8.085083007812500000,  ,  ,  862.092 
Idle25000,9.462768554687500000, 8.182922363281250000,  ,  ,  873.012 
Idle25000,9.452819824218750000, 8.132141113281250000,  ,  ,  917.863 
Idle25000,10.625915527343750000, 9.204711914062500000,  ,  ,  968.725 
Idle25000,10.506591796875000000, 9.064697265625000000,  ,  ,  983.367 
Idle25000,9.704589843750000000, 8.406127929687500000,  ,  ,  878.268 
Idle25000,9.848632812500000000, 8.463989257812500000,  ,  ,  973.484 
Idle25000,9.814819335937500000, 8.487915039062500000,  ,  ,  886.032 
Idle25000,9.929016113281250000, 8.524475097656250000,  ,  ,  954.096 
Idle25000,10.129089355468750000, 8.761718750000000000,  ,  ,  925.024 
Idle25000,10.287231445312500000, 8.874816894531250000,  ,  ,  970.372 
Idle25000,9.141357421875000000, 7.854492187500000000,  ,  ,  909.255 
Idle25000,9.379638671875000000, 8.099731445312500000,  ,  ,  872.115 
Idle25000,9.712341308593750000, 8.377014160156250000,  ,  ,  910.59 
Idle25000,9.367736816406250000, 8.083435058593750000,  ,  ,  887.859 
Idle25000,10.513305664062500000, 9.080078125000000000,  ,  ,  988.331 
Idle25000,10.564636230468750000, 9.115356445312500000,  ,  ,  993.302 
Idle25000,9.288635253906250000, 8.044067382812500000,  ,  ,  849.759 
Idle25000,9.460693359375000000, 8.161315917968750000,  ,  ,  892.688 
Idle25000,9.287841796875000000, 8.039978027343750000,  ,  ,  844.548 
Idle25000,10.598266601562500000, 9.153930664062500000,  ,  ,  1001.41 
Idle25000,9.935607910156250000, 8.550048828125000000,  ,  ,  965.877 
Idle25000,8.748535156250000000, 7.522888183593750000,  ,  ,  860.165 
Idle25000,9.709167480468750000, 8.384521484375000000,  ,  ,  928.648 
Idle25000,9.300842285156250000, 8.023742675781250000,  ,  ,  879.826 
Idle25000,9.931213378906250000, 8.572387695312500000,  ,  ,  932.075 
Idle25000,9.532409667968750000, 8.236633300781250000,  ,  ,  883.796 
Idle25000,9.950378417968750000, 8.563110351562500000,  ,  ,  959.265 
Idle25000,10.518310546875000000, 9.080200195312500000,  ,  ,  979.823 
Idle25000,9.972656250000000000, 8.630676269531250000,  ,  ,  918.15 
Idle25000,9.953002929687500000, 8.585327148437500000,  ,  ,  938.291 
Idle25000,9.351562500000000000, 8.078796386718750000,  ,  ,  877.46 
Idle25000,9.820129394531250000, 8.471130371093750000,  ,  ,  926.086 
Idle25000,10.040893554687500000, 8.672485351562500000,  ,  ,  932.862 
Idle25000,9.391174316406250000, 8.078430175781250000,  ,  ,  902.392 
Idle25000,10.424377441406250000, 9.041625976562500000,  ,  ,  950.101 
Idle25000,10.344299316406250000, 8.895751953125000000,  ,  ,  1002.06 
Idle25000,9.876708984375000000, 8.412109375000000000,  ,  ,  1058.65 
Idle25000,9.225280761718750000, 7.976928710937500000,  ,  ,  851.97 
Idle25000,10.016540527343750000, 8.665405273437500000,  ,  ,  914.479 
Idle25000,10.469909667968750000, 9.067382812500000000,  ,  ,  939.953 
Idle25000,9.825073242187500000, 8.480834960937500000,  ,  ,  915.648 
Idle25000,10.024291992187500000, 8.654907226562500000,  ,  ,  938.926 
Idle25000,9.853271484375000000, 8.469238281250000000,  ,  ,  973.239 
Idle25000,9.157165527343750000, 7.825378417968750000,  ,  ,  913.926 
Idle25000,9.374877929687500000, 8.082580566406250000,  ,  ,  899.409 
Idle25000,9.439514160156250000, 8.173706054687500000,  ,  ,  863.024 
Idle25000,9.867675781250000000, 8.532958984375000000,  ,  ,  916.692 
Idle25000,9.412963867187500000, 8.122619628906250000,  ,  ,  879.294 
Idle25000,9.674133300781250000, 8.338500976562500000,  ,  ,  915.737 
Idle25000,9.281555175781250000, 8.003112792968750000,  ,  ,  886.526 
Idle25000,9.485717773437500000, 8.212829589843750000,  ,  ,  866.125 
Idle25000,9.999023437500000000, 8.636901855468750000,  ,  ,  935.479 
Idle25000,9.973571777343750000, 8.620422363281250000,  ,  ,  943.726 
Idle25000,10.137512207031250000, 8.765014648437500000,  ,  ,  951.004 
Idle25000,9.520141601562500000, 8.202331542968750000,  ,  ,  908.84 
Idle25000,9.528259277343750000, 8.213073730468750000,  ,  ,  907.587 
Idle25000,9.321838378906250000, 8.054626464843750000,  ,  ,  857.522 
Idle25000,9.271606445312500000, 8.021850585937500000,  ,  ,  846.914 
Idle25000,9.223632812500000000, 7.966308593750000000,  ,  ,  881.667 
Idle25000,9.432678222656250000, 8.133117675781250000,  ,  ,  873.852 
Idle25000,9.087036132812500000, 7.851440429687500000,  ,  ,  841.252 
Idle25000,9.223205566406250000, 7.952392578125000000,  ,  ,  873.051 
Idle25000,9.378417968750000000, 8.081665039062500000,  ,  ,  894.782 
Idle25000,9.274658203125000000, 7.965515136718750000,  ,  ,  908.869 
Idle25000,9.267639160156250000, 7.993774414062500000,  ,  ,  864.226 
Idle25000,10.409118652343750000, 8.981445312500000000,  ,  ,  976.235 
Idle25000,9.208435058593750000, 7.919006347656250000,  ,  ,  893.177 
Idle25000,9.349975585937500000, 8.087585449218750000,  ,  ,  856.161 
Idle25000,10.007568359375000000, 8.577270507812500000,  ,  ,  970.327 
Idle25000,9.801879882812500000, 8.472351074218750000,  ,  ,  898.497 
Idle25000,10.105834960937500000, 8.712219238281250000,  ,  ,  966.831 
Idle25000,9.804199218750000000, 8.393859863281250000,  ,  ,  979.314 
Idle25000,9.703735351562500000, 8.383972167968750000,  ,  ,  897.104 
Idle25000,10.040588378906250000, 8.706481933593750000,  ,  ,  902.881 
Idle25000,9.479614257812500000, 8.180419921875000000,  ,  ,  896.098 
Idle25000,10.403015136718750000, 8.983032226562500000,  ,  ,  954.863 
Idle25000,9.737854003906250000, 8.416076660156250000,  ,  ,  887.918 
Idle25000,9.502868652343750000, 8.198730468750000000,  ,  ,  900.021 
Idle25000,9.472167968750000000, 8.145874023437500000,  ,  ,  918.631 
Idle25000,10.580322265625000000, 9.036621093750000000,  ,  ,  1055.17 
Idle25000,9.233642578125000000, 7.913574218750000000,  ,  ,  932.015 
Idle50000,11.206237792968750000, 9.654846191406250000,  ,  ,  1010.43 
Idle50000,10.012084960937500000, 8.630065917968750000,  ,  ,  943.582 
Idle50000,10.707763671875000000, 9.269226074218750000,  ,  ,  970.813 
Idle50000,10.006408691406250000, 8.558105468750000000,  ,  ,  1029.47 
Idle50000,9.963806152343750000, 8.605102539062500000,  ,  ,  926.499 
Idle50000,10.235595703125000000, 8.838500976562500000,  ,  ,  960.619 
Idle50000,10.725585937500000000, 9.287292480468750000,  ,  ,  975.783 
Idle50000,10.133789062500000000, 8.774353027343750000,  ,  ,  920.244 
Idle50000,10.472473144531250000, 9.000915527343750000,  ,  ,  1016.63 
Idle50000,9.814392089843750000, 8.493164062500000000,  ,  ,  892.13 
Idle50000,10.272827148437500000, 8.883117675781250000,  ,  ,  989.303 
Idle50000,10.764709472656250000, 9.335021972656250000,  ,  ,  985.948 
Idle50000,10.098632812500000000, 8.717590332031250000,  ,  ,  935.088 
Idle50000,11.078918457031250000, 9.533447265625000000,  ,  ,  1071.51 
Idle50000,10.671691894531250000, 9.187866210937500000,  ,  ,  990.442 
Idle50000,10.026733398437500000, 8.707763671875000000,  ,  ,  914.081 
Idle50000,10.401062011718750000, 8.989685058593750000,  ,  ,  944.531 
Idle50000,9.857971191406250000, 8.524108886718750000,  ,  ,  904.966 
Idle50000,10.421997070312500000, 9.015380859375000000,  ,  ,  948.418 
Idle50000,10.241882324218750000, 8.863708496093750000,  ,  ,  929.718 
Idle50000,11.299499511718750000, 9.760192871093750000,  ,  ,  1048.94 
Idle50000,10.282165527343750000, 8.791564941406250000,  ,  ,  1058.66 
Idle50000,10.359680175781250000, 8.954772949218750000,  ,  ,  962.536 
Idle50000,10.155456542968750000, 8.790222167968750000,  ,  ,  923.483 
Idle50000,10.435791015625000000, 9.053771972656250000,  ,  ,  938.177 
Idle50000,10.477539062500000000, 9.061462402343750000,  ,  ,  980.107 
Idle50000,9.823974609375000000, 8.501953125000000000,  ,  ,  891.846 
Idle50000,10.399291992187500000, 8.980590820312500000,  ,  ,  965.738 
Idle50000,10.983154296875000000, 9.349853515625000000,  ,  ,  1166.76 
Idle50000,10.535339355468750000, 9.100036621093750000,  ,  ,  1007.61 
Idle50000,10.706542968750000000, 9.239746093750000000,  ,  ,  1007.35 
Idle50000,10.475708007812500000, 8.986145019531250000,  ,  ,  1009.75 
Idle50000,10.117065429687500000, 8.612670898437500000,  ,  ,  1071.33 
Idle50000,10.778625488281250000, 9.281921386718750000,  ,  ,  1015.61 
Idle50000,10.182189941406250000, 8.717773437500000000,  ,  ,  1048.74 
Idle50000,10.928588867187500000, 9.407836914062500000,  ,  ,  1039.37 
Idle50000,10.824218750000000000, 9.368469238281250000,  ,  ,  988.407 
Idle50000,10.108886718750000000, 8.675537109375000000,  ,  ,  993.715 
Idle50000,10.186584472656250000, 8.801696777343750000,  ,  ,  939.775 
Idle50000,10.960937500000000000, 9.497253417968750000,  ,  ,  987.133 
Idle50000,9.910339355468750000, 8.579406738281250000,  ,  ,  902.369 
Idle50000,10.858276367187500000, 9.393432617187500000,  ,  ,  991.817 
Idle50000,9.956848144531250000, 8.620666503906250000,  ,  ,  900.918 
Idle50000,11.186645507812500000, 9.673339843750000000,  ,  ,  1025.5 
Idle50000,10.559570312500000000, 9.074645996093750000,  ,  ,  1020.88 
Idle50000,10.287475585937500000, 8.860168457031250000,  ,  ,  968.455 
Idle50000,10.429016113281250000, 9.026489257812500000,  ,  ,  946.298 
Idle50000,9.852966308593750000, 8.502258300781250000,  ,  ,  929.068 
Idle50000,10.010375976562500000, 8.649963378906250000,  ,  ,  918.907 
Idle50000,9.886718750000000000, 8.544555664062500000,  ,  ,  919.062 
Idle50000,11.048034667968750000, 9.535827636718750000,  ,  ,  1025.72 
Idle50000,11.160522460937500000, 9.631225585937500000,  ,  ,  1056.1 
Idle50000,10.037841796875000000, 8.622497558593750000,  ,  ,  960.862 
Idle50000,9.967529296875000000, 8.589233398437500000,  ,  ,  937.454 
Idle50000,10.342590332031250000, 8.948730468750000000,  ,  ,  948.518 
Idle50000,9.937133789062500000, 8.541381835937500000,  ,  ,  968.4 
Idle50000,10.816406250000000000, 9.340026855468750000,  ,  ,  1007.12 
Idle50000,10.832519531250000000, 9.332336425781250000,  ,  ,  1035.99 
Idle50000,10.448730468750000000, 8.939453125000000000,  ,  ,  1052.09 
Idle50000,9.672790527343750000, 8.259765625000000000,  ,  ,  989.413 
Idle50000,10.055053710937500000, 8.548156738281250000,  ,  ,  1080.61 
Idle50000,9.922912597656250000, 8.544433593750000000,  ,  ,  947.035 
Idle50000,10.141906738281250000, 8.773803710937500000,  ,  ,  941.677 
Idle50000,10.709838867187500000, 9.267639160156250000,  ,  ,  983.555 
Idle50000,9.807678222656250000, 8.428894042968750000,  ,  ,  943.399 
Idle50000,10.895019531250000000, 9.373229980468750000,  ,  ,  1030.78 
Idle50000,11.061035156250000000, 9.566101074218750000,  ,  ,  1009.42 
Idle50000,10.730102539062500000, 9.230834960937500000,  ,  ,  1030.31 
Idle50000,9.741882324218750000, 8.323120117187500000,  ,  ,  1003.95 
Idle50000,10.092529296875000000, 8.692016601562500000,  ,  ,  975.191 
Idle50000,10.557861328125000000, 9.138122558593750000,  ,  ,  956.028 
Idle50000,10.033203125000000000, 8.667541503906250000,  ,  ,  932.672 
Idle50000,11.080627441406250000, 9.575378417968750000,  ,  ,  991.677 
Idle50000,10.060119628906250000, 8.629150390625000000,  ,  ,  979.725 
Idle50000,10.108337402343750000, 8.723388671875000000,  ,  ,  951.587 
Idle50000,10.416870117187500000, 9.035339355468750000,  ,  ,  938.945 
Idle50000,11.181518554687500000, 9.663940429687500000,  ,  ,  1037.95 
Idle50000,10.307067871093750000, 8.829589843750000000,  ,  ,  1049.05 
Idle50000,9.826232910156250000, 8.439819335937500000,  ,  ,  942.362 
Idle50000,9.914367675781250000, 8.513366699218750000,  ,  ,  948.175 
Idle50000,10.230346679687500000, 8.865966796875000000,  ,  ,  925.022 
Idle50000,10.073669433593750000, 8.703491210937500000,  ,  ,  942.266 
Idle50000,9.752685546875000000, 8.412414550781250000,  ,  ,  914.804 
Idle50000,10.744506835937500000, 9.306457519531250000,  ,  ,  962.506 
Idle50000,9.942382812500000000, 8.569763183593750000,  ,  ,  952.156 
Idle50000,11.190795898437500000, 9.678283691406250000,  ,  ,  1031.81 
Idle50000,10.648620605468750000, 9.156250000000000000,  ,  ,  1050.2 
Idle50000,10.994262695312500000, 9.493347167968750000,  ,  ,  1027.47 
Idle50000,11.384216308593750000, 9.838012695312500000,  ,  ,  1051.22 
Idle50000,10.823303222656250000, 9.254455566406250000,  ,  ,  1110.12 
Idle50000,9.835144042968750000, 8.470703125000000000,  ,  ,  944.595 
Idle50000,9.836059570312500000, 8.478149414062500000,  ,  ,  924.527 
Idle50000,10.779357910156250000, 9.258789062500000000,  ,  ,  1034.3 
Idle50000,9.396728515625000000, 8.073425292968750000,  ,  ,  918.149 
Idle50000,10.415527343750000000, 8.981994628906250000,  ,  ,  982.38 
Idle50000,9.687622070312500000, 8.359802246093750000,  ,  ,  913.813 
Idle50000,10.303649902343750000, 8.919006347656250000,  ,  ,  928.485 
Idle50000,10.314636230468750000, 8.914916992187500000,  ,  ,  942.476 
Idle50000,9.921691894531250000, 8.512573242187500000,  ,  ,  964.855 
Idle50000,9.878723144531250000, 8.544189453125000000,  ,  ,  894.6 
Idle50000,9.702331542968750000, 8.376464843750000000,  ,  ,  911.79 
Idle50000,10.000549316406250000, 8.625427246093750000,  ,  ,  944.662 
Idle50000,10.461730957031250000, 9.000915527343750000,  ,  ,  1003.23 
Idle50000,10.479003906250000000, 8.959594726562500000,  ,  ,  1044.75 
Idle50000,9.667907714843750000, 8.262512207031250000,  ,  ,  1024.83 
Idle50000,9.800231933593750000, 8.437866210937500000,  ,  ,  926.897 
Idle50000,10.742858886718750000, 9.235412597656250000,  ,  ,  1037.98 
Idle50000,10.005676269531250000, 8.600524902343750000,  ,  ,  939.637 
Idle50000,9.922668457031250000, 8.560058593750000000,  ,  ,  924.776 
Idle50000,10.080444335937500000, 8.715881347656250000,  ,  ,  956.673 
Idle50000,11.249572753906250000, 9.734008789062500000,  ,  ,  1018.93 
Idle50000,10.830383300781250000, 9.348205566406250000,  ,  ,  1026.65 
Idle50000,10.131713867187500000, 8.717041015625000000,  ,  ,  969.216 
Idle50000,9.996032714843750000, 8.634277343750000000,  ,  ,  918.372 
Idle50000,10.065368652343750000, 8.710571289062500000,  ,  ,  949.244 
Idle50000,9.990966796875000000, 8.633239746093750000,  ,  ,  923.41 
Idle50000,10.629882812500000000, 9.169067382812500000,  ,  ,  1002.88 
Idle50000,10.535217285156250000, 9.077941894531250000,  ,  ,  1002.98 
Idle50000,9.863891601562500000, 8.480407714843750000,  ,  ,  934.189 
Idle50000,9.958862304687500000, 8.619384765625000000,  ,  ,  948.721 
Idle50000,10.370117187500000000, 8.872680664062500000,  ,  ,  1059.68 
Idle50000,9.899902343750000000, 8.460693359375000000,  ,  ,  1023.17 
Idle50000,10.631042480468750000, 9.104980468750000000,  ,  ,  1076.5 
Idle50000,9.912109375000000000, 8.474182128906250000,  ,  ,  1010.52 
Idle50000,10.999511718750000000, 9.389343261718750000,  ,  ,  1135.48 
Idle50000,11.172790527343750000, 9.631103515625000000,  ,  ,  1051.64 
Idle50000,11.165344238281250000, 9.612182617187500000,  ,  ,  1069.11 
Idle50000,9.510925292968750000, 8.202575683593750000,  ,  ,  897.514 
Idle50000,9.964355468750000000, 8.610412597656250000,  ,  ,  916.344 
Idle50000,10.336975097656250000, 8.936279296875000000,  ,  ,  962.954 
Idle50000,9.912292480468750000, 8.585876464843750000,  ,  ,  898.138 
Idle50000,10.623840332031250000, 9.189208984375000000,  ,  ,  973.653 
Idle50000,9.781494140625000000, 8.446960449218750000,  ,  ,  905.513 
Idle50000,10.759033203125000000, 9.296813964843750000,  ,  ,  992.797 
Idle50000,10.325134277343750000, 8.892089843750000000,  ,  ,  941.032 
Idle50000,9.581115722656250000, 8.284729003906250000,  ,  ,  880.181 
Idle50000,11.055419921875000000, 9.561218261718750000,  ,  ,  1012.01 
Idle50000,10.100097656250000000, 8.701965332031250000,  ,  ,  954.852 
Idle50000,9.924743652343750000, 8.589721679687500000,  ,  ,  908.929 
Idle50000,10.365173339843750000, 8.966674804687500000,  ,  ,  941.03 
Idle50000,9.784179687500000000, 8.442871093750000000,  ,  ,  931.132 
Idle50000,10.024291992187500000, 8.662048339843750000,  ,  ,  928.757 
Idle50000,10.310852050781250000, 8.912597656250000000,  ,  ,  953.177 
Idle50000,10.231384277343750000, 8.838439941406250000,  ,  ,  944.692 
Idle50000,11.241455078125000000, 9.734191894531250000,  ,  ,  1016.78 
Idle50000,9.921203613281250000, 8.517944335937500000,  ,  ,  968.105 
Idle50000,10.747253417968750000, 9.193542480468750000,  ,  ,  1045.7 
Idle50000,10.204162597656250000, 8.735778808593750000,  ,  ,  1048 
Idle50000,11.130310058593750000, 9.593017578125000000,  ,  ,  1059.9 
Idle50000,10.365844726562500000, 8.852539062500000000,  ,  ,  1071.23 
Idle50000,9.794982910156250000, 8.377563476562500000,  ,  ,  986.36 
Idle50000,10.660522460937500000, 9.186828613281250000,  ,  ,  989.806 
Idle50000,9.889404296875000000, 8.551269531250000000,  ,  ,  906.155 
Idle50000,10.303283691406250000, 8.908020019531250000,  ,  ,  960.11 
Idle50000,10.306274414062500000, 8.934143066406250000,  ,  ,  920.078 
Idle50000,9.835388183593750000, 8.458435058593750000,  ,  ,  942.936 
Idle50000,9.662170410156250000, 8.360290527343750000,  ,  ,  876.205 
Idle50000,10.408447265625000000, 8.989868164062500000,  ,  ,  936.243 
Idle50000,10.008666992187500000, 8.645629882812500000,  ,  ,  934.326 
Idle50000,11.139343261718750000, 9.622375488281250000,  ,  ,  1039.94 
Idle50000,9.871093750000000000, 8.489562988281250000,  ,  ,  949.272 
Idle50000,10.967651367187500000, 9.481872558593750000,  ,  ,  1018.86 
Idle50000,11.039733886718750000, 9.419860839843750000,  ,  ,  1129.16 
Idle50000,11.097167968750000000, 9.583740234375000000,  ,  ,  1054.77 
Idle50000,11.323669433593750000, 9.762634277343750000,  ,  ,  1071.92 
Idle50000,9.671997070312500000, 8.260803222656250000,  ,  ,  987.654 
Idle50000,11.290100097656250000, 9.785156250000000000,  ,  ,  1018.93 
Idle50000,10.516479492187500000, 9.007324218750000000,  ,  ,  1053.17 
Idle50000,9.988891601562500000, 8.626586914062500000,  ,  ,  935.043 
Idle50000,10.949462890625000000, 9.409423828125000000,  ,  ,  1065.3 
Idle50000,9.931640625000000000, 8.570678710937500000,  ,  ,  932.859 
Idle50000,10.486022949218750000, 9.051696777343750000,  ,  ,  974.575 
Idle50000,10.629882812500000000, 9.137817382812500000,  ,  ,  1029.7 
Idle50000,10.746093750000000000, 9.214294433593750000,  ,  ,  1025.93 
Idle50000,9.878906250000000000, 8.477844238281250000,  ,  ,  977.017 
Idle50000,10.002502441406250000, 8.639038085937500000,  ,  ,  936.113 
Idle50000,10.156860351562500000, 8.760009765625000000,  ,  ,  956.866 
Idle50000,10.462829589843750000, 9.031860351562500000,  ,  ,  984.997 
Idle50000,11.327636718750000000, 9.807128906250000000,  ,  ,  1016.26 
Idle50000,11.149230957031250000, 9.540344238281250000,  ,  ,  1125.61 
Idle50000,10.933288574218750000, 9.417053222656250000,  ,  ,  1041.87 
Idle50000,9.952880859375000000, 8.586059570312500000,  ,  ,  934.416 
Idle50000,10.845336914062500000, 9.313659667968750000,  ,  ,  1080.69 
Idle50000,10.733581542968750000, 9.235168457031250000,  ,  ,  1039.69 
Idle50000,10.791503906250000000, 9.298034667968750000,  ,  ,  1008.41 
Idle50000,10.453857421875000000, 9.054016113281250000,  ,  ,  978.773 
Idle50000,10.279418945312500000, 8.906982421875000000,  ,  ,  926.624 
Idle50000,10.746582031250000000, 9.260131835937500000,  ,  ,  1019.92 
Idle50000,9.984680175781250000, 8.539306640625000000,  ,  ,  1005.15 
Idle50000,11.247375488281250000, 9.706787109375000000,  ,  ,  1063.99 
Idle50000,10.334411621093750000, 8.880126953125000000,  ,  ,  997.43 
Idle50000,11.140563964843750000, 9.660522460937500000,  ,  ,  1000.7 
Idle50000,10.341003417968750000, 8.951110839843750000,  ,  ,  945.755 
Idle50000,11.135314941406250000, 9.654785156250000000,  ,  ,  998.949 
Idle50000,10.642211914062500000, 9.201721191406250000,  ,  ,  980.621 
Idle50000,10.014343261718750000, 8.662048339843750000,  ,  ,  910.064 
Idle50000,10.737365722656250000, 9.253417968750000000,  ,  ,  1009.57 
Idle50000,11.222778320312500000, 9.639831542968750000,  ,  ,  1077.89 
Idle50000,10.693786621093750000, 9.185058593750000000,  ,  ,  1044.4 
Idle50000,10.267822265625000000, 8.811340332031250000,  ,  ,  995.943 
Idle50000,10.494384765625000000, 9.085693359375000000,  ,  ,  971.701 
Idle50000,10.776184082031250000, 9.326538085937500000,  ,  ,  1007.94 
Idle50000,9.845581054687500000, 8.491149902343750000,  ,  ,  940.729 
Idle50000,10.098449707031250000, 8.650817871093750000,  ,  ,  1009.11 
Idle50000,10.234252929687500000, 8.778503417968750000,  ,  ,  1002.99 
Idle50000,11.017517089843750000, 9.465637207031250000,  ,  ,  1064.1 
Idle50000,9.934326171875000000, 8.555053710937500000,  ,  ,  948.527 
Idle50000,10.270751953125000000, 8.866333007812500000,  ,  ,  955.975 
Idle50000,10.119384765625000000, 8.766174316406250000,  ,  ,  909.276 
Idle50000,10.427124023437500000, 9.023071289062500000,  ,  ,  971.828 
Idle50000,10.815185546875000000, 9.362670898437500000,  ,  ,  984.535 
Idle50000,10.303405761718750000, 8.848449707031250000,  ,  ,  1005.94 
Idle50000,10.739318847656250000, 9.256774902343750000,  ,  ,  1013.69 
Idle50000,9.904602050781250000, 8.526733398437500000,  ,  ,  955.328 
Idle50000,10.045410156250000000, 8.695251464843750000,  ,  ,  912.553 
Idle50000,10.710632324218750000, 9.252502441406250000,  ,  ,  992.733 
Idle50000,10.024047851562500000, 8.635375976562500000,  ,  ,  954.223 
Idle50000,10.380126953125000000, 9.005432128906250000,  ,  ,  931.187 
Idle50000,10.085632324218750000, 8.731323242187500000,  ,  ,  935.241 
Idle50000,10.935241699218750000, 9.454284667968750000,  ,  ,  1004.8 
Idle50000,9.756164550781250000, 8.394226074218750000,  ,  ,  939.856 
Idle50000,10.134765625000000000, 8.734558105468750000,  ,  ,  960.256 
Idle50000,10.952941894531250000, 9.446472167968750000,  ,  ,  1034.05 
Idle50000,10.376647949218750000, 8.922424316406250000,  ,  ,  1002.34 
Idle50000,9.913513183593750000, 8.564025878906250000,  ,  ,  938.685 
Idle50000,10.870483398437500000, 9.393493652343750000,  ,  ,  1016.74 
Idle50000,9.960449218750000000, 8.556335449218750000,  ,  ,  976.237 
Idle50000,10.811462402343750000, 9.354675292968750000,  ,  ,  986.067 
Idle50000,10.518005371093750000, 9.106750488281250000,  ,  ,  952.266 
Idle50000,9.853942871093750000, 8.435424804687500000,  ,  ,  991.305 
Idle50000,9.924499511718750000, 8.617614746093750000,  ,  ,  894.84 
Idle50000,10.704833984375000000, 9.256469726562500000,  ,  ,  976.503 
Idle50000,10.045288085937500000, 8.694396972656250000,  ,  ,  908.75 
Idle50000,10.303527832031250000, 8.789184570312500000,  ,  ,  1076.65 
Idle50000,10.116760253906250000, 8.700378417968750000,  ,  ,  982.495 
Idle50000,9.709411621093750000, 8.392822265625000000,  ,  ,  880.841 
Idle50000,11.336303710937500000, 9.800598144531250000,  ,  ,  1047.31 
Idle50000,9.979675292968750000, 8.566284179687500000,  ,  ,  965.632 
Idle50000,11.251831054687500000, 9.739807128906250000,  ,  ,  1018.67 
Idle50000,10.384094238281250000, 8.885253906250000000,  ,  ,  1057.08 
Idle50000,10.092773437500000000, 8.653259277343750000,  ,  ,  1010.99 
Idle50000,10.152160644531250000, 8.805175781250000000,  ,  ,  916.598 
Idle50000,10.256042480468750000, 8.864257812500000000,  ,  ,  935.302 
Idle50000,9.705749511718750000, 8.298278808593750000,  ,  ,  995.573 
Idle50000,9.598083496093750000, 8.281372070312500000,  ,  ,  913.155 
Idle50000,9.627624511718750000, 8.267028808593750000,  ,  ,  952.203 
Idle50000,10.817260742187500000, 9.356567382812500000,  ,  ,  976.195 
Idle50000,9.999572753906250000, 8.637878417968750000,  ,  ,  931.716 
Idle50000,10.009826660156250000, 8.542419433593750000,  ,  ,  1039.69 
Idle50000,9.752380371093750000, 8.336914062500000000,  ,  ,  1000.87 
Idle50000,10.025573730468750000, 8.660156250000000000,  ,  ,  932.398 
Idle50000,10.971069335937500000, 9.510375976562500000,  ,  ,  987.411 
Idle50000,10.380798339843750000, 8.844482421875000000,  ,  ,  1084.52 
Idle50000,10.198608398437500000, 8.766479492187500000,  ,  ,  997.978 
Idle50000,10.346008300781250000, 8.950012207031250000,  ,  ,  942.08 
Idle50000,10.569763183593750000, 9.145568847656250000,  ,  ,  985.773 
Idle50000,9.857727050781250000, 8.478210449218750000,  ,  ,  943.419 
Idle50000,11.004516601562500000, 9.439331054687500000,  ,  ,  1103.23 
Idle50000,10.478454589843750000, 9.008239746093750000,  ,  ,  1007.25 
Idle50000,9.784790039062500000, 8.444946289062500000,  ,  ,  921.161 
Idle50000,10.242187500000000000, 8.846862792968750000,  ,  ,  960.578 
Idle50000,10.476684570312500000, 9.011535644531250000,  ,  ,  988.471 
Idle50000,11.112609863281250000, 9.551513671875000000,  ,  ,  1081.21 
Idle50000,9.804504394531250000, 8.379211425781250000,  ,  ,  1009.56 
Idle50000,11.186950683593750000, 9.642089843750000000,  ,  ,  1054.72 
Idle50000,10.179321289062500000, 8.793212890625000000,  ,  ,  979.38 
Idle50000,11.169006347656250000, 9.648986816406250000,  ,  ,  1034.65 
Idle50000,10.254882812500000000, 8.830688476562500000,  ,  ,  981.101 
Idle50000,11.001708984375000000, 9.498168945312500000,  ,  ,  1034.28 
Idle50000,10.313293457031250000, 8.811401367187500000,  ,  ,  1041.41 
Idle50000,10.301452636718750000, 8.868652343750000000,  ,  ,  988.122 
Idle50000,11.091308593750000000, 9.610961914062500000,  ,  ,  1000.54 
Idle50000,10.754150390625000000, 9.296508789062500000,  ,  ,  984.652 
Idle50000,10.216979980468750000, 8.808349609375000000,  ,  ,  962.434 
Idle50000,10.429199218750000000, 9.009033203125000000,  ,  ,  955.728 
Idle50000,9.889892578125000000, 8.550903320312500000,  ,  ,  927.257 
Idle50000,11.178710937500000000, 9.679199218750000000,  ,  ,  1008.75 
Idle50000,9.912719726562500000, 8.456604003906250000,  ,  ,  1044.55 
Idle50000,10.392700195312500000, 8.893554687500000000,  ,  ,  1062.15 
Idle50000,9.831787109375000000, 8.401794433593750000,  ,  ,  1005.37 
Idle50000,10.000305175781250000, 8.591979980468750000,  ,  ,  973.271 
Idle50000,11.148742675781250000, 9.606872558593750000,  ,  ,  1071.47 
Idle50000,10.119750976562500000, 8.697265625000000000,  ,  ,  986.738 
Idle50000,10.226013183593750000, 8.839294433593750000,  ,  ,  955.32 
Idle50000,9.969970703125000000, 8.615356445312500000,  ,  ,  901.914 
Idle50000,10.198364257812500000, 8.808959960937500000,  ,  ,  975.019 
Idle50000,10.149353027343750000, 8.792724609375000000,  ,  ,  915.483 
Idle50000,10.000244140625000000, 8.640014648437500000,  ,  ,  925.175 
Idle50000,10.580566406250000000, 9.160766601562500000,  ,  ,  956.853 
Idle50000,10.643005371093750000, 9.239074707031250000,  ,  ,  951.624 
Idle50000,10.991577148437500000, 9.459350585937500000,  ,  ,  1014.69 
Idle50000,10.757141113281250000, 9.333557128906250000,  ,  ,  991.447 
Idle50000,10.244689941406250000, 8.838562011718750000,  ,  ,  948.335 
Idle50000,9.999816894531250000, 8.658752441406250000,  ,  ,  907.307 
Idle50000,10.206787109375000000, 8.817504882812500000,  ,  ,  948.521 
Idle50000,10.250366210937500000, 8.819091796875000000,  ,  ,  952.603 
Idle50000,10.065734863281250000, 8.676391601562500000,  ,  ,  951.261 
Idle50000,10.228271484375000000, 8.814453125000000000,  ,  ,  956.114 
Idle50000,9.925109863281250000, 8.554504394531250000,  ,  ,  924.239 
Idle50000,9.713745117187500000, 8.364135742187500000,  ,  ,  924.41 
Idle50000,9.926513671875000000, 8.572692871093750000,  ,  ,  929.016 
Idle50000,10.277526855468750000, 8.891784667968750000,  ,  ,  936.878 
Idle50000,10.171264648437500000, 8.791625976562500000,  ,  ,  930.539 
Idle50000,10.809692382812500000, 9.338256835937500000,  ,  ,  1016.41 
Idle50000,10.555419921875000000, 9.045227050781250000,  ,  ,  1046.22 
Idle50000,9.914794921875000000, 8.457763671875000000,  ,  ,  1018.62 
Idle50000,10.186340332031250000, 8.782714843750000000,  ,  ,  960.834 
Idle50000,11.322814941406250000, 9.751831054687500000,  ,  ,  1084.73 
Idle50000,10.725524902343750000, 9.210937500000000000,  ,  ,  1043.4 
Idle50000,10.682067871093750000, 9.158142089843750000,  ,  ,  1068.48 
Idle50000,9.953918457031250000, 8.552368164062500000,  ,  ,  966.572 
Idle50000,10.971984863281250000, 9.496582031250000000,  ,  ,  999.705 
Idle50000,10.323913574218750000, 8.810913085937500000,  ,  ,  1060.64 
Idle50000,10.227478027343750000, 8.829772949218750000,  ,  ,  952.671 
Idle50000,10.692199707031250000, 9.231506347656250000,  ,  ,  990.039 
Idle50000,9.779235839843750000, 8.358154296875000000,  ,  ,  996.891 
Idle50000,10.248962402343750000, 8.860473632812500000,  ,  ,  960.328 
Idle50000,9.945617675781250000, 8.570800781250000000,  ,  ,  927.788 
Idle50000,9.948791503906250000, 8.609802246093750000,  ,  ,  903.012 
Idle50000,10.882080078125000000, 9.398986816406250000,  ,  ,  1018.91 
Idle50000,9.928405761718750000, 8.558837890625000000,  ,  ,  950.413 
Idle50000,10.048461914062500000, 8.631164550781250000,  ,  ,  970.211 
Idle50000,11.238647460937500000, 9.746337890625000000,  ,  ,  1010.93 
Idle50000,9.738220214843750000, 8.365478515625000000,  ,  ,  951.684 
Idle50000,11.256652832031250000, 9.735961914062500000,  ,  ,  1037.66 
Idle50000,9.930847167968750000, 8.505981445312500000,  ,  ,  998.793 
Idle50000,9.878173828125000000, 8.558227539062500000,  ,  ,  884.99 
Idle50000,10.618103027343750000, 9.201599121093750000,  ,  ,  951.205 
Idle50000,10.707519531250000000, 9.258544921875000000,  ,  ,  995.574 
Idle50000,10.697753906250000000, 9.172607421875000000,  ,  ,  1029.49 
Idle50000,9.990722656250000000, 8.637695312500000000,  ,  ,  924.459 
Idle50000,10.342956542968750000, 8.916259765625000000,  ,  ,  962.371 
Idle50000,11.156433105468750000, 9.665039062500000000,  ,  ,  1000.72 
Idle50000,10.152221679687500000, 8.789367675781250000,  ,  ,  918.723 
Idle50000,11.013061523437500000, 9.525390625000000000,  ,  ,  1021.64 
Idle50000,11.165161132812500000, 9.625183105468750000,  ,  ,  1042.22 
Idle50000,9.978393554687500000, 8.640991210937500000,  ,  ,  917.853 
Idle50000,10.676513671875000000, 9.232238769531250000,  ,  ,  975.372 
Idle50000,10.190979003906250000, 8.780639648437500000,  ,  ,  971.609 
Idle50000,10.950073242187500000, 9.374877929687500000,  ,  ,  1072.16 
Idle50000,10.297668457031250000, 8.806030273437500000,  ,  ,  1072.32 
Idle50000,10.425415039062500000, 8.999389648437500000,  ,  ,  972.365 
Idle50000,10.458251953125000000, 8.989990234375000000,  ,  ,  993.979 
Idle50000,9.737915039062500000, 8.444458007812500000,  ,  ,  900.299 
Idle50000,10.927795410156250000, 9.413146972656250000,  ,  ,  1036 
Idle50000,10.562744140625000000, 9.105895996093750000,  ,  ,  988.077 
Idle50000,9.936828613281250000, 8.578979492187500000,  ,  ,  916.964 
Idle50000,11.061462402343750000, 9.489318847656250000,  ,  ,  1086.04 
Idle50000,9.676635742187500000, 8.310913085937500000,  ,  ,  930.745 
Idle50000,9.933715820312500000, 8.586914062500000000,  ,  ,  907.725 
Idle50000,9.980224609375000000, 8.616638183593750000,  ,  ,  943.406 
Idle50000,9.898010253906250000, 8.562377929687500000,  ,  ,  896.997 
Idle50000,9.913696289062500000, 8.578247070312500000,  ,  ,  902.675 
Idle50000,10.337585449218750000, 8.939575195312500000,  ,  ,  939.518 
Idle50000,11.093139648437500000, 9.564025878906250000,  ,  ,  1049.25 
Idle50000,9.791809082031250000, 8.370422363281250000,  ,  ,  1011.08 
Idle50000,11.189331054687500000, 9.682678222656250000,  ,  ,  1018.09 
Idle50000,10.461059570312500000, 8.987060546875000000,  ,  ,  991.931 
Idle50000,10.070800781250000000, 8.686950683593750000,  ,  ,  944.494 
Idle50000,9.979675292968750000, 8.620300292968750000,  ,  ,  938.759 
Idle50000,9.904418945312500000, 8.541198730468750000,  ,  ,  927.705 
Idle50000,10.542907714843750000, 9.070251464843750000,  ,  ,  1012.34 
Idle50000,10.177307128906250000, 8.677612304687500000,  ,  ,  1053.44 
Idle50000,10.400451660156250000, 8.925170898437500000,  ,  ,  1001.51 
Idle50000,11.017578125000000000, 9.456176757812500000,  ,  ,  1092.32 
Idle50000,10.836486816406250000, 9.305297851562500000,  ,  ,  1037.2 
Idle50000,10.510192871093750000, 9.046081542968750000,  ,  ,  995.95 
Idle50000,10.733825683593750000, 9.278686523437500000,  ,  ,  985.503 
Idle50000,10.788146972656250000, 9.290771484375000000,  ,  ,  1033.98 
Idle50000,11.105346679687500000, 9.507446289062500000,  ,  ,  1132.92 
Idle50000,10.498229980468750000, 9.083007812500000000,  ,  ,  970.285 
Idle50000,10.255859375000000000, 8.884765625000000000,  ,  ,  920.244 
Idle50000,10.969177246093750000, 9.473876953125000000,  ,  ,  1019.35 
Idle50000,9.705932617187500000, 8.313903808593750000,  ,  ,  972.373 
Idle50000,10.707885742187500000, 9.273498535156250000,  ,  ,  1000.73 
Idle50000,11.054748535156250000, 9.521728515625000000,  ,  ,  1041.14 
Idle50000,10.605529785156250000, 9.172424316406250000,  ,  ,  966.259 
Idle50000,9.894958496093750000, 8.533569335937500000,  ,  ,  923.59 
Idle50000,9.959045410156250000, 8.591003417968750000,  ,  ,  904.568 
Idle50000,10.029846191406250000, 8.696105957031250000,  ,  ,  903.916 
Idle50000,9.736999511718750000, 8.416442871093750000,  ,  ,  883.217 
Idle50000,10.316284179687500000, 8.904052734375000000,  ,  ,  972.023 
Idle50000,10.064758300781250000, 8.707031250000000000,  ,  ,  937.567 
Idle50000,10.033264160156250000, 8.656005859375000000,  ,  ,  939.418 
Idle50000,10.504821777343750000, 9.042541503906250000,  ,  ,  1009.57 
Idle50000,11.012145996093750000, 9.452392578125000000,  ,  ,  1077.06 
Idle50000,10.799865722656250000, 9.314941406250000000,  ,  ,  1042.87 
Idle50000,10.004821777343750000, 8.570983886718750000,  ,  ,  1015.77 
Idle50000,10.546752929687500000, 9.100646972656250000,  ,  ,  986.187 
Idle50000,10.515747070312500000, 9.096862792968750000,  ,  ,  963.188 
Idle50000,11.174804687500000000, 9.660034179687500000,  ,  ,  1031.94 
Idle50000,9.905761718750000000, 8.531799316406250000,  ,  ,  950.479 
Idle50000,10.287719726562500000, 8.835632324218750000,  ,  ,  1015.21 
Idle50000,9.893005371093750000, 8.448791503906250000,  ,  ,  1014.77 
Idle50000,10.719909667968750000, 9.212280273437500000,  ,  ,  1043.79 
Idle50000,10.376037597656250000, 8.882812500000000000,  ,  ,  1040.74 
Idle50000,9.539733886718750000, 8.136413574218750000,  ,  ,  987.427 
Idle50000,9.841796875000000000, 8.510925292968750000,  ,  ,  893.928 
Idle50000,10.803710937500000000, 9.345458984375000000,  ,  ,  978.85 
Idle50000,11.110412597656250000, 9.618225097656250000,  ,  ,  1007.02 
Idle75000,10.355346679687500000, 8.814208984375000000,  ,  ,  1058.93 
Idle75000,10.347656250000000000, 8.921569824218750000,  ,  ,  977.253 
Idle75000,10.094116210937500000, 8.714660644531250000,  ,  ,  942.251 
Idle75000,10.223449707031250000, 8.820678710937500000,  ,  ,  951.755 
Idle75000,10.994506835937500000, 9.530822753906250000,  ,  ,  982.412 
Idle75000,11.437500000000000000, 9.885620117187500000,  ,  ,  1048.45 
Idle75000,10.931335449218750000, 9.430236816406250000,  ,  ,  1025.22 
Idle75000,10.660644531250000000, 9.113769531250000000,  ,  ,  1099.31 
Idle75000,11.038757324218750000, 9.525451660156250000,  ,  ,  1019.11 
Idle75000,11.276184082031250000, 9.763854980468750000,  ,  ,  1034.21 
Idle75000,11.464355468750000000, 9.919738769531250000,  ,  ,  1041.32 
Idle75000,10.834899902343750000, 9.308105468750000000,  ,  ,  1052 
Idle75000,10.674987792968750000, 9.178344726562500000,  ,  ,  1026.03 
Idle75000,11.154296875000000000, 9.554260253906250000,  ,  ,  1118.8 
Idle75000,11.617614746093750000, 10.015197753906250000,  ,  ,  1064.83 
Idle75000,10.960632324218750000, 9.469421386718750000,  ,  ,  1036.18 
Idle75000,10.885986328125000000, 9.384521484375000000,  ,  ,  1024.46 
Idle75000,10.509948730468750000, 9.038085937500000000,  ,  ,  1004.84 
Idle75000,10.961059570312500000, 9.484558105468750000,  ,  ,  998.516 
Idle75000,11.015380859375000000, 9.517517089843750000,  ,  ,  1017.98 
Idle75000,10.839172363281250000, 9.375854492187500000,  ,  ,  1019.73 
Idle75000,10.984436035156250000, 9.507202148437500000,  ,  ,  991.433 
Idle75000,10.392700195312500000, 8.934570312500000000,  ,  ,  999.666 
Idle75000,10.102783203125000000, 8.621459960937500000,  ,  ,  1055.01 
Idle75000,10.858154296875000000, 9.348327636718750000,  ,  ,  1013.82 
Idle75000,10.211242675781250000, 8.837707519531250000,  ,  ,  935.059 
Idle75000,10.964782714843750000, 9.485046386718750000,  ,  ,  1007.42 
Idle75000,10.793029785156250000, 9.286010742187500000,  ,  ,  1041.8 
Idle75000,10.335449218750000000, 8.795349121093750000,  ,  ,  1087.72 
Idle75000,11.350280761718750000, 9.813415527343750000,  ,  ,  1054.57 
Idle75000,11.454589843750000000, 9.902648925781250000,  ,  ,  1047.13 
Idle75000,10.958312988281250000, 9.441711425781250000,  ,  ,  1035.63 
Idle75000,10.283508300781250000, 8.844360351562500000,  ,  ,  976.241 
Idle75000,11.661193847656250000, 10.106750488281250000,  ,  ,  1046.55 
Idle75000,10.965698242187500000, 9.441833496093750000,  ,  ,  1036.48 
Idle75000,10.728942871093750000, 9.262695312500000000,  ,  ,  988.76 
Idle75000,10.887756347656250000, 9.401184082031250000,  ,  ,  1017.13 
Idle75000,10.159851074218750000, 8.691711425781250000,  ,  ,  1024.4 
Idle75000,10.362976074218750000, 8.840026855468750000,  ,  ,  1078.31 
Idle75000,11.379150390625000000, 9.820983886718750000,  ,  ,  1052.49 
Idle75000,10.700744628906250000, 9.181213378906250000,  ,  ,  1083.63 
Idle75000,11.540344238281250000, 9.891723632812500000,  ,  ,  1153.14 
Idle75000,11.328613281250000000, 9.725158691406250000,  ,  ,  1107.09 
Idle75000,10.964721679687500000, 9.399658203125000000,  ,  ,  1094.57 
Idle75000,10.422790527343750000, 9.002746582031250000,  ,  ,  960.871 
Idle75000,10.754394531250000000, 9.321472167968750000,  ,  ,  975.969 
Idle75000,10.379577636718750000, 8.956726074218750000,  ,  ,  956.509 
Idle75000,10.922058105468750000, 9.382263183593750000,  ,  ,  1070.44 
Idle75000,11.176879882812500000, 9.643554687500000000,  ,  ,  1054.88 
Idle75000,11.187377929687500000, 9.601135253906250000,  ,  ,  1109.99 
Idle75000,11.108276367187500000, 9.562133789062500000,  ,  ,  1060.95 
Idle75000,10.233581542968750000, 8.713745117187500000,  ,  ,  1060.89 
Idle75000,11.659667968750000000, 10.064270019531250000,  ,  ,  1083.99 
Idle75000,10.934204101562500000, 9.454284667968750000,  ,  ,  1001.42 
Idle75000,10.696899414062500000, 9.212524414062500000,  ,  ,  1023.59 
Idle75000,11.566528320312500000, 9.997558593750000000,  ,  ,  1063.42 
Idle75000,10.994812011718750000, 9.501708984375000000,  ,  ,  1025.38 
Idle75000,10.951599121093750000, 9.470703125000000000