JavaSort1 ; 7.660034179687500000, 6.608154296875000000,  ,  ,  795.172 
JavaSort1 ; 7.670715332031250000, 6.634582519531250000,  ,  ,  720.538 
JavaSort1 ; 7.966247558593750000, 6.878295898437500000,  ,  ,  761.282 
JavaSort1 ; 7.895324707031250000, 6.860839843750000000,  ,  ,  731.524 
JavaSort1 ; 8.044799804687500000, 7.001525878906250000,  ,  ,  773.675 
JavaSort1 ; 7.984252929687500000, 7.018310546875000000,  ,  ,  732.288 
JavaSort1 ; 8.092285156250000000, 7.056640625000000000,  ,  ,  737.304 
JavaSort1 ; 7.907409667968750000, 6.941040039062500000,  ,  ,  733.36 
JavaSort1 ; 7.816589355468750000, 6.850341796875000000,  ,  ,  717.011 
JavaSort1 ; 8.086242675781250000, 7.004028320312500000,  ,  ,  740.916 
JavaSort1 ; 8.028808593750000000, 7.046142578125000000,  ,  ,  729.47 
JavaSort1 ; 8.088256835937500000, 7.071350097656250000,  ,  ,  740.511 
JavaSort1 ; 8.250976562500000000, 7.169921875000000000,  ,  ,  760.037 
JavaSort1 ; 8.119384765625000000, 7.130615234375000000,  ,  ,  759.779 
JavaSort1 ; 7.963989257812500000, 6.950195312500000000,  ,  ,  751.976 
JavaSort1 ; 7.941223144531250000, 6.875122070312500000,  ,  ,  858.334 
JavaSort1 ; 8.035400390625000000, 7.052551269531250000,  ,  ,  715.048 
JavaSort1 ; 8.229003906250000000, 7.218200683593750000,  ,  ,  749.694 
JavaSort1 ; 8.317626953125000000, 7.320556640625000000,  ,  ,  759.959 
JavaSort1 ; 8.277282714843750000, 7.203613281250000000,  ,  ,  773.958 
JavaSort1 ; 7.982727050781250000, 6.998413085937500000,  ,  ,  733.081 
JavaSort1 ; 8.117309570312500000, 7.120117187500000000,  ,  ,  767.998 
JavaSort1 ; 7.965698242187500000, 6.983520507812500000,  ,  ,  728.748 
JavaSort1 ; 8.279113769531250000, 7.286010742187500000,  ,  ,  738.407 
JavaSort1 ; 8.355590820312500000, 7.290161132812500000,  ,  ,  794.67 
JavaSort1 ; 8.227661132812500000, 7.247985839843750000,  ,  ,  738.154 
JavaSort1 ; 8.405395507812500000, 7.379760742187500000,  ,  ,  781.794 
JavaSort1 ; 8.051940917968750000, 7.001586914062500000,  ,  ,  739.834 
JavaSort1 ; 7.820007324218750000, 6.718078613281250000,  ,  ,  807.104 
JavaSort1 ; 8.154785156250000000, 7.158020019531250000,  ,  ,  741.947 
JavaSort1 ; 8.173461914062500000, 7.141906738281250000,  ,  ,  782.38 
JavaSort1 ; 8.297851562500000000, 7.300903320312500000,  ,  ,  741.04 
JavaSort1 ; 8.331054687500000000, 7.272949218750000000,  ,  ,  757.175 
JavaSort1 ; 8.258117675781250000, 7.182983398437500000,  ,  ,  768.866 
JavaSort1 ; 7.944702148437500000, 6.955078125000000000,  ,  ,  741.567 
JavaSort1 ; 8.385864257812500000, 7.354125976562500000,  ,  ,  761.648 
JavaSort1 ; 8.114440917968750000, 7.135620117187500000,  ,  ,  752.643 
JavaSort1 ; 8.117736816406250000, 7.110900878906250000,  ,  ,  734.568 
JavaSort1 ; 8.092895507812500000, 7.073974609375000000,  ,  ,  755.169 
JavaSort1 ; 8.381164550781250000, 7.364257812500000000,  ,  ,  772.752 
JavaSort1 ; 8.119995117187500000, 7.063598632812500000,  ,  ,  741.61 
JavaSort1 ; 8.466857910156250000, 7.268432617187500000,  ,  ,  857.097 
JavaSort1 ; 8.449584960937500000, 7.393981933593750000,  ,  ,  772.781 
JavaSort1 ; 8.458618164062500000, 7.344909667968750000,  ,  ,  773.229 
JavaSort1 ; 8.367065429687500000, 7.363952636718750000,  ,  ,  758.086 
JavaSort1 ; 8.207946777343750000, 7.162658691406250000,  ,  ,  760.17 
JavaSort1 ; 8.299499511718750000, 7.196655273437500000,  ,  ,  739.098 
JavaSort1 ; 8.468200683593750000, 7.375061035156250000,  ,  ,  741.2 
JavaSort1 ; 8.549255371093750000, 7.390380859375000000,  ,  ,  752.611 
JavaSort1 ; 8.486145019531250000, 7.279907226562500000,  ,  ,  791.489 
JavaSort2 ; 8.502868652343750000, 7.404968261718750000,  ,  ,  746.757 
JavaSort2 ; 8.411926269531250000, 7.328796386718750000,  ,  ,  777.132 
JavaSort2 ; 8.289550781250000000, 7.222351074218750000,  ,  ,  759.368 
JavaSort2 ; 8.205749511718750000, 7.103881835937500000,  ,  ,  727.414 
JavaSort2 ; 8.505004882812500000, 7.322570800781250000,  ,  ,  752.553 
JavaSort2 ; 8.652221679687500000, 7.444702148437500000,  ,  ,  795.061 
JavaSort2 ; 8.303222656250000000, 7.156860351562500000,  ,  ,  753.023 
JavaSort2 ; 8.586242675781250000, 7.479187011718750000,  ,  ,  772.625 
JavaSort2 ; 8.337829589843750000, 7.170104980468750000,  ,  ,  831.79 
JavaSort2 ; 8.300170898437500000, 7.226745605468750000,  ,  ,  728.293 
JavaSort2 ; 8.218688964843750000, 7.189758300781250000,  ,  ,  716.822 
JavaSort2 ; 8.515258789062500000, 7.384094238281250000,  ,  ,  735.639 
JavaSort2 ; 8.657531738281250000, 7.535522460937500000,  ,  ,  760.568 
JavaSort2 ; 8.597290039062500000, 7.514648437500000000,  ,  ,  755.453 
JavaSort2 ; 8.547546386718750000, 7.341247558593750000,  ,  ,  776.134 
JavaSort2 ; 8.287536621093750000, 7.144042968750000000,  ,  ,  748.194 
JavaSort2 ; 8.304138183593750000, 7.185546875000000000,  ,  ,  771.821 
JavaSort2 ; 8.477172851562500000, 7.285034179687500000,  ,  ,  755.638 
JavaSort2 ; 8.338317871093750000, 7.284545898437500000,  ,  ,  724.719 
JavaSort2 ; 8.524841308593750000, 7.384460449218750000,  ,  ,  747.916 
JavaSort2 ; 8.331848144531250000, 7.152893066406250000,  ,  ,  772.292 
JavaSort2 ; 8.471130371093750000, 7.379333496093750000,  ,  ,  752.632 
JavaSort2 ; 8.436279296875000000, 7.368896484375000000,  ,  ,  732.135 
JavaSort2 ; 8.184570312500000000, 7.122741699218750000,  ,  ,  750.59 
JavaSort2 ; 8.652832031250000000, 7.489135742187500000,  ,  ,  796.172 
JavaSort2 ; 8.229309082031250000, 7.158325195312500000,  ,  ,  761.444 
JavaSort2 ; 8.379577636718750000, 7.349792480468750000,  ,  ,  721.506 
JavaSort2 ; 8.435546875000000000, 7.238037109375000000,  ,  ,  808.148 
JavaSort2 ; 8.403625488281250000, 7.306762695312500000,  ,  ,  740.946 
JavaSort2 ; 8.543029785156250000, 7.462097167968750000,  ,  ,  745.943 
JavaSort2 ; 8.322326660156250000, 7.199340820312500000,  ,  ,  750.572 
JavaSort2 ; 8.563720703125000000, 7.497497558593750000,  ,  ,  735.286 
JavaSort2 ; 8.652282714843750000, 7.490600585937500000,  ,  ,  776.896 
JavaSort2 ; 8.854736328125000000, 7.641052246093750000,  ,  ,  774.496 
JavaSort2 ; 8.680175781250000000, 7.587341308593750000,  ,  ,  766.753 
JavaSort2 ; 8.321105957031250000, 7.271606445312500000,  ,  ,  721.494 
JavaSort2 ; 8.262756347656250000, 7.201538085937500000,  ,  ,  750.907 
JavaSort2 ; 8.370666503906250000, 7.277221679687500000,  ,  ,  760.72 
JavaSort2 ; 8.223571777343750000, 7.125610351562500000,  ,  ,  719.012 
JavaSort2 ; 8.561340332031250000, 7.494812011718750000,  ,  ,  738.094 
JavaSort2 ; 8.527832031250000000, 7.360778808593750000,  ,  ,  784.284 
JavaSort2 ; 8.364196777343750000, 7.240356445312500000,  ,  ,  811.808 
JavaSort2 ; 8.260253906250000000, 7.193237304687500000,  ,  ,  747.142 
JavaSort2 ; 8.539855957031250000, 7.463684082031250000,  ,  ,  731.983 
JavaSort2 ; 8.792968750000000000, 7.690917968750000000,  ,  ,  753.048 
JavaSort2 ; 8.385498046875000000, 7.318176269531250000,  ,  ,  728.295 
JavaSort2 ; 8.389404296875000000, 7.221191406250000000,  ,  ,  776.833 
JavaSort2 ; 8.630310058593750000, 7.529235839843750000,  ,  ,  760.583 
JavaSort2 ; 8.579956054687500000, 7.437622070312500000,  ,  ,  775.279 
JavaSort2 ; 8.601318359375000000, 7.521606445312500000,  ,  ,  766.51 
JavaSort3 ; 8.165405273437500000, 7.014709472656250000,  ,  ,  818.085 
JavaSort3 ; 8.370483398437500000, 7.279235839843750000,  ,  ,  732.388 
JavaSort3 ; 8.292846679687500000, 7.136901855468750000,  ,  ,  838.683 
JavaSort3 ; 8.674926757812500000, 7.541320800781250000,  ,  ,  756.912 
JavaSort3 ; 8.562011718750000000, 7.469970703125000000,  ,  ,  756.033 
JavaSort3 ; 8.651245117187500000, 7.553649902343750000,  ,  ,  760.974 
JavaSort3 ; 8.519836425781250000, 7.379516601562500000,  ,  ,  778.667 
JavaSort3 ; 8.457885742187500000, 7.355957031250000000,  ,  ,  780.219 
JavaSort3 ; 8.625366210937500000, 7.467590332031250000,  ,  ,  782.202 
JavaSort3 ; 8.524597167968750000, 7.335937500000000000,  ,  ,  756.926 
JavaSort3 ; 8.777282714843750000, 7.642211914062500000,  ,  ,  756.777 
JavaSort3 ; 8.326843261718750000, 7.088745117187500000,  ,  ,  838.155 
JavaSort3 ; 8.562377929687500000, 7.371520996093750000,  ,  ,  759.258 
JavaSort3 ; 8.784729003906250000, 7.647338867187500000,  ,  ,  740.265 
JavaSort3 ; 8.668945312500000000, 7.463745117187500000,  ,  ,  785.313 
JavaSort3 ; 8.719360351562500000, 7.600585937500000000,  ,  ,  783.726 
JavaSort3 ; 8.455078125000000000, 7.302124023437500000,  ,  ,  773.148 
JavaSort3 ; 8.798889160156250000, 7.587585449218750000,  ,  ,  760.104 
JavaSort3 ; 8.454406738281250000, 7.242553710937500000,  ,  ,  769.234 
JavaSort3 ; 8.632690429687500000, 7.462524414062500000,  ,  ,  740.147 
JavaSort3 ; 8.445251464843750000, 7.271057128906250000,  ,  ,  771.532 
JavaSort3 ; 8.567687988281250000, 7.442810058593750000,  ,  ,  762.58 
JavaSort3 ; 8.660095214843750000, 7.573669433593750000,  ,  ,  748.96 
JavaSort3 ; 8.520568847656250000, 7.358337402343750000,  ,  ,  835.941 
JavaSort3 ; 8.493530273437500000, 7.385131835937500000,  ,  ,  779.689 
JavaSort3 ; 8.659912109375000000, 7.570068359375000000,  ,  ,  750.45 
JavaSort3 ; 8.447814941406250000, 7.339111328125000000,  ,  ,  777.58 
JavaSort3 ; 8.595764160156250000, 7.465393066406250000,  ,  ,  791.912 
JavaSort3 ; 8.358459472656250000, 7.175109863281250000,  ,  ,  887.421 
JavaSort3 ; 8.488159179687500000, 7.323303222656250000,  ,  ,  778.086 
JavaSort3 ; 8.492980957031250000, 7.429199218750000000,  ,  ,  729.298 
JavaSort3 ; 8.504943847656250000, 7.384155273437500000,  ,  ,  781.866 
JavaSort3 ; 8.337280273437500000, 7.278869628906250000,  ,  ,  746.061 
JavaSort3 ; 8.733093261718750000, 7.612548828125000000,  ,  ,  769.226 
JavaSort3 ; 8.389770507812500000, 7.221191406250000000,  ,  ,  774.131 
JavaSort3 ; 8.299682617187500000, 7.103332519531250000,  ,  ,  825.149 
JavaSort3 ; 8.377685546875000000, 7.214538574218750000,  ,  ,  842.54 
JavaSort3 ; 8.795227050781250000, 7.658142089843750000,  ,  ,  767.099 
JavaSort3 ; 8.644958496093750000, 7.572570800781250000,  ,  ,  738.264 
JavaSort3 ; 8.622619628906250000, 7.489685058593750000,  ,  ,  732.028 
JavaSort3 ; 8.357666015625000000, 7.269531250000000000,  ,  ,  752.082 
JavaSort3 ; 8.727722167968750000, 7.608642578125000000,  ,  ,  766.209 
JavaSort3 ; 8.707885742187500000, 7.581787109375000000,  ,  ,  756.627 
JavaSort3 ; 8.669189453125000000, 7.585266113281250000,  ,  ,  746.82 
JavaSort3 ; 8.551879882812500000, 7.443847656250000000,  ,  ,  765.297 
JavaSort3 ; 8.527221679687500000, 7.393798828125000000,  ,  ,  758.436 
JavaSort3 ; 8.725158691406250000, 7.630065917968750000,  ,  ,  746.352 
JavaSort3 ; 8.798645019531250000, 7.628479003906250000,  ,  ,  780.87 
JavaSort3 ; 8.491577148437500000, 7.321960449218750000,  ,  ,  755.101 
JavaSort3 ; 8.410217285156250000, 7.326965332031250000,  ,  ,  734.612 
JavaSort4 ; 8.591308593750000000, 7.409362792968750000,  ,  ,  742.125 
JavaSort4 ; 8.652893066406250000, 7.538024902343750000,  ,  ,  755.709 
JavaSort4 ; 8.652648925781250000, 7.517944335937500000,  ,  ,  761.569 
JavaSort4 ; 8.639160156250000000, 7.452941894531250000,  ,  ,  807.135 
JavaSort4 ; 8.653503417968750000, 7.542053222656250000,  ,  ,  770.75 
JavaSort4 ; 8.705810546875000000, 7.540100097656250000,  ,  ,  749.178 
JavaSort4 ; 8.615722656250000000, 7.408264160156250000,  ,  ,  754.033 
JavaSort4 ; 8.747558593750000000, 7.534362792968750000,  ,  ,  757.197 
JavaSort4 ; 8.467712402343750000, 7.378173828125000000,  ,  ,  742.892 
JavaSort4 ; 8.584899902343750000, 7.457336425781250000,  ,  ,  792.34 
JavaSort4 ; 8.355895996093750000, 7.214599609375000000,  ,  ,  760.225 
JavaSort4 ; 8.486816406250000000, 7.368164062500000000,  ,  ,  758.852 
JavaSort4 ; 8.549438476562500000, 7.467773437500000000,  ,  ,  770.512 
JavaSort4 ; 8.961059570312500000, 7.743041992187500000,  ,  ,  772.91 
JavaSort4 ; 8.679138183593750000, 7.563659667968750000,  ,  ,  754.755 
JavaSort4 ; 8.691711425781250000, 7.547546386718750000,  ,  ,  773.239 
JavaSort4 ; 8.776000976562500000, 7.569946289062500000,  ,  ,  761.907 
JavaSort4 ; 8.626953125000000000, 7.432983398437500000,  ,  ,  761.94 
JavaSort4 ; 8.849853515625000000, 7.662719726562500000,  ,  ,  749.527 
JavaSort4 ; 8.388549804687500000, 7.282958984375000000,  ,  ,  772.814 
JavaSort4 ; 8.585998535156250000, 7.491210937500000000,  ,  ,  759.226 
JavaSort4 ; 8.351684570312500000, 7.156555175781250000,  ,  ,  823.55 
JavaSort4 ; 8.558837890625000000, 7.463928222656250000,  ,  ,  766.543 
JavaSort4 ; 8.837951660156250000, 7.684204101562500000,  ,  ,  752.256 
JavaSort4 ; 8.612915039062500000, 7.416748046875000000,  ,  ,  755.137 
JavaSort4 ; 8.546447753906250000, 7.372375488281250000,  ,  ,  725.62 
JavaSort4 ; 8.518066406250000000, 7.377990722656250000,  ,  ,  745.831 
JavaSort4 ; 8.618225097656250000, 7.446960449218750000,  ,  ,  840.03 
JavaSort4 ; 8.588317871093750000, 7.433776855468750000,  ,  ,  780.684 
JavaSort4 ; 8.529968261718750000, 7.272644042968750000,  ,  ,  813.791 
JavaSort4 ; 8.724487304687500000, 7.615539550781250000,  ,  ,  772.255 
JavaSort4 ; 8.715515136718750000, 7.558715820312500000,  ,  ,  742.486 
JavaSort4 ; 8.556152343750000000, 7.438354492187500000,  ,  ,  754.155 
JavaSort4 ; 8.573669433593750000, 7.512329101562500000,  ,  ,  728.648 
JavaSort4 ; 8.659362792968750000, 7.467285156250000000,  ,  ,  766.641 
JavaSort4 ; 8.744140625000000000, 7.564331054687500000,  ,  ,  760.181 
JavaSort4 ; 8.843017578125000000, 7.649963378906250000,  ,  ,  798.266 
JavaSort4 ; 8.914245605468750000, 7.689697265625000000,  ,  ,  765.436 
JavaSort4 ; 8.440124511718750000, 7.339477539062500000,  ,  ,  752.863 
JavaSort4 ; 8.617919921875000000, 7.520385742187500000,  ,  ,  732.502 
JavaSort4 ; 8.745910644531250000, 7.639648437500000000,  ,  ,  747.056 
JavaSort4 ; 8.598754882812500000, 7.487609863281250000,  ,  ,  767.753 
JavaSort4 ; 8.583801269531250000, 7.281982421875000000,  ,  ,  846.031 
JavaSort4 ; 8.857421875000000000, 7.622497558593750000,  ,  ,  781.955 
JavaSort4 ; 8.462463378906250000, 7.308837890625000000,  ,  ,  741.741 
JavaSort4 ; 8.649780273437500000, 7.514099121093750000,  ,  ,  751.72 
JavaSort4 ; 8.611022949218750000, 7.470153808593750000,  ,  ,  797.321 
JavaSort4 ; 8.822387695312500000, 7.670288085937500000,  ,  ,  744.059 
JavaSort4 ; 8.671813964843750000, 7.523254394531250000,  ,  ,  791.393 
JavaSort4 ; 8.754272460937500000, 7.594299316406250000,  ,  ,  773.24 
JavaSort5 ; 8.572387695312500000, 7.365356445312500000,  ,  ,  742.485 
JavaSort5 ; 8.628784179687500000, 7.422302246093750000,  ,  ,  763.999 
JavaSort5 ; 8.571166992187500000, 7.362365722656250000,  ,  ,  756.017 
JavaSort5 ; 8.659057617187500000, 7.481811523437500000,  ,  ,  731.526 
JavaSort5 ; 8.787048339843750000, 7.667114257812500000,  ,  ,  771.876 
JavaSort5 ; 8.507568359375000000, 7.388610839843750000,  ,  ,  761.143 
JavaSort5 ; 8.790466308593750000, 7.683288574218750000,  ,  ,  739.444 
JavaSort5 ; 8.776794433593750000, 7.602294921875000000,  ,  ,  773.499 
JavaSort5 ; 8.785034179687500000, 7.559631347656250000,  ,  ,  775.468 
JavaSort5 ; 8.645202636718750000, 7.472961425781250000,  ,  ,  753.857 
JavaSort5 ; 8.929016113281250000, 7.689392089843750000,  ,  ,  791.013 
JavaSort5 ; 8.696960449218750000, 7.532897949218750000,  ,  ,  745.587 
JavaSort5 ; 8.649169921875000000, 7.433715820312500000,  ,  ,  862.651 
JavaSort5 ; 8.848571777343750000, 7.726928710937500000,  ,  ,  775.183 
JavaSort5 ; 8.727905273437500000, 7.588562011718750000,  ,  ,  798.806 
JavaSort5 ; 8.582092285156250000, 7.459533691406250000,  ,  ,  770.268 
JavaSort5 ; 8.817871093750000000, 7.659851074218750000,  ,  ,  796.702 
JavaSort5 ; 8.597351074218750000, 7.477661132812500000,  ,  ,  749.049 
JavaSort5 ; 9.027526855468750000, 7.819641113281250000,  ,  ,  757.716 
JavaSort5 ; 8.464782714843750000, 7.404968261718750000,  ,  ,  726.098 
JavaSort5 ; 8.645202636718750000, 7.541076660156250000,  ,  ,  731.64 
JavaSort5 ; 8.797241210937500000, 7.704284667968750000,  ,  ,  742.684 
JavaSort5 ; 8.548828125000000000, 7.437072753906250000,  ,  ,  765.744 
JavaSort5 ; 8.856079101562500000, 7.630981445312500000,  ,  ,  779.101 
JavaSort5 ; 8.614624023437500000, 7.482177734375000000,  ,  ,  728.289 
JavaSort5 ; 8.798217773437500000, 7.659851074218750000,  ,  ,  780.264 
JavaSort5 ; 8.550109863281250000, 7.454345703125000000,  ,  ,  761.763 
JavaSort5 ; 8.667236328125000000, 7.531311035156250000,  ,  ,  798.529 
JavaSort5 ; 8.560913085937500000, 7.312194824218750000,  ,  ,  833.791 
JavaSort5 ; 8.831298828125000000, 7.691711425781250000,  ,  ,  780.709 
JavaSort5 ; 8.593383789062500000, 7.485412597656250000,  ,  ,  751.259 
JavaSort5 ; 8.809814453125000000, 7.625976562500000000,  ,  ,  745.343 
JavaSort5 ; 8.699523925781250000, 7.586120605468750000,  ,  ,  771.242 
JavaSort5 ; 8.552429199218750000, 7.431335449218750000,  ,  ,  732.908 
JavaSort5 ; 8.637939453125000000, 7.473571777343750000,  ,  ,  768.344 
JavaSort5 ; 8.464233398437500000, 7.368041992187500000,  ,  ,  751.224 
JavaSort5 ; 8.512878417968750000, 7.300292968750000000,  ,  ,  831.199 
JavaSort5 ; 8.512573242187500000, 7.442260742187500000,  ,  ,  735.113 
JavaSort5 ; 8.800048828125000000, 7.654357910156250000,  ,  ,  775.028 
JavaSort5 ; 8.447265625000000000, 7.375122070312500000,  ,  ,  734.356 
JavaSort5 ; 8.559387207031250000, 7.437500000000000000,  ,  ,  780.87 
JavaSort5 ; 9.033325195312500000, 7.779846191406250000,  ,  ,  806.501 
JavaSort5 ; 8.389892578125000000, 7.304382324218750000,  ,  ,  753.533 
JavaSort5 ; 8.511962890625000000, 7.408996582031250000,  ,  ,  759.418 
JavaSort5 ; 9.029235839843750000, 7.764587402343750000,  ,  ,  776.361 
JavaSort5 ; 8.841186523437500000, 7.614807128906250000,  ,  ,  756.471 
JavaSort5 ; 8.614746093750000000, 7.415649414062500000,  ,  ,  755.697 
JavaSort5 ; 8.884521484375000000, 7.679565429687500000,  ,  ,  742.68 
JavaSort5 ; 8.660278320312500000, 7.477844238281250000,  ,  ,  733.094 
JavaSort5 ; 8.439025878906250000, 7.341308593750000000,  ,  ,  757.924 
JavaSort6 ; 8.759094238281250000, 7.627319335937500000,  ,  ,  769.723 
JavaSort6 ; 8.590698242187500000, 7.482482910156250000,  ,  ,  753.115 
JavaSort6 ; 8.583435058593750000, 7.485595703125000000,  ,  ,  751.764 
JavaSort6 ; 8.945434570312500000, 7.839416503906250000,  ,  ,  754.614 
JavaSort6 ; 8.968505859375000000, 7.740722656250000000,  ,  ,  804.974 
JavaSort6 ; 8.942565917968750000, 7.751525878906250000,  ,  ,  763.647 
JavaSort6 ; 8.666748046875000000, 7.559814453125000000,  ,  ,  759.11 
JavaSort6 ; 8.701721191406250000, 7.538085937500000000,  ,  ,  727.156 
JavaSort6 ; 8.880432128906250000, 7.749633789062500000,  ,  ,  748.178 
JavaSort6 ; 8.793395996093750000, 7.687133789062500000,  ,  ,  744.019 
JavaSort6 ; 8.811828613281250000, 7.689147949218750000,  ,  ,  759.688 
JavaSort6 ; 8.961059570312500000, 7.825622558593750000,  ,  ,  762.213 
JavaSort6 ; 8.953979492187500000, 7.741760253906250000,  ,  ,  782.642 
JavaSort6 ; 8.607849121093750000, 7.506652832031250000,  ,  ,  731.251 
JavaSort6 ; 8.826538085937500000, 7.713928222656250000,  ,  ,  750.06 
JavaSort6 ; 8.781860351562500000, 7.661315917968750000,  ,  ,  744.642 
JavaSort6 ; 8.594665527343750000, 7.538452148437500000,  ,  ,  726.346 
JavaSort6 ; 8.915588378906250000, 7.766357421875000000,  ,  ,  746.01 
JavaSort6 ; 8.639404296875000000, 7.519897460937500000,  ,  ,  763.632 
JavaSort6 ; 8.561279296875000000, 7.465209960937500000,  ,  ,  757.139 
JavaSort6 ; 8.734252929687500000, 7.586791992187500000,  ,  ,  772.057 
JavaSort6 ; 8.915039062500000000, 7.787658691406250000,  ,  ,  753.663 
JavaSort6 ; 8.766357421875000000, 7.646728515625000000,  ,  ,  770.48 
JavaSort6 ; 8.887878417968750000, 7.659729003906250000,  ,  ,  770.803 
JavaSort6 ; 8.794921875000000000, 7.639221191406250000,  ,  ,  796.306 
JavaSort6 ; 9.021240234375000000, 7.874206542968750000,  ,  ,  766.503 
JavaSort6 ; 8.625732421875000000, 7.508728027343750000,  ,  ,  773.282 
JavaSort6 ; 8.918762207031250000, 7.774963378906250000,  ,  ,  784.88 
JavaSort6 ; 8.438293457031250000, 7.136962890625000000,  ,  ,  861.744 
JavaSort6 ; 9.000488281250000000, 7.773803710937500000,  ,  ,  751.853 
JavaSort6 ; 9.069641113281250000, 7.825378417968750000,  ,  ,  769.254 
JavaSort6 ; 8.859252929687500000, 7.653991699218750000,  ,  ,  740.466 
JavaSort6 ; 8.825805664062500000, 7.664611816406250000,  ,  ,  765.376 
JavaSort6 ; 8.965087890625000000, 7.783142089843750000,  ,  ,  807.421 
JavaSort6 ; 8.899291992187500000, 7.743835449218750000,  ,  ,  796.797 
JavaSort6 ; 8.698425292968750000, 7.565612792968750000,  ,  ,  769.145 
JavaSort6 ; 8.979248046875000000, 7.790100097656250000,  ,  ,  748.558 
JavaSort6 ; 8.718750000000000000, 7.611755371093750000,  ,  ,  757.657 
JavaSort6 ; 8.817382812500000000, 7.647155761718750000,  ,  ,  765.194 
JavaSort6 ; 8.964111328125000000, 7.715820312500000000,  ,  ,  768.333 
JavaSort6 ; 8.678710937500000000, 7.541809082031250000,  ,  ,  780.166 
JavaSort6 ; 8.969421386718750000, 7.765136718750000000,  ,  ,  763.516 
JavaSort6 ; 8.575683593750000000, 7.474426269531250000,  ,  ,  755.717 
JavaSort6 ; 8.897277832031250000, 7.761047363281250000,  ,  ,  746.9 
JavaSort6 ; 8.824829101562500000, 7.677612304687500000,  ,  ,  776.827 
JavaSort6 ; 9.002807617187500000, 7.867126464843750000,  ,  ,  758.256 
JavaSort6 ; 8.833679199218750000, 7.682373046875000000,  ,  ,  780.002 
JavaSort6 ; 8.703186035156250000, 7.596130371093750000,  ,  ,  764.966 
JavaSort6 ; 8.886596679687500000, 7.750305175781250000,  ,  ,  752.618 
JavaSort6 ; 8.826721191406250000, 7.610778808593750000,  ,  ,  750.046 
JavaSort7 ; 8.656311035156250000, 7.480163574218750000,  ,  ,  780.46 
JavaSort7 ; 8.923950195312500000, 7.753479003906250000,  ,  ,  762.748 
JavaSort7 ; 8.593444824218750000, 7.510864257812500000,  ,  ,  725.13 
JavaSort7 ; 8.981567382812500000, 7.834960937500000000,  ,  ,  783.626 
JavaSort7 ; 8.912292480468750000, 7.689636230468750000,  ,  ,  775.016 
JavaSort7 ; 9.068115234375000000, 7.893920898437500000,  ,  ,  758.151 
JavaSort7 ; 8.816711425781250000, 7.671081542968750000,  ,  ,  742.856 
JavaSort7 ; 8.927612304687500000, 7.806152343750000000,  ,  ,  750.827 
JavaSort7 ; 9.046997070312500000, 7.895690917968750000,  ,  ,  776.321 
JavaSort7 ; 8.854431152343750000, 7.715820312500000000,  ,  ,  748.366 
JavaSort7 ; 8.884826660156250000, 7.747192382812500000,  ,  ,  769.683 
JavaSort7 ; 8.699584960937500000, 7.599853515625000000,  ,  ,  754.035 
JavaSort7 ; 9.029846191406250000, 7.834472656250000000,  ,  ,  806.616 
JavaSort7 ; 8.596923828125000000, 7.493408203125000000,  ,  ,  747.255 
JavaSort7 ; 9.016723632812500000, 7.843688964843750000,  ,  ,  756.375 
JavaSort7 ; 8.824829101562500000, 7.722839355468750000,  ,  ,  740.223 
JavaSort7 ; 8.749572753906250000, 7.631652832031250000,  ,  ,  768.357 
JavaSort7 ; 8.925659179687500000, 7.703918457031250000,  ,  ,  768.566 
JavaSort7 ; 8.944213867187500000, 7.726135253906250000,  ,  ,  780.094 
JavaSort7 ; 8.851013183593750000, 7.738342285156250000,  ,  ,  749.658 
JavaSort7 ; 8.679626464843750000, 7.436584472656250000,  ,  ,  828.809 
JavaSort7 ; 8.547607421875000000, 7.453491210937500000,  ,  ,  745.18 
JavaSort7 ; 8.821716308593750000, 7.675292968750000000,  ,  ,  779.859 
JavaSort7 ; 9.097534179687500000, 7.938476562500000000,  ,  ,  770.332 
JavaSort7 ; 8.787353515625000000, 7.664306640625000000,  ,  ,  776.976 
JavaSort7 ; 8.825866699218750000, 7.526916503906250000,  ,  ,  835.149 
JavaSort7 ; 8.652038574218750000, 7.458801269531250000,  ,  ,  748.955 
JavaSort7 ; 8.714599609375000000, 7.459594726562500000,  ,  ,  798.626 
JavaSort7 ; 8.752319335937500000, 7.420532226562500000,  ,  ,  863.678 
JavaSort7 ; 9.012207031250000000, 7.864013671875000000,  ,  ,  766.258 
JavaSort7 ; 8.845153808593750000, 7.641357421875000000,  ,  ,  771.841 
JavaSort7 ; 8.942321777343750000, 7.789245605468750000,  ,  ,  769.686 
JavaSort7 ; 8.603332519531250000, 7.455566406250000000,  ,  ,  763.827 
JavaSort7 ; 9.008056640625000000, 7.767578125000000000,  ,  ,  785.215 
JavaSort7 ; 9.049072265625000000, 7.788085937500000000,  ,  ,  784.161 
JavaSort7 ; 8.849304199218750000, 7.605529785156250000,  ,  ,  771.493 
JavaSort7 ; 8.716979980468750000, 7.616882324218750000,  ,  ,  739.466 
JavaSort7 ; 8.776245117187500000, 7.637634277343750000,  ,  ,  756.636 
JavaSort7 ; 8.835327148437500000, 7.583190917968750000,  ,  ,  782.121 
JavaSort7 ; 8.975341796875000000, 7.816223144531250000,  ,  ,  752.468 
JavaSort7 ; 8.744873046875000000, 7.544006347656250000,  ,  ,  783.903 
JavaSort7 ; 8.531433105468750000, 7.361511230468750000,  ,  ,  741.776 
JavaSort7 ; 8.892456054687500000, 7.768127441406250000,  ,  ,  749.085 
JavaSort7 ; 8.655334472656250000, 7.460449218750000000,  ,  ,  765.229 
JavaSort7 ; 8.833496093750000000, 7.676757812500000000,  ,  ,  789.433 
JavaSort7 ; 8.688598632812500000, 7.588134765625000000,  ,  ,  744.068 
JavaSort7 ; 9.010375976562500000, 7.878662109375000000,  ,  ,  752.232 
JavaSort7 ; 8.797302246093750000, 7.692687988281250000,  ,  ,  745.376 
JavaSort7 ; 8.857788085937500000, 7.685729980468750000,  ,  ,  743.751 
JavaSort7 ; 8.973999023437500000, 7.735656738281250000,  ,  ,  753.642 
JavaSort8 ; 8.868469238281250000, 7.684875488281250000,  ,  ,  799.114 
JavaSort8 ; 8.813171386718750000, 7.687744140625000000,  ,  ,  747.644 
JavaSort8 ; 8.835815429687500000, 7.711547851562500000,  ,  ,  761.412 
JavaSort8 ; 8.758728027343750000, 7.585693359375000000,  ,  ,  756.946 
JavaSort8 ; 8.899597167968750000, 7.690002441406250000,  ,  ,  737.744 
JavaSort8 ; 8.902648925781250000, 7.665222167968750000,  ,  ,  772.593 
JavaSort8 ; 8.965942382812500000, 7.791809082031250000,  ,  ,  748.375 
JavaSort8 ; 8.817810058593750000, 7.659423828125000000,  ,  ,  788.232 
JavaSort8 ; 8.963745117187500000, 7.789916992187500000,  ,  ,  796.403 
JavaSort8 ; 8.975341796875000000, 7.817016601562500000,  ,  ,  783.267 
JavaSort8 ; 8.895202636718750000, 7.746948242187500000,  ,  ,  779.146 
JavaSort8 ; 9.055236816406250000, 7.846374511718750000,  ,  ,  769.341 
JavaSort8 ; 9.153747558593750000, 7.896667480468750000,  ,  ,  772.809 
JavaSort8 ; 9.005676269531250000, 7.842224121093750000,  ,  ,  776.101 
JavaSort8 ; 9.077697753906250000, 7.826416015625000000,  ,  ,  773.873 
JavaSort8 ; 8.845581054687500000, 7.649902343750000000,  ,  ,  734.696 
JavaSort8 ; 9.039672851562500000, 7.839477539062500000,  ,  ,  743.579 
JavaSort8 ; 8.780517578125000000, 7.637084960937500000,  ,  ,  736.737 
JavaSort8 ; 8.865173339843750000, 7.738647460937500000,  ,  ,  767.815 
JavaSort8 ; 8.815673828125000000, 7.592224121093750000,  ,  ,  777.596 
JavaSort8 ; 8.687255859375000000, 7.575866699218750000,  ,  ,  730.356 
JavaSort8 ; 9.048522949218750000, 7.897399902343750000,  ,  ,  770.458 
JavaSort8 ; 9.043273925781250000, 7.800659179687500000,  ,  ,  770.873 
JavaSort8 ; 8.937316894531250000, 7.745300292968750000,  ,  ,  760.163 
JavaSort8 ; 9.063354492187500000, 7.866516113281250000,  ,  ,  777.548 
JavaSort8 ; 9.162719726562500000, 7.887695312500000000,  ,  ,  795.704 
JavaSort8 ; 8.814331054687500000, 7.503662109375000000,  ,  ,  839.89 
JavaSort8 ; 9.001159667968750000, 7.806701660156250000,  ,  ,  797.975 
JavaSort8 ; 8.948425292968750000, 7.725830078125000000,  ,  ,  842.663 
JavaSort8 ; 9.126647949218750000, 7.915893554687500000,  ,  ,  773.194 
JavaSort8 ; 9.202331542968750000, 7.947875976562500000,  ,  ,  772.996 
JavaSort8 ; 8.596984863281250000, 7.494323730468750000,  ,  ,  736.901 
JavaSort8 ; 9.006774902343750000, 7.797485351562500000,  ,  ,  745.271 
JavaSort8 ; 8.776062011718750000, 7.562438964843750000,  ,  ,  752.822 
JavaSort8 ; 8.984924316406250000, 7.739562988281250000,  ,  ,  798.9 
JavaSort8 ; 8.683959960937500000, 7.363525390625000000,  ,  ,  857.541 
JavaSort8 ; 8.817626953125000000, 7.627563476562500000,  ,  ,  784.524 
JavaSort8 ; 8.970092773437500000, 7.714660644531250000,  ,  ,  785.078 
JavaSort8 ; 8.835021972656250000, 7.581909179687500000,  ,  ,  770.341 
JavaSort8 ; 9.000366210937500000, 7.793579101562500000,  ,  ,  743.476 
JavaSort8 ; 9.010681152343750000, 7.734191894531250000,  ,  ,  804.735 
JavaSort8 ; 9.012512207031250000, 7.747619628906250000,  ,  ,  788.489 
JavaSort8 ; 8.989135742187500000, 7.767822265625000000,  ,  ,  742.908 
JavaSort8 ; 8.893371582031250000, 7.760742187500000000,  ,  ,  763.807 
JavaSort8 ; 8.654113769531250000, 7.535705566406250000,  ,  ,  762.316 
JavaSort8 ; 9.172729492187500000, 7.921020507812500000,  ,  ,  791.561 
JavaSort8 ; 8.806091308593750000, 7.678466796875000000,  ,  ,  760.297 
JavaSort8 ; 9.090698242187500000, 7.918579101562500000,  ,  ,  751.7 
JavaSort8 ; 8.788574218750000000, 7.599304199218750000,  ,  ,  762.558 
JavaSort8 ; 8.802368164062500000, 7.672119140625000000,  ,  ,  757.609 
JavaSort9 ; 8.800292968750000000, 7.545043945312500000,  ,  ,  773.765 
JavaSort9 ; 8.879821777343750000, 7.715087890625000000,  ,  ,  775.345 
JavaSort9 ; 8.995483398437500000, 7.839660644531250000,  ,  ,  762.839 
JavaSort9 ; 8.858520507812500000, 7.634338378906250000,  ,  ,  753.496 
JavaSort9 ; 8.859619140625000000, 7.677062988281250000,  ,  ,  776.642 
JavaSort9 ; 8.843933105468750000, 7.688354492187500000,  ,  ,  745.296 
JavaSort9 ; 8.961791992187500000, 7.828613281250000000,  ,  ,  756.076 
JavaSort9 ; 8.780517578125000000, 7.646240234375000000,  ,  ,  756.945 
JavaSort9 ; 8.914550781250000000, 7.702575683593750000,  ,  ,  746.023 
JavaSort9 ; 9.290588378906250000, 8.062500000000000000,  ,  ,  800.482 
JavaSort9 ; 9.093017578125000000, 7.915893554687500000,  ,  ,  770.962 
JavaSort9 ; 8.887451171875000000, 7.652709960937500000,  ,  ,  764.58 
JavaSort9 ; 8.679626464843750000, 7.388549804687500000,  ,  ,  834.256 
JavaSort9 ; 9.084777832031250000, 7.890991210937500000,  ,  ,  779.28 
JavaSort9 ; 8.888977050781250000, 7.776550292968750000,  ,  ,  747.463 
JavaSort9 ; 9.071044921875000000, 7.902832031250000000,  ,  ,  779.833 
JavaSort9 ; 8.918457031250000000, 7.755310058593750000,  ,  ,  759.105 
JavaSort9 ; 8.985534667968750000, 7.835876464843750000,  ,  ,  771.879 
JavaSort9 ; 8.746398925781250000, 7.603820800781250000,  ,  ,  726.774 
JavaSort9 ; 9.000122070312500000, 7.845214843750000000,  ,  ,  791.481 
JavaSort9 ; 8.723815917968750000, 7.581787109375000000,  ,  ,  770.316 
JavaSort9 ; 8.719360351562500000, 7.529602050781250000,  ,  ,  782.151 
JavaSort9 ; 8.992248535156250000, 7.866333007812500000,  ,  ,  748.033 
JavaSort9 ; 9.218566894531250000, 7.996093750000000000,  ,  ,  795.364 
JavaSort9 ; 8.909484863281250000, 7.744873046875000000,  ,  ,  776.691 
JavaSort9 ; 8.832214355468750000, 7.708557128906250000,  ,  ,  750.369 
JavaSort9 ; 9.138366699218750000, 7.902099609375000000,  ,  ,  767.647 
JavaSort9 ; 9.177917480468750000, 7.907531738281250000,  ,  ,  783.347 
JavaSort9 ; 8.660888671875000000, 7.427673339843750000,  ,  ,  801.537 
JavaSort9 ; 9.142883300781250000, 7.924743652343750000,  ,  ,  751.996 
JavaSort9 ; 9.036315917968750000, 7.878173828125000000,  ,  ,  788.018 
JavaSort9 ; 8.900146484375000000, 7.722717285156250000,  ,  ,  774.191 
JavaSort9 ; 8.879028320312500000, 7.758117675781250000,  ,  ,  746.839 
JavaSort9 ; 8.799865722656250000, 7.632446289062500000,  ,  ,  787.312 
JavaSort9 ; 9.138916015625000000, 7.904663085937500000,  ,  ,  792.334 
JavaSort9 ; 9.126892089843750000, 7.986450195312500000,  ,  ,  771.219 
JavaSort9 ; 9.112121582031250000, 7.938354492187500000,  ,  ,  755.087 
JavaSort9 ; 9.028991699218750000, 7.868225097656250000,  ,  ,  792.39 
JavaSort9 ; 8.570922851562500000, 7.381225585937500000,  ,  ,  837.073 
JavaSort9 ; 9.167053222656250000, 7.959655761718750000,  ,  ,  758.327 
JavaSort9 ; 8.995483398437500000, 7.855346679687500000,  ,  ,  762.848 
JavaSort9 ; 9.197265625000000000, 7.980346679687500000,  ,  ,  783.548 
JavaSort9 ; 8.875244140625000000, 7.742858886718750000,  ,  ,  756.197 
JavaSort9 ; 9.086975097656250000, 7.957824707031250000,  ,  ,  754.947 
JavaSort9 ; 8.827697753906250000, 7.651794433593750000,  ,  ,  769.333 
JavaSort9 ; 8.989501953125000000, 7.863342285156250000,  ,  ,  748.592 
JavaSort9 ; 8.942199707031250000, 7.799316406250000000,  ,  ,  752.598 
JavaSort9 ; 8.890563964843750000, 7.674987792968750000,  ,  ,  742.765 
JavaSort9 ; 9.009948730468750000, 7.781005859375000000,  ,  ,  803.387 
JavaSort9 ; 8.962829589843750000, 7.756347656250000000,  ,  ,  776.365 
JavaSort10 ; 8.936706542968750000, 7.719238281250000000,  ,  ,  812.112 
JavaSort10 ; 9.095764160156250000, 7.934936523437500000,  ,  ,  770.607 
JavaSort10 ; 9.087158203125000000, 7.815795898437500000,  ,  ,  787.424 
JavaSort10 ; 9.318115234375000000, 8.033813476562500000,  ,  ,  784.254 
JavaSort10 ; 8.946411132812500000, 7.704162597656250000,  ,  ,  764 
JavaSort10 ; 8.915771484375000000, 7.728393554687500000,  ,  ,  771.291 
JavaSort10 ; 9.042419433593750000, 7.879760742187500000,  ,  ,  764.809 
JavaSort10 ; 9.003234863281250000, 7.671447753906250000,  ,  ,  858.864 
JavaSort10 ; 8.993713378906250000, 7.760498046875000000,  ,  ,  757.733 
JavaSort10 ; 9.098083496093750000, 7.863037109375000000,  ,  ,  754.442 
JavaSort10 ; 8.964599609375000000, 7.737487792968750000,  ,  ,  773.853 
JavaSort10 ; 8.992797851562500000, 7.835388183593750000,  ,  ,  761.778 
JavaSort10 ; 8.990356445312500000, 7.831481933593750000,  ,  ,  743.245 
JavaSort10 ; 8.985168457031250000, 7.861572265625000000,  ,  ,  743.717 
JavaSort10 ; 9.064819335937500000, 7.900634765625000000,  ,  ,  769.73 
JavaSort10 ; 8.926208496093750000, 7.803283691406250000,  ,  ,  745.026 
JavaSort10 ; 9.127868652343750000, 7.970764160156250000,  ,  ,  773.217 
JavaSort10 ; 9.102355957031250000, 7.789306640625000000,  ,  ,  870.363 
JavaSort10 ; 9.240112304687500000, 7.989196777343750000,  ,  ,  760.628 
JavaSort10 ; 9.291076660156250000, 8.025756835937500000,  ,  ,  807.868 
JavaSort10 ; 9.035339355468750000, 7.792419433593750000,  ,  ,  766.131 
JavaSort10 ; 9.263793945312500000, 7.943908691406250000,  ,  ,  802.114 
JavaSort10 ; 9.154541015625000000, 7.903503417968750000,  ,  ,  785.411 
JavaSort10 ; 8.722778320312500000, 7.597290039062500000,  ,  ,  764.839 
JavaSort10 ; 8.860168457031250000, 7.728027343750000000,  ,  ,  770.978 
JavaSort10 ; 9.105468750000000000, 7.884399414062500000,  ,  ,  791.346 
JavaSort10 ; 8.868225097656250000, 7.705444335937500000,  ,  ,  788.116 
JavaSort10 ; 9.120300292968750000, 7.891174316406250000,  ,  ,  779.185 
JavaSort10 ; 8.964965820312500000, 7.748474121093750000,  ,  ,  774.76 
JavaSort10 ; 8.974121093750000000, 7.821166992187500000,  ,  ,  782.354 
JavaSort10 ; 9.029724121093750000, 7.794677734375000000,  ,  ,  764.918 
JavaSort10 ; 8.821838378906250000, 7.543701171875000000,  ,  ,  780.019 
JavaSort10 ; 8.954772949218750000, 7.684265136718750000,  ,  ,  791.467 
JavaSort10 ; 9.337036132812500000, 8.043151855468750000,  ,  ,  774.612 
JavaSort10 ; 8.978027343750000000, 7.805725097656250000,  ,  ,  759.996 
JavaSort10 ; 9.301391601562500000, 8.009582519531250000,  ,  ,  810.227 
JavaSort10 ; 9.248046875000000000, 7.997741699218750000,  ,  ,  775.282 
JavaSort10 ; 9.164062500000000000, 7.964050292968750000,  ,  ,  798.437 
JavaSort10 ; 8.586669921875000000, 7.400268554687500000,  ,  ,  816.468 
JavaSort10 ; 9.202453613281250000, 8.027526855468750000,  ,  ,  758.087 
JavaSort10 ; 8.877380371093750000, 7.701171875000000000,  ,  ,  748.64 
JavaSort10 ; 9.114257812500000000, 7.956420898437500000,  ,  ,  749.378 
JavaSort10 ; 9.062744140625000000, 7.898742675781250000,  ,  ,  767.163 
JavaSort10 ; 9.102905273437500000, 7.828002929687500000,  ,  ,  780.014 
JavaSort10 ; 9.043701171875000000, 7.784179687500000000,  ,  ,  757.327 
JavaSort10 ; 9.231750488281250000, 7.960144042968750000,  ,  ,  757.901 
JavaSort10 ; 9.194091796875000000, 7.893005371093750000,  ,  ,  782.437 
JavaSort10 ; 9.056701660156250000, 7.819641113281250000,  ,  ,  741.803 
JavaSort10 ; 9.282592773437500000, 8.046936035156250000,  ,  ,  763.862 
JavaSort10 ; 9.163757324218750000, 7.995788574218750000,  ,  ,  759.813 
