PKG (J),CPU (J),DRAM (J),Time (ms),Temp (C),Input case,Size
4.396484375,3.8660888671875,0.2138671875,424.846,64.0,best,25000.0
4.3262939453125,3.8027954101562496,0.212158203125,418.592,64.0,best,25000.0
4.56671142578125,4.00213623046875,0.2154541015625,470.242,64.0,best,25000.0
4.493408203125,3.941650390625,0.2149658203125,455.232,64.0,best,25000.0
4.56488037109375,3.9915161132812496,0.21337890625,497.503,64.0,best,25000.0
4.53973388671875,3.9839477539062496,0.21417236328125,462.984,64.0,best,25000.0
4.40057373046875,3.8450927734375,0.21905517578125,447.954,64.0,best,25000.0
4.41583251953125,3.8302612304687504,0.219482421875,492.036,64.0,best,25000.0
4.47308349609375,3.919189453125,0.21221923828125,449.734,64.0,best,25000.0
4.58038330078125,4.01580810546875,0.216064453125,468.186,64.0,best,25000.0
4.43914794921875,3.8839721679687504,0.21954345703125,444.359,64.0,best,25000.0
4.60205078125,4.03179931640625,0.2177734375,484.323,64.0,best,25000.0
4.45745849609375,3.9066772460937504,0.2142333984375,456.059,64.0,best,25000.0
4.51141357421875,3.934814453125,0.22113037109375,477.59,64.0,best,25000.0
4.5257568359375,3.9710083007812496,0.21563720703125,461.276,64.0,best,25000.0
4.58905029296875,4.00030517578125,0.221923828125,491.02,64.0,best,25000.0
4.37969970703125,3.7911376953125,0.22149658203125,492.628,64.0,best,25000.0
4.5137939453125,3.967041015625,0.2142333984375,452.9,64.0,best,25000.0
6.7437744140625,5.891357421875,0.2923583984375,764.611,64.0,best,50000.0
6.496337890625,5.6956787109375,0.28375244140625,704.444,64.0,best,50000.0
6.412353515625,5.604736328125,0.266845703125,733.661,65.0,best,50000.0
6.520751953125,5.7047119140625,0.28253173828125,719.08,65.0,best,50000.0
6.53619384765625,5.73345947265625,0.27606201171875,715.901,65.0,best,50000.0
6.6944580078125,5.85858154296875,0.28668212890625,736.062,65.0,best,50000.0
6.53167724609375,5.7142333984375,0.2818603515625,742.254,65.0,best,50000.0
6.64141845703125,5.810546875,0.283203125,762.119,65.0,best,50000.0
6.61163330078125,5.78973388671875,0.28271484375,730.392,65.0,best,50000.0
6.68914794921875,5.87103271484375,0.27783203125,741.824,65.0,best,50000.0
6.6318359375,5.82049560546875,0.279052734375,724.247,64.0,best,50000.0
6.5914306640625,5.78948974609375,0.2789306640625,723.433,63.0,best,50000.0
6.6580810546875,5.8089599609375,0.287109375,759.922,63.0,best,50000.0
6.505859375,5.66058349609375,0.27777099609375,769.792,63.0,best,50000.0
6.76739501953125,5.9296875,0.283447265625,752.422,63.0,best,50000.0
6.71478271484375,5.87646484375,0.2857666015625,761.274,64.0,best,50000.0
6.77557373046875,5.94683837890625,0.284912109375,743.385,64.0,best,50000.0
6.57720947265625,5.7520751953125,0.2745361328125,752.071,64.0,best,50000.0
6.7061767578125,5.8624267578125,0.28778076171875,760.131,64.0,best,50000.0
6.6529541015625,5.80072021484375,0.2886962890625,757.9,64.0,best,50000.0
6.50445556640625,5.73687744140625,0.27606201171875,684.779,64.0,best,50000.0
6.4556884765625,5.6561279296875,0.27960205078125,696.705,64.0,best,50000.0
6.4853515625,5.66949462890625,0.278564453125,734.972,64.0,best,50000.0
6.5772705078125,5.75665283203125,0.28131103515625,724.716,64.0,best,50000.0
6.451416015625,5.67791748046875,0.27618408203125,683.381,64.0,best,50000.0
6.6353759765625,5.806396484375,0.29107666015625,737.632,65.0,best,50000.0
6.65936279296875,5.76654052734375,0.29449462890625,806.187,65.0,best,50000.0
8.662841796875,7.581298828125,0.344482421875,1008.27,65.0,best,75000.0
8.8624267578125,7.793701171875,0.34259033203125,997.381,65.0,best,75000.0
8.59674072265625,7.54901123046875,0.3297119140625,989.591,66.0,best,75000.0
8.65692138671875,7.60028076171875,0.33770751953125,982.22,66.0,best,75000.0
8.79345703125,7.727905273437501,0.34051513671875,992.111,66.0,best,75000.0
8.34710693359375,7.32574462890625,0.33917236328125,939.305,67.0,best,75000.0
8.62322998046875,7.56756591796875,0.3363037109375,986.844,66.0,best,75000.0
8.72930908203125,7.66961669921875,0.33697509765625,994.38,64.0,best,75000.0
9.04949951171875,7.9296875,0.3553466796875,1029.13,64.0,best,75000.0
8.56915283203125,7.497802734375,0.345947265625,982.824,64.0,best,75000.0
8.6463623046875,7.58673095703125,0.344482421875,979.477,65.0,best,75000.0
8.8931884765625,7.804443359375,0.34521484375,1005.91,65.0,best,75000.0
8.63427734375,7.582275390625,0.34234619140625,997.81,65.0,best,75000.0
8.8638916015625,7.76568603515625,0.34515380859375,1022.61,65.0,best,75000.0
8.82733154296875,7.748413085937501,0.34161376953125,1007.18,66.0,best,75000.0
8.81329345703125,7.731079101562499,0.3441162109375,1004.27,66.0,best,75000.0
8.7498779296875,7.66168212890625,0.34393310546875,1021.61,65.0,best,75000.0
8.37103271484375,7.32598876953125,0.3436279296875,952.222,64.0,best,75000.0
8.72259521484375,7.65185546875,0.34234619140625,979.334,63.0,best,75000.0
8.808349609375,7.70733642578125,0.3455810546875,1028.33,63.0,best,75000.0
8.57843017578125,7.52398681640625,0.3343505859375,986.236,63.0,best,75000.0
8.70318603515625,7.63525390625,0.3404541015625,994.921,62.0,best,75000.0
8.76409912109375,7.67486572265625,0.34442138671875,1010.64,62.0,best,75000.0
8.77490234375,7.723388671875,0.33477783203125,980.241,63.0,best,75000.0
11.187744140625,9.82635498046875,0.414794921875,1321.64,63.0,best,100000.0
11.1328125,9.75372314453125,0.40655517578125,1319.97,63.0,best,100000.0
11.158203125,9.78240966796875,0.40374755859375,1310.78,63.0,best,100000.0
11.06500244140625,9.709228515625,0.407470703125,1305.94,63.0,best,100000.0
11.22491455078125,9.83502197265625,0.41302490234375,1323.56,63.0,best,100000.0
11.135009765625,9.7589111328125,0.40826416015625,1312.58,63.0,best,100000.0
11.06634521484375,9.6942138671875,0.40771484375,1304.89,62.0,best,100000.0
10.9906005859375,9.64459228515625,0.401611328125,1283.17,62.0,best,100000.0
11.27142333984375,9.89508056640625,0.41473388671875,1328.43,62.0,best,100000.0
10.843994140625,9.50836181640625,0.40631103515625,1247.57,62.0,best,100000.0
11.0875244140625,9.72772216796875,0.40350341796875,1299.62,62.0,best,100000.0
11.01715087890625,9.696533203125,0.39459228515625,1278.82,62.0,best,100000.0
11.13922119140625,9.79840087890625,0.39813232421875,1286.95,65.0,best,100000.0
11.294921875,9.9169921875,0.40771484375,1329.09,66.0,best,100000.0
11.21575927734375,9.839111328125,0.40423583984375,1315.46,66.0,best,100000.0
11.0728759765625,9.708740234375,0.4105224609375,1315.04,68.0,best,100000.0
11.2445068359375,9.861572265625,0.4097900390625,1315.12,69.0,best,100000.0
11.1993408203125,9.8226318359375,0.40716552734375,1323.2,69.0,best,100000.0
11.237548828125,9.8380126953125,0.41357421875,1323.39,68.0,best,100000.0
11.08648681640625,9.73675537109375,0.40142822265625,1289.55,67.0,best,100000.0
10.96856689453125,9.6322021484375,0.39605712890625,1294.74,67.0,best,100000.0
11.07257080078125,9.7034912109375,0.4053955078125,1305.27,67.0,best,100000.0
10.93499755859375,9.5780029296875,0.41217041015625,1311.29,66.0,best,100000.0
10.84967041015625,9.53839111328125,0.40411376953125,1240.55,66.0,best,100000.0
10.95220947265625,9.6141357421875,0.40850830078125,1267.26,68.0,best,100000.0
11.09674072265625,9.69708251953125,0.40899658203125,1343.95,68.0,best,100000.0
11.21173095703125,9.84027099609375,0.40765380859375,1311.95,68.0,best,100000.0
19.4300537109375,17.02606201171875,0.65252685546875,2373.99,66.0,best,200000.0
20.0213623046875,17.59381103515625,0.660888671875,2417.05,66.0,best,200000.0
20.058044433593754,17.6171875,0.667724609375,2449.9,67.0,best,200000.0
19.418701171875,17.0322265625,0.64794921875,2380.26,67.0,best,200000.0
19.291564941406246,16.9202880859375,0.64910888671875,2367.61,65.0,best,200000.0
19.103271484375,16.76092529296875,0.6221923828125,2343.5,64.0,best,200000.0
19.421569824218754,17.0604248046875,0.6376953125,2376.29,65.0,best,200000.0
20.096435546875,17.64923095703125,0.67266845703125,2442.49,66.0,best,200000.0
19.343505859375,16.953369140625,0.6485595703125,2383.72,67.0,best,200000.0
19.474792480468754,17.1182861328125,0.64288330078125,2362.64,67.0,best,200000.0
19.617004394531246,17.24420166015625,0.64752197265625,2392.14,67.0,best,200000.0
19.375793457031246,16.9732666015625,0.65899658203125,2385.39,66.0,best,200000.0
19.2696533203125,16.90960693359375,0.64752197265625,2373.78,66.0,best,200000.0
19.367980957031246,16.96441650390625,0.64935302734375,2388.2,65.0,best,200000.0
19.314270019531246,16.97119140625,0.63818359375,2349.62,66.0,best,200000.0
19.472351074218754,17.11126708984375,0.64483642578125,2366.16,65.0,best,200000.0
19.500427246093754,17.10968017578125,0.64923095703125,2377.62,67.0,best,200000.0
19.970153808593754,17.5601806640625,0.65374755859375,2416.01,68.0,best,200000.0
19.33447265625,16.97869873046875,0.64056396484375,2366.8,66.0,best,200000.0
19.424560546875,17.02581787109375,0.65362548828125,2379.77,66.0,best,200000.0
19.445861816406246,17.06353759765625,0.65338134765625,2382.13,65.0,best,200000.0
19.3045654296875,16.92449951171875,0.64251708984375,2384.89,66.0,best,200000.0
19.8609619140625,17.43463134765625,0.665771484375,2427.99,65.0,best,200000.0
19.489929199218754,17.13897705078125,0.644287109375,2363.33,64.0,best,200000.0
19.773254394531246,17.36236572265625,0.662353515625,2419.34,64.0,best,200000.0
19.678039550781246,17.26373291015625,0.66387939453125,2446.26,66.0,best,200000.0
19.2679443359375,16.88238525390625,0.6507568359375,2389.64,66.0,best,200000.0
28.4080810546875,24.8287353515625,0.95147705078125,3562.83,63.0,best,300000.0
28.783142089843754,25.18017578125,0.96142578125,3548.73,63.0,best,300000.0
28.605529785156246,24.992736816406246,0.960693359375,3534.64,63.0,best,300000.0
28.304260253906246,24.751220703125,0.9476318359375,3513.65,62.0,best,300000.0
28.8116455078125,25.210144042968754,0.9595947265625,3536.98,62.0,best,300000.0
28.5631103515625,24.986389160156246,0.95245361328125,3530.89,64.0,best,300000.0
28.7261962890625,25.074951171875,0.97161865234375,3571.94,65.0,best,300000.0
28.579345703125,25.000244140625,0.95941162109375,3512.69,63.0,best,300000.0
28.585754394531246,25.0029296875,0.95794677734375,3525.86,64.0,best,300000.0
28.608215332031246,25.0001220703125,0.96563720703125,3523.9,63.0,best,300000.0
28.430847167968754,24.819274902343754,0.96319580078125,3523.74,62.0,best,300000.0
28.5775146484375,25.002197265625,0.9644775390625,3502.38,62.0,best,300000.0
28.403259277343754,24.825622558593754,0.95745849609375,3530.44,65.0,best,300000.0
28.556823730468754,24.9454345703125,0.9669189453125,3523.46,65.0,best,300000.0
28.521179199218754,24.854736328125,0.97967529296875,3565.85,62.0,best,300000.0
28.752014160156246,25.1319580078125,0.96759033203125,3548.05,65.0,best,300000.0
28.7401123046875,25.160339355468754,0.95428466796875,3533.71,66.0,best,300000.0
28.386047363281246,24.8668212890625,0.94256591796875,3504.05,67.0,best,300000.0
28.627990722656246,24.971496582031246,0.976318359375,3556.56,66.0,best,300000.0
28.554138183593754,24.982971191406246,0.95428466796875,3549.3,63.0,best,300000.0
28.712646484375,25.152099609375,0.94970703125,3549.09,64.0,best,300000.0
28.756652832031246,25.157653808593754,0.96649169921875,3554.17,65.0,best,300000.0
28.497375488281246,24.890686035156246,0.95709228515625,3551.25,64.0,best,300000.0
28.612548828125,25.0367431640625,0.96044921875,3512.48,66.0,best,300000.0
28.731262207031246,25.109558105468754,0.96954345703125,3574.38,67.0,best,300000.0
28.8892822265625,25.2352294921875,0.97705078125,3593.73,66.0,best,300000.0
28.667785644531246,25.102966308593754,0.95428466796875,3537.69,65.0,best,300000.0
38.95452880859375,33.35870361328125,1.47412109375,4789.16,65.0,best,400000.0
39.00061035156249,33.3878173828125,1.47039794921875,4802.07,64.0,best,400000.0
39.25054931640625,33.6644287109375,1.46966552734375,4765.3,63.0,best,400000.0
39.171630859375,33.62030029296875,1.44000244140625,4753.07,66.0,best,400000.0
39.06610107421875,33.46734619140625,1.46331787109375,4780.84,69.0,best,400000.0
39.17547607421875,33.51812744140625,1.4769287109375,4778.77,66.0,best,400000.0
38.9189453125,33.271484375,1.47125244140625,4787.55,65.0,best,400000.0
39.07672119140625,33.49285888671875,1.45751953125,4779.97,62.0,best,400000.0
38.86737060546875,33.3096923828125,1.44921875,4768.36,65.0,best,400000.0
38.9970703125,33.40948486328125,1.459716796875,4781.99,63.0,best,400000.0
38.952880859375,33.37066650390625,1.46343994140625,4774.44,63.0,best,400000.0
39.09356689453125,33.48773193359375,1.462158203125,4779.38,63.0,best,400000.0
39.07916259765625,33.4918212890625,1.4664306640625,4795.59,66.0,best,400000.0
39.05029296875,33.4378662109375,1.468017578125,4767.29,66.0,best,400000.0
39.04602050781249,33.47479248046875,1.4554443359375,4784.12,64.0,best,400000.0
39.00720214843751,33.41259765625,1.45965576171875,4784.76,64.0,best,400000.0
39.03674316406249,33.46441650390625,1.4573974609375,4774.56,68.0,best,400000.0
39.03411865234375,33.49462890625,1.47216796875,4746.78,64.0,best,400000.0
38.97625732421875,33.37481689453125,1.46563720703125,4783.66,62.0,best,400000.0
39.13397216796875,33.5396728515625,1.45892333984375,4783.66,63.0,best,400000.0
39.37237548828125,33.77313232421875,1.46624755859375,4772.17,68.0,best,400000.0
39.24072265625,33.6470947265625,1.46630859375,4780.2,67.0,best,400000.0
39.20886230468751,33.573486328125,1.475830078125,4782.77,66.0,best,400000.0
39.215087890625,33.6060791015625,1.47607421875,4770.51,65.0,best,400000.0
39.17340087890625,33.567626953125,1.47406005859375,4794.01,66.0,best,400000.0
38.83874511718751,33.27423095703125,1.44305419921875,4782.59,67.0,best,400000.0
47.3603515625,40.4873046875,1.81231689453125,5870.42,62.0,best,500000.0
47.84942626953125,41.07073974609375,1.794189453125,5830.94,65.0,best,500000.0
47.48663330078125,40.62261962890625,1.80987548828125,5855.36,66.0,best,500000.0
47.27105712890625,40.48669433593751,1.77508544921875,5834.9,64.0,best,500000.0
47.65130615234375,40.86462402343751,1.79559326171875,5835.36,69.0,best,500000.0
47.67242431640625,40.84143066406249,1.8013916015625,5870.16,67.0,best,500000.0
47.31451416015625,40.53845214843751,1.7955322265625,5837.62,61.0,best,500000.0
47.432373046875,40.60504150390625,1.80438232421875,5865.35,61.0,best,500000.0
47.75750732421875,40.89001464843751,1.80987548828125,5868.76,61.0,best,500000.0
47.47100830078125,40.63787841796875,1.81121826171875,5863.34,65.0,best,500000.0
47.48089599609375,40.68200683593751,1.7890625,5816.42,64.0,best,500000.0
46.63720703125,39.92181396484375,1.76287841796875,5776.31,62.0,best,500000.0
46.99163818359375,40.206787109375,1.7791748046875,5813.69,61.0,best,500000.0
47.41241455078125,40.58306884765625,1.8048095703125,5832.39,63.0,best,500000.0
47.52960205078125,40.72009277343751,1.80303955078125,5839.81,63.0,best,500000.0
47.21600341796875,40.46685791015625,1.7822265625,5810.51,65.0,best,500000.0
47.93255615234375,41.08135986328125,1.8150634765625,5865.64,68.0,best,500000.0
46.8564453125,40.09625244140625,1.75128173828125,5814.58,67.0,best,500000.0
47.37445068359375,40.60345458984375,1.80340576171875,5827.11,64.0,best,500000.0
47.77282714843751,40.940673828125,1.805908203125,5856.54,65.0,best,500000.0
47.21014404296875,40.37921142578125,1.798583984375,5857.12,65.0,best,500000.0
47.06640625,40.33605957031249,1.78729248046875,5805.5,61.0,best,500000.0
47.26068115234375,40.471923828125,1.783935546875,5813.55,62.0,best,500000.0
47.57763671875,40.77160644531249,1.80828857421875,5843.46,62.0,best,500000.0
47.70208740234375,40.89764404296875,1.7908935546875,5845.5,65.0,best,500000.0
47.79626464843751,40.96466064453125,1.81011962890625,5865.94,64.0,best,500000.0
47.91937255859375,41.09979248046875,1.82012939453125,5860.01,69.0,best,500000.0
46.65386962890625,39.92169189453125,1.75152587890625,5792.96,66.0,best,500000.0
57.35455322265625,49.2705078125,2.1685791015625,7114.43,62.0,best,600000.0
57.37017822265625,49.30462646484375,2.16326904296875,7104.08,66.0,best,600000.0
57.283203125,49.18859863281249,2.16741943359375,7137.21,62.0,best,600000.0
57.12591552734375,49.02984619140625,2.1593017578125,7119.11,61.0,best,600000.0
57.66754150390625,49.61389160156249,2.17572021484375,7092.33,68.0,best,600000.0
57.49267578125,49.416748046875,2.1673583984375,7121.41,66.0,best,600000.0
57.29089355468751,49.16241455078125,2.18267822265625,7148.63,61.0,best,600000.0
57.32263183593751,49.23840332031249,2.1702880859375,7112.84,61.0,best,600000.0
57.115478515625,49.02685546875,2.15960693359375,7117.31,62.0,best,600000.0
57.38732910156249,49.32458496093751,2.14697265625,7112.27,65.0,best,600000.0
57.40881347656249,49.28057861328125,2.1822509765625,7137.53,61.0,best,600000.0
57.14343261718751,49.05822753906249,2.16815185546875,7123.1,61.0,best,600000.0
57.54791259765625,49.45404052734375,2.1690673828125,7115.68,64.0,best,600000.0
57.31829833984375,49.19921875,2.17822265625,7131.41,63.0,best,600000.0
57.207275390625,49.11260986328125,2.16552734375,7091.01,66.0,best,600000.0
57.41693115234375,49.30487060546875,2.18560791015625,7141.21,63.0,best,600000.0
57.33386230468751,49.25250244140625,2.18292236328125,7100.25,64.0,best,600000.0
57.19073486328125,49.13690185546875,2.1702880859375,7116.78,62.0,best,600000.0
57.38415527343751,49.30267333984375,2.16314697265625,7122.79,63.0,best,600000.0
57.14953613281249,49.07043457031249,2.1700439453125,7118.57,61.0,best,600000.0
57.2626953125,49.17840576171875,2.14862060546875,7115.04,65.0,best,600000.0
57.00848388671875,48.95556640625,2.16461181640625,7125.31,64.0,best,600000.0
56.93536376953125,48.85369873046875,2.15179443359375,7113.54,62.0,best,600000.0
57.47619628906249,49.38348388671875,2.177978515625,7138.52,67.0,best,600000.0
66.61865234375,57.34765625,2.50634765625,8322.43,67.0,best,700000.0
67.1429443359375,57.85357666015625,2.54534912109375,8348.12,67.0,best,700000.0
66.7362060546875,57.43194580078125,2.5557861328125,8351.0,62.0,best,700000.0
67.00390625,57.69940185546875,2.53411865234375,8372.65,62.0,best,700000.0
67.130859375,57.81524658203125,2.5489501953125,8355.18,68.0,best,700000.0
67.07855224609375,57.74334716796875,2.56396484375,8397.27,64.0,best,700000.0
67.299072265625,57.97790527343751,2.5618896484375,8378.22,66.0,best,700000.0
66.6163330078125,57.431396484375,2.5281982421875,8275.5,64.0,best,700000.0
66.8876953125,57.566650390625,2.5587158203125,8357.9,61.0,best,700000.0
66.7662353515625,57.56805419921875,2.5416259765625,8275.52,66.0,best,700000.0
67.00537109375,57.68859863281249,2.55963134765625,8390.07,65.0,best,700000.0
66.373779296875,57.16790771484375,2.53900146484375,8253.1,62.0,best,700000.0
67.1077880859375,57.79974365234375,2.54766845703125,8383.67,66.0,best,700000.0
66.8330078125,57.66241455078125,2.52813720703125,8234.23,68.0,best,700000.0
65.9912109375,56.89898681640625,2.49395751953125,8174.73,68.0,best,700000.0
67.6077880859375,58.27874755859375,2.5631103515625,8366.72,68.0,best,700000.0
66.77008056640625,57.43731689453125,2.5631103515625,8366.23,63.0,best,700000.0
66.4085693359375,57.26873779296875,2.52276611328125,8233.1,64.0,best,700000.0
66.7587890625,57.45501708984375,2.54986572265625,8353.95,61.0,best,700000.0
66.865234375,57.62255859375,2.525146484375,8287.87,66.0,best,700000.0
66.2899169921875,57.06683349609375,2.50408935546875,8327.43,66.0,best,700000.0
66.73797607421875,57.42645263671875,2.55108642578125,8346.15,61.0,best,700000.0
67.095458984375,57.74444580078125,2.5599365234375,8398.91,61.0,best,700000.0
67.00115966796875,57.76281738281249,2.54241943359375,8300.76,68.0,best,700000.0
66.549072265625,57.37506103515625,2.52252197265625,8256.16,67.0,best,700000.0
67.17633056640625,57.82147216796875,2.56427001953125,8396.63,62.0,best,700000.0
67.204345703125,57.806396484375,2.5733642578125,8436.49,64.0,best,700000.0
66.76190185546875,57.39904785156249,2.56976318359375,8376.2,61.0,best,700000.0
71.9306640625,61.69714355468751,2.9044189453125,9276.61,63.0,best,800000.0
72.880859375,62.59588623046875,2.90386962890625,9324.84,66.0,best,800000.0
76.06274414062499,65.6387939453125,2.9388427734375,9500.75,64.0,best,800000.0
75.54608154296875,65.221435546875,2.91729736328125,9373.77,62.0,best,800000.0
75.38177490234375,65.04156494140625,2.90277099609375,9421.8,64.0,best,800000.0
75.45678710937501,65.11444091796875,2.88134765625,9419.77,64.0,best,800000.0
73.64398193359375,63.32824707031249,2.91265869140625,9397.29,64.0,best,800000.0
75.56744384765625,65.23150634765625,2.9034423828125,9384.43,66.0,best,800000.0
71.65045166015625,61.49334716796875,2.84228515625,9270.45,60.0,best,800000.0
74.1326904296875,63.6826171875,2.937255859375,9543.01,66.0,best,800000.0
75.3720703125,65.0003662109375,2.92474365234375,9447.95,61.0,best,800000.0
75.69891357421875,65.3125,2.9180908203125,9454.56,64.0,best,800000.0
73.4012451171875,63.13531494140625,2.9090576171875,9330.0,66.0,best,800000.0
76.00592041015625,65.58837890625,2.94256591796875,9488.28,64.0,best,800000.0
77.24798583984375,66.592041015625,2.9654541015625,9751.66,61.0,best,800000.0
71.29180908203125,61.190185546875,2.86480712890625,9166.42,63.0,best,800000.0
75.1463623046875,64.80267333984375,2.90032958984375,9441.07,62.0,best,800000.0
75.17156982421875,64.89727783203125,2.89105224609375,9358.94,64.0,best,800000.0
76.08227539062499,65.65997314453125,2.933349609375,9490.39,65.0,best,800000.0
73.033203125,62.82214355468751,2.8990478515625,9279.17,67.0,best,800000.0
70.06121826171875,60.05578613281249,2.84954833984375,9058.35,63.0,best,800000.0
75.98797607421875,65.60528564453125,2.91845703125,9474.91,64.0,best,800000.0
78.6787109375,68.023681640625,2.9732666015625,9768.17,67.0,best,800000.0
76.17596435546875,65.633056640625,2.93658447265625,9645.95,62.0,best,800000.0
73.30914306640625,63.01239013671875,2.92181396484375,9388.53,65.0,best,800000.0
77.30908203125,66.65625,2.97802734375,9766.68,62.0,best,800000.0
94.4398193359375,81.6441650390625,3.59210205078125,11986.7,64.0,best,900000.0
84.56719970703125,72.87420654296875,3.376220703125,10767.0,67.0,best,900000.0
84.52899169921875,72.87329101562499,3.3740234375,10742.4,66.0,best,900000.0
83.78637695312499,72.33471679687501,3.3092041015625,10477.8,66.0,best,900000.0
77.95404052734375,66.92376708984375,3.2547607421875,10016.4,65.0,best,900000.0
84.07928466796875,72.57952880859375,3.34918212890625,10504.9,62.0,best,900000.0
77.48919677734375,66.45416259765625,3.243896484375,10022.9,61.0,best,900000.0
83.98541259765625,72.33416748046875,3.36773681640625,10754.8,61.0,best,900000.0
94.10809326171875,81.32830810546875,3.593994140625,11986.6,60.0,best,900000.0
82.28302001953125,70.9583740234375,3.3199462890625,10316.9,66.0,best,900000.0
85.03424072265625,73.36895751953125,3.3629150390625,10761.6,61.0,best,900000.0
84.3944091796875,72.72662353515625,3.3753662109375,10756.6,65.0,best,900000.0
83.98468017578125,72.30419921875,3.3790283203125,10768.8,64.0,best,900000.0
93.90240478515624,81.21539306640625,3.5152587890625,11927.3,65.0,best,900000.0
94.79156494140624,82.03680419921875,3.580322265625,11937.3,66.0,best,900000.0
84.06622314453125,72.55743408203125,3.352783203125,10491.2,66.0,best,900000.0
84.15380859375,72.44879150390625,3.38299560546875,10797.4,63.0,best,900000.0
93.66192626953124,80.9931640625,3.52783203125,11918.0,63.0,best,900000.0
84.28515625,72.65698242187501,3.35968017578125,10748.0,66.0,best,900000.0
93.84600830078125,81.16693115234375,3.53717041015625,11929.1,64.0,best,900000.0
83.95172119140625,72.30609130859375,3.37274169921875,10746.8,65.0,best,900000.0
81.7236328125,70.44366455078125,3.30242919921875,10296.4,60.0,best,900000.0
94.16186523437501,81.40875244140625,3.5780029296875,11945.7,61.0,best,900000.0
94.10198974609376,81.35516357421875,3.5859375,11952.4,63.0,best,900000.0
83.9417724609375,72.451171875,3.33868408203125,10506.8,65.0,best,900000.0
77.5411376953125,66.5113525390625,3.2520751953125,9976.37,62.0,best,900000.0
83.79400634765625,72.34344482421875,3.33868408203125,10462.1,63.0,best,900000.0
81.3204345703125,70.0787353515625,3.27496337890625,10303.2,62.0,best,900000.0
94.54974365234376,81.7269287109375,3.5985107421875,12030.2,66.0,best,900000.0
94.28350830078125,81.55572509765625,3.584228515625,11937.1,65.0,best,900000.0
92.1842041015625,79.14263916015625,3.8297729492187504,11848.6,60.0,best,1000000.0
92.1851806640625,79.40960693359375,3.795166015625,11496.4,63.0,best,1000000.0
84.66754150390625,72.48248291015625,3.6618041992187504,10911.3,62.0,best,1000000.0
90.68988037109376,77.7030029296875,3.8447875976562496,11626.7,67.0,best,1000000.0
85.8756103515625,73.5699462890625,3.689453125,10989.6,61.0,best,1000000.0
92.3529052734375,79.44793701171875,3.775390625,11794.2,67.0,best,1000000.0
92.2255859375,79.4544677734375,3.7833251953125,11533.4,68.0,best,1000000.0
92.66259765625,79.59991455078125,3.8499145507812496,11856.8,66.0,best,1000000.0
88.89813232421875,76.4298095703125,3.690673828125,11393.7,60.0,best,1000000.0
95.82666015625,82.73980712890625,3.8186645507812496,11957.1,66.0,best,1000000.0
85.71649169921875,73.4371337890625,3.65869140625,11009.7,61.0,best,1000000.0
92.60357666015624,79.60650634765625,3.8115234375,11829.8,67.0,best,1000000.0
88.82568359375,76.33819580078125,3.7037963867187504,11411.5,61.0,best,1000000.0
92.5264892578125,79.50274658203125,3.8472900390625,11832.2,65.0,best,1000000.0
86.40203857421875,74.0687255859375,3.7109375,11044.1,64.0,best,1000000.0
92.046875,79.04180908203125,3.8278198242187504,11826.1,63.0,best,1000000.0
85.9478759765625,73.62725830078125,3.6959838867187504,10996.3,62.0,best,1000000.0
85.0787353515625,72.79949951171875,3.704833984375,10949.6,60.0,best,1000000.0
92.94677734375,79.92303466796875,3.8382568359375,11833.2,67.0,best,1000000.0
86.08612060546875,73.75799560546875,3.6963500976562496,10996.9,63.0,best,1000000.0
95.00213623046876,81.94244384765625,3.822021484375,11951.6,60.0,best,1000000.0
92.86352539062499,79.8697509765625,3.832763671875,11827.2,65.0,best,1000000.0
82.94708251953125,70.9783935546875,3.59515380859375,10678.4,65.0,best,1000000.0
93.22210693359376,80.16326904296875,3.8582153320312496,11850.1,67.0,best,1000000.0
85.86865234375,73.6243896484375,3.6807250976562496,10978.1,61.0,best,1000000.0
85.11907958984375,72.82476806640625,3.693115234375,10952.4,61.0,best,1000000.0
92.4742431640625,79.5040283203125,3.8303833007812496,11865.9,62.0,best,1000000.0
92.08477783203124,79.04864501953125,3.8408203125,11878.2,61.0,best,1000000.0
90.13653564453124,77.25579833984375,3.794677734375,11590.7,63.0,best,1000000.0
9.74517822265625,8.44775390625,0.384765625,1238.98,63.0,random1,25000.0
10.06280517578125,8.7943115234375,0.40179443359375,1170.99,63.0,random1,25000.0
9.31817626953125,8.15960693359375,0.31170654296875,1162.87,62.0,random1,25000.0
17.48358154296875,15.11181640625,0.54925537109375,2448.06,60.0,random1,50000.0
17.194580078125,14.96246337890625,0.5213623046875,2329.66,60.0,random1,50000.0
17.127685546875,14.8853759765625,0.52825927734375,2343.32,60.0,random1,50000.0
25.6468505859375,22.268310546875,0.77569580078125,3509.21,62.0,random1,75000.0
26.379699707031246,22.938659667968754,0.76873779296875,3676.43,63.0,random1,75000.0
26.760681152343754,23.280578613281246,0.77880859375,3680.3,62.0,random1,75000.0
33.4222412109375,28.993713378906246,0.95965576171875,4730.92,56.0,random1,100000.0
35.24053955078125,30.650390625,1.04718017578125,4901.58,56.0,random1,100000.0
34.73614501953125,30.185852050781246,0.9881591796875,4910.36,56.0,random1,100000.0
69.16986083984375,60.15203857421875,1.87591552734375,9818.76,57.0,random1,200000.0
69.54345703125,60.54156494140625,1.87652587890625,9871.72,61.0,random1,200000.0
69.19635009765625,60.26226806640625,1.85125732421875,9802.45,62.0,random1,200000.0
107.1790771484375,93.09600830078125,2.91937255859375,15312.0,55.0,random1,300000.0
102.97003173828124,89.55963134765625,2.81256103515625,14620.5,62.0,random1,300000.0
101.919921875,88.52728271484375,2.78619384765625,14637.8,59.0,random1,300000.0
133.043701171875,114.60430908203124,3.8778686523437504,19184.4,61.0,random1,400000.0
143.9111328125,124.32330322265624,4.08154296875,20688.5,55.0,random1,400000.0
132.79608154296875,114.42669677734376,3.8739013671875,19190.4,55.0,random1,400000.0
182.47503662109372,157.72412109375,5.1910400390625,26060.4,60.0,random1,500000.0
165.4482421875,142.84173583984375,4.82513427734375,23688.4,55.0,random1,500000.0
182.14050292968753,157.59246826171875,5.15692138671875,25952.7,55.0,random1,500000.0
217.36517333984372,188.01623535156247,6.16796875,31004.7,55.0,random1,600000.0
222.85046386718753,192.7607421875,6.32586669921875,31947.8,55.0,random1,600000.0
205.087646484375,177.12353515625,5.9107666015625,29586.2,56.0,random1,600000.0
252.853515625,218.8876953125,7.19708251953125,36194.4,55.0,random1,700000.0
251.607666015625,217.84558105468753,7.154296875,36022.6,59.0,random1,700000.0
251.69055175781247,217.88604736328125,7.1849365234375,36004.4,55.0,random1,700000.0
298.98760986328125,258.72711181640625,8.68115234375,42979.1,55.0,random1,800000.0
289.065185546875,250.32165527343753,8.45989990234375,41360.8,56.0,random1,800000.0
295.8876342773437,256.2357177734375,8.6072998046875,42451.5,59.0,random1,800000.0
330.3868408203125,286.1685791015625,9.7586669921875,47374.0,60.0,random1,900000.0
327.91705322265625,283.9775390625,9.685546875,47251.8,57.0,random1,900000.0
328.7464599609375,284.6801147460937,9.7308349609375,47277.8,59.0,random1,900000.0
377.11810302734375,326.354736328125,11.18341064453125,54582.2,56.0,random1,1000000.0
387.9139404296875,336.2674560546875,11.41082763671875,55679.3,58.0,random1,1000000.0
387.2672119140625,335.74615478515625,11.38433837890625,55617.4,54.0,random1,1000000.0
9.6954345703125,8.375732421875,0.3504638671875,1297.26,61.0,random2,25000.0
9.6865234375,8.45098876953125,0.32379150390625,1233.66,61.0,random2,25000.0
9.60003662109375,8.3514404296875,0.3331298828125,1257.13,60.0,random2,25000.0
17.149169921875,14.8206787109375,0.59185791015625,2343.29,59.0,random2,50000.0
16.99444580078125,14.77734375,0.55078125,2266.24,59.0,random2,50000.0
17.22210693359375,14.97979736328125,0.5755615234375,2274.42,58.0,random2,50000.0
24.5965576171875,21.322814941406246,0.72625732421875,3462.68,60.0,random2,75000.0
24.4879150390625,21.280090332031246,0.72088623046875,3377.37,61.0,random2,75000.0
24.368835449218754,21.185302734375,0.7216796875,3394.71,59.0,random2,75000.0
34.6724853515625,30.0924072265625,1.00933837890625,4891.33,56.0,random2,100000.0
35.02044677734375,30.500427246093754,0.99322509765625,4822.56,59.0,random2,100000.0
34.5277099609375,30.032470703125,0.9912109375,4857.7,59.0,random2,100000.0
71.99462890625,62.70465087890625,1.93597412109375,10105.0,62.0,random2,200000.0
72.33612060546875,62.97375488281249,1.95306396484375,10289.8,56.0,random2,200000.0
67.9049072265625,59.041015625,1.91265869140625,9688.18,56.0,random2,200000.0
102.582763671875,88.97827148437501,2.88714599609375,14729.6,56.0,random2,300000.0
100.54119873046876,87.21215820312499,2.78375244140625,14556.4,61.0,random2,300000.0
101.6907958984375,88.32855224609375,2.78216552734375,14574.2,57.0,random2,300000.0
150.328857421875,130.01434326171875,4.2384033203125,21348.9,58.0,random2,400000.0
141.21044921875,122.08599853515624,4.068603515625,20063.1,60.0,random2,400000.0
146.6549072265625,126.76019287109376,4.1717529296875,20961.8,59.0,random2,400000.0
180.12200927734375,155.5721435546875,5.1461181640625,25831.9,55.0,random2,500000.0
179.62506103515625,155.0435791015625,5.1396484375,25904.6,55.0,random2,500000.0
180.56671142578125,156.11334228515625,5.12158203125,25859.6,55.0,random2,500000.0
222.65606689453125,192.46496582031247,6.322265625,32045.4,55.0,random2,600000.0
221.11553955078125,191.284912109375,6.28704833984375,31722.8,55.0,random2,600000.0
215.53332519531247,186.48669433593753,6.14337158203125,30863.2,59.0,random2,600000.0
242.71228027343753,209.70275878906247,7.07318115234375,35093.0,61.0,random2,700000.0
239.34912109375,206.89923095703125,6.94482421875,34604.0,58.0,random2,700000.0
256.35357666015625,221.858154296875,7.36199951171875,36868.1,61.0,random2,700000.0
289.02655029296875,249.944091796875,8.41845703125,41689.1,55.0,random2,800000.0
296.97320556640625,257.09588623046875,8.58642578125,42757.8,55.0,random2,800000.0
289.49908447265625,250.5859375,8.41339111328125,41650.1,59.0,random2,800000.0
333.3973388671875,288.560791015625,9.797119140625,48090.2,60.0,random2,900000.0
332.3261108398437,287.6903686523437,9.7877197265625,47961.7,59.0,random2,900000.0
332.8597412109375,288.1043701171875,9.84222412109375,48054.8,55.0,random2,900000.0
371.0084838867188,321.21441650390625,11.10986328125,53414.9,57.0,random2,1000000.0
341.0252685546875,294.57958984375,10.46551513671875,49788.4,55.0,random2,1000000.0
371.7730102539063,321.85406494140625,11.19134521484375,53608.6,55.0,random2,1000000.0
10.25384521484375,8.94427490234375,0.3804931640625,1244.84,60.0,random3,25000.0
10.02044677734375,8.75244140625,0.38104248046875,1179.6,60.0,random3,25000.0
10.017333984375,8.75408935546875,0.3900146484375,1209.51,60.0,random3,25000.0
16.52142333984375,14.3388671875,0.51123046875,2242.36,60.0,random3,50000.0
17.2159423828125,14.94091796875,0.58270263671875,2291.26,62.0,random3,50000.0
16.684326171875,14.51544189453125,0.52685546875,2255.88,63.0,random3,50000.0
27.142272949218754,23.573486328125,0.793701171875,3747.25,61.0,random3,75000.0
27.168518066406246,23.664978027343754,0.79266357421875,3716.65,59.0,random3,75000.0
26.855529785156246,23.380065917968754,0.7647705078125,3696.0,61.0,random3,75000.0
34.42242431640625,29.89892578125,1.01678466796875,4785.69,57.0,random3,100000.0
32.2349853515625,28.031311035156246,0.97857666015625,4452.24,58.0,random3,100000.0
33.92071533203125,29.516174316406246,0.95684814453125,4760.65,56.0,random3,100000.0
69.730224609375,60.58044433593751,1.91033935546875,9967.07,56.0,random3,200000.0
67.75927734375,59.01110839843751,1.83074951171875,9581.89,62.0,random3,200000.0
70.14715576171875,61.08258056640625,1.90264892578125,9933.41,60.0,random3,200000.0
106.98809814453124,92.93365478515624,2.93304443359375,15286.2,61.0,random3,300000.0
104.64227294921876,90.93084716796876,2.86993408203125,14941.2,61.0,random3,300000.0
104.27606201171876,90.6292724609375,2.84454345703125,14921.1,56.0,random3,300000.0
132.49578857421875,114.12078857421876,3.8783569335937504,19042.8,61.0,random3,400000.0
131.95953369140625,113.80120849609376,3.8452758789062496,19059.8,55.0,random3,400000.0
132.0960693359375,114.059814453125,3.7994384765625,19023.0,55.0,random3,400000.0
176.029296875,151.9541015625,5.07452392578125,25284.4,55.0,random3,500000.0
174.33221435546875,150.55206298828125,4.986572265625,25023.0,55.0,random3,500000.0
181.08099365234372,156.60284423828125,5.15362548828125,25845.9,58.0,random3,500000.0
214.93597412109372,185.79638671875,6.19775390625,30786.8,55.0,random3,600000.0
214.29180908203125,185.435546875,6.11187744140625,30619.3,61.0,random3,600000.0
213.14825439453125,184.29772949218753,6.12353515625,30670.0,55.0,random3,600000.0
259.2275390625,224.30480957031247,7.38006591796875,37231.2,58.0,random3,700000.0
260.15985107421875,225.36541748046875,7.389526367187501,37230.5,56.0,random3,700000.0
254.57244873046875,220.33740234375,7.28173828125,36583.1,56.0,random3,700000.0
296.9239501953125,256.89532470703125,8.60089111328125,42709.2,57.0,random3,800000.0
300.96630859375,260.66094970703125,8.718994140625,43207.1,61.0,random3,800000.0
296.102783203125,256.2108764648437,8.59149169921875,42812.5,55.0,random3,800000.0
337.31756591796875,292.05584716796875,9.84954833984375,48581.0,54.0,random3,900000.0
341.41387939453125,295.635986328125,9.95037841796875,49250.8,55.0,random3,900000.0
326.6513061523437,282.6591796875,9.6259765625,47225.9,55.0,random3,900000.0
374.0095825195313,323.80859375,11.21368408203125,53814.3,55.0,random3,1000000.0
374.1783447265625,324.25604248046875,11.12603759765625,53753.4,57.0,random3,1000000.0
373.9129638671875,323.90728759765625,11.15472412109375,53882.1,61.0,random3,1000000.0
9.7381591796875,8.45062255859375,0.39111328125,1190.98,59.0,random4,25000.0
10.0718994140625,8.80596923828125,0.390380859375,1197.64,59.0,random4,25000.0
9.302978515625,8.0794677734375,0.3572998046875,1188.86,60.0,random4,25000.0
16.54864501953125,14.3524169921875,0.52423095703125,2254.59,62.0,random4,50000.0
16.99652099609375,14.7879638671875,0.5367431640625,2276.03,62.0,random4,50000.0
17.29315185546875,15.0726318359375,0.57379150390625,2252.88,62.0,random4,50000.0
24.423034667968754,21.21728515625,0.7156982421875,3379.52,61.0,random4,75000.0
24.346008300781246,21.174560546875,0.71929931640625,3367.16,60.0,random4,75000.0
24.290466308593754,21.135192871093754,0.7186279296875,3336.86,61.0,random4,75000.0
32.48681640625,28.190734863281246,0.9512939453125,4581.34,59.0,random4,100000.0
35.12530517578125,30.562561035156246,0.99285888671875,4914.38,62.0,random4,100000.0
32.6746826171875,28.418151855468754,0.9434814453125,4580.76,60.0,random4,100000.0
72.8067626953125,63.309326171875,2.0218505859375,10303.9,61.0,random4,200000.0
65.755615234375,57.18939208984375,1.805419921875,9359.83,61.0,random4,200000.0
71.27679443359375,62.01715087890625,1.9366455078125,10194.2,56.0,random4,200000.0
108.95068359375,94.68725585937501,2.95184326171875,15486.7,55.0,random4,300000.0
111.79217529296876,97.2943115234375,3.02215576171875,15781.1,62.0,random4,300000.0
105.6988525390625,91.98901367187501,2.865234375,14973.6,62.0,random4,300000.0
131.34405517578125,113.26263427734376,3.8036499023437504,18870.7,58.0,random4,400000.0
131.291259765625,113.2454833984375,3.8057250976562496,18887.6,56.0,random4,400000.0
143.2734375,123.90521240234376,4.0660400390625,20389.0,59.0,random4,400000.0
181.85754394531247,157.21466064453125,5.16302490234375,26006.2,55.0,random4,500000.0
178.84649658203125,154.6884765625,5.08642578125,25503.2,61.0,random4,500000.0
182.46026611328125,157.8411865234375,5.16912841796875,26055.2,61.0,random4,500000.0
203.98419189453125,176.16156005859375,5.90234375,29389.6,58.0,random4,600000.0
203.92041015625,176.21624755859375,5.9210205078125,29336.7,58.0,random4,600000.0
202.501220703125,174.7685546875,5.89105224609375,29408.0,55.0,random4,600000.0
262.04266357421875,227.00939941406247,7.436401367187501,37347.2,59.0,random4,700000.0
260.00946044921875,225.07232666015625,7.4404296875,37357.6,55.0,random4,700000.0
260.8406982421875,225.88806152343753,7.432861328125,37341.6,59.0,random4,700000.0
269.27703857421875,232.53570556640625,7.98394775390625,39155.2,59.0,random4,800000.0
270.8202514648437,234.082275390625,8.0146484375,39220.1,60.0,random4,800000.0
284.2542724609375,245.85681152343753,8.31719970703125,41111.5,58.0,random4,800000.0
335.09002685546875,290.17095947265625,9.86456298828125,48120.4,57.0,random4,900000.0
335.1478271484375,290.2265014648437,9.86468505859375,48293.5,60.0,random4,900000.0
335.919921875,291.0830078125,9.85986328125,48129.9,54.0,random4,900000.0
383.3331909179688,331.81475830078125,11.31097412109375,55409.0,55.0,random4,1000000.0
366.8543090820313,317.8397216796875,10.82476806640625,52841.7,55.0,random4,1000000.0
383.60205078125,332.354248046875,11.27410888671875,55339.8,60.0,random4,1000000.0
9.80426025390625,8.53411865234375,0.337890625,1250.97,60.0,random5,25000.0
9.53753662109375,8.30743408203125,0.33306884765625,1230.55,61.0,random5,25000.0
9.92388916015625,8.68359375,0.32952880859375,1238.66,62.0,random5,25000.0
17.4815673828125,15.12701416015625,0.52777099609375,2450.21,61.0,random5,50000.0
18.22216796875,15.86651611328125,0.5736083984375,2439.45,59.0,random5,50000.0
16.404296875,14.2518310546875,0.51806640625,2232.09,57.0,random5,50000.0
24.399658203125,21.135559082031246,0.73187255859375,3439.29,58.0,random5,75000.0
25.273193359375,21.988220214843754,0.7918701171875,3451.6,61.0,random5,75000.0
24.711608886718754,21.5029296875,0.71710205078125,3401.49,62.0,random5,75000.0
34.72540283203125,30.177429199218754,0.996826171875,4897.54,56.0,random5,100000.0
33.60015869140625,29.2626953125,0.951904296875,4684.07,58.0,random5,100000.0
33.28619384765625,28.965087890625,0.95477294921875,4639.31,58.0,random5,100000.0
64.52276611328125,56.01971435546875,1.79339599609375,9237.09,56.0,random5,200000.0
70.50201416015625,61.34967041015625,1.93768310546875,10021.9,57.0,random5,200000.0
70.72882080078125,61.54772949218751,1.93170166015625,10026.8,61.0,random5,200000.0
103.33575439453124,89.7183837890625,2.8245849609375,14771.6,59.0,random5,300000.0
103.21612548828124,89.60302734375,2.831298828125,14783.2,59.0,random5,300000.0
104.02520751953124,90.4202880859375,2.86541748046875,14804.3,61.0,random5,300000.0
149.25439453125,129.11029052734375,4.2471923828125,21130.1,59.0,random5,400000.0
148.60040283203125,128.547119140625,4.20269775390625,21125.7,55.0,random5,400000.0
141.61572265625,122.57244873046876,4.01361083984375,20073.3,61.0,random5,400000.0
182.71276855468753,157.74676513671875,5.21441650390625,26260.9,58.0,random5,500000.0
182.801513671875,158.03790283203125,5.18572998046875,26238.7,57.0,random5,500000.0
177.75323486328125,153.588134765625,5.0792236328125,25515.9,55.0,random5,500000.0
210.82965087890625,182.25701904296875,6.0352783203125,30245.8,55.0,random5,600000.0
218.73840332031247,189.02679443359372,6.23797607421875,31620.7,55.0,random5,600000.0
219.25793457031247,189.54736328125,6.26055908203125,31586.6,55.0,random5,600000.0
247.36322021484372,214.06817626953125,7.14013671875,35253.4,55.0,random5,700000.0
251.04412841796875,217.367431640625,7.17724609375,35843.2,56.0,random5,700000.0
250.00823974609372,216.289794921875,7.1910400390625,35896.6,55.0,random5,700000.0
299.41998291015625,259.1767578125,8.65533447265625,43031.4,61.0,random5,800000.0
301.33868408203125,261.14471435546875,8.7451171875,43038.4,61.0,random5,800000.0
298.2601318359375,258.080322265625,8.65594482421875,43020.7,55.0,random5,800000.0
333.87353515625,288.78179931640625,9.91632080078125,48087.4,55.0,random5,900000.0
327.03277587890625,283.1093139648437,9.683349609375,46965.7,58.0,random5,900000.0
334.0203857421875,289.1068115234375,9.87457275390625,48023.8,55.0,random5,900000.0
375.42083740234375,324.943359375,11.24249267578125,54176.5,55.0,random5,1000000.0
375.3684692382813,325.1319580078125,11.2281494140625,54044.6,58.0,random5,1000000.0
376.5771484375,326.21026611328125,11.279052734375,54154.6,59.0,random5,1000000.0
9.5966796875,8.31463623046875,0.3759765625,1204.61,61.0,random6,25000.0
9.818115234375,8.55181884765625,0.37445068359375,1197.13,62.0,random6,25000.0
10.0120849609375,8.7391357421875,0.38909912109375,1205.62,62.0,random6,25000.0
17.13421630859375,14.8408203125,0.56951904296875,2320.58,57.0,random6,50000.0
17.49847412109375,15.22943115234375,0.58575439453125,2324.01,60.0,random6,50000.0
17.36016845703125,15.07342529296875,0.59075927734375,2339.68,60.0,random6,50000.0
26.841369628906246,23.267150878906246,0.83770751953125,3720.42,61.0,random6,75000.0
27.025695800781246,23.5457763671875,0.8348388671875,3625.05,57.0,random6,75000.0
26.987976074218754,23.5067138671875,0.82965087890625,3667.34,57.0,random6,75000.0
33.6361083984375,29.216125488281246,1.01983642578125,4656.31,56.0,random6,100000.0
32.25946044921875,28.047302246093754,0.91973876953125,4516.93,59.0,random6,100000.0
32.0833740234375,27.88037109375,0.9283447265625,4518.31,59.0,random6,100000.0
70.65826416015625,61.45690917968751,1.9713134765625,9989.59,61.0,random6,200000.0
63.353759765625,55.069091796875,1.76763916015625,9041.81,58.0,random6,200000.0
67.5089111328125,58.77410888671875,1.82940673828125,9570.76,61.0,random6,200000.0
103.30218505859376,89.6337890625,2.83306884765625,14789.0,56.0,random6,300000.0
103.25140380859376,89.71636962890625,2.82379150390625,14744.2,56.0,random6,300000.0
103.6068115234375,90.07110595703125,2.839111328125,14749.3,59.0,random6,300000.0
145.660888671875,125.9024658203125,4.12646484375,20752.3,57.0,random6,400000.0
145.91705322265625,126.1646728515625,4.19744873046875,20774.8,55.0,random6,400000.0
141.47601318359375,122.3470458984375,4.0137939453125,20111.7,61.0,random6,400000.0
184.53112792968753,159.3138427734375,5.27301025390625,26561.4,61.0,random6,500000.0
184.52960205078125,159.42510986328125,5.26751708984375,26524.6,55.0,random6,500000.0
176.68359375,152.6806640625,5.0611572265625,25312.4,55.0,random6,500000.0
214.81256103515625,185.64123535156247,6.1453857421875,30874.4,55.0,random6,600000.0
215.63024902343753,186.44769287109372,6.2225341796875,30912.3,55.0,random6,600000.0
221.62176513671875,191.646484375,6.3089599609375,31828.0,56.0,random6,600000.0
244.23394775390625,211.125732421875,7.04302978515625,35141.8,58.0,random6,700000.0
255.471923828125,221.42370605468753,7.2939453125,36349.4,61.0,random6,700000.0
254.88616943359372,220.81390380859372,7.245361328125,36360.0,55.0,random6,700000.0
307.69287109375,266.54010009765625,8.814208984375,44041.2,56.0,random6,800000.0
307.9100341796875,266.8812255859375,8.8603515625,43964.7,59.0,random6,800000.0
307.32440185546875,266.3202514648437,8.84625244140625,43972.4,60.0,random6,800000.0
333.62896728515625,289.0077514648437,9.78887939453125,47753.3,57.0,random6,900000.0
332.85235595703125,288.562255859375,9.7315673828125,47626.8,59.0,random6,900000.0
334.25689697265625,289.80987548828125,9.77154541015625,47768.9,61.0,random6,900000.0
377.91333007812494,326.92156982421875,11.34130859375,54415.3,57.0,random6,1000000.0
378.0177001953125,327.16424560546875,11.31341552734375,54361.9,56.0,random6,1000000.0
376.88580322265625,326.2281494140625,11.20892333984375,54327.9,56.0,random6,1000000.0
9.6236572265625,8.34625244140625,0.38140869140625,1183.75,62.0,random7,25000.0
9.8387451171875,8.60662841796875,0.37164306640625,1167.48,62.0,random7,25000.0
9.7591552734375,8.5390625,0.36773681640625,1154.17,62.0,random7,25000.0
16.63507080078125,14.372802734375,0.53131103515625,2307.8,61.0,random7,50000.0
16.4776611328125,14.3436279296875,0.51739501953125,2209.17,59.0,random7,50000.0
17.32464599609375,15.05987548828125,0.52337646484375,2371.36,59.0,random7,50000.0
25.775390625,22.363220214843754,0.748046875,3619.48,58.0,random7,75000.0
26.71533203125,23.2313232421875,0.82373046875,3641.29,59.0,random7,75000.0
24.688171386718754,21.4404296875,0.709716796875,3472.76,58.0,random7,75000.0
33.92333984375,29.506164550781246,0.96185302734375,4724.47,59.0,random7,100000.0
33.70147705078125,29.353759765625,0.93609619140625,4705.39,62.0,random7,100000.0
35.25701904296875,30.716491699218754,0.9921875,4881.43,62.0,random7,100000.0
73.1619873046875,63.59631347656249,1.97760009765625,10430.0,57.0,random7,200000.0
70.0184326171875,61.02801513671875,1.8936767578125,9882.71,62.0,random7,200000.0
70.35205078125,61.26007080078125,1.953857421875,9887.04,62.0,random7,200000.0
99.90826416015624,86.6590576171875,2.76251220703125,14338.4,61.0,random7,300000.0
99.7982177734375,86.6253662109375,2.76275634765625,14323.6,56.0,random7,300000.0
98.53686523437501,85.52459716796875,2.71697998046875,14158.6,55.0,random7,300000.0
132.85821533203125,114.49652099609376,3.922607421875,19020.7,55.0,random7,400000.0
142.51568603515625,123.01507568359376,4.08062744140625,20442.8,56.0,random7,400000.0
131.550537109375,113.49346923828124,3.8007202148437504,18933.7,57.0,random7,400000.0
178.04150390625,153.91650390625,5.0662841796875,25470.3,55.0,random7,500000.0
177.43194580078125,153.321044921875,5.0615234375,25488.2,55.0,random7,500000.0
207.1064453125,178.9542236328125,5.96435546875,29747.8,60.0,random7,600000.0
214.361083984375,185.65386962890625,6.09429931640625,30476.8,61.0,random7,600000.0
215.09411621093753,186.41729736328125,6.07171630859375,30480.8,61.0,random7,600000.0
258.5936279296875,223.84381103515625,7.357543945312499,37052.0,61.0,random7,700000.0
255.6611328125,221.39031982421875,7.291870117187501,36589.6,58.0,random7,700000.0
257.50408935546875,222.78216552734372,7.36895751953125,37085.5,56.0,random7,700000.0
286.71356201171875,248.024169921875,8.3619384765625,41314.0,56.0,random7,800000.0
296.171630859375,256.264892578125,8.63006591796875,42790.2,55.0,random7,800000.0
263.6162109375,227.60540771484372,7.87713623046875,38428.8,55.0,random7,800000.0
311.00604248046875,268.71246337890625,9.3897705078125,45150.1,61.0,random7,900000.0
310.7950439453125,268.7049560546875,9.37200927734375,45089.5,56.0,random7,900000.0
311.18280029296875,269.0858764648437,9.357666015625,45070.9,57.0,random7,900000.0
375.9705200195313,325.6820678710937,11.16705322265625,54051.3,61.0,random7,1000000.0
374.0347290039063,323.98614501953125,11.1248779296875,53989.1,54.0,random7,1000000.0
374.48974609375,324.2430419921875,11.154296875,54135.6,55.0,random7,1000000.0
9.1646728515625,7.985595703125,0.32183837890625,1154.38,62.0,random8,25000.0
9.3187255859375,8.12396240234375,0.326904296875,1185.47,62.0,random8,25000.0
9.12518310546875,7.938354492187501,0.3238525390625,1167.68,61.0,random8,25000.0
17.43194580078125,15.1065673828125,0.5963134765625,2337.1,60.0,random8,50000.0
16.939697265625,14.72747802734375,0.525146484375,2308.7,60.0,random8,50000.0
17.16259765625,14.92095947265625,0.58197021484375,2287.4,62.0,random8,50000.0
24.297302246093754,21.095886230468754,0.73309326171875,3352.32,58.0,random8,75000.0
24.728576660156246,21.499938964843754,0.733642578125,3425.19,58.0,random8,75000.0
24.487976074218754,21.323425292968754,0.73126220703125,3342.1,60.0,random8,75000.0
34.2603759765625,29.80712890625,0.9742431640625,4764.22,61.0,random8,100000.0
33.66552734375,29.311706542968754,0.9554443359375,4681.44,62.0,random8,100000.0
33.9857177734375,29.572998046875,0.96453857421875,4757.46,62.0,random8,100000.0
68.30670166015625,59.30529785156249,1.88970947265625,9785.42,55.0,random8,200000.0
69.09808349609375,60.16540527343751,1.8912353515625,9825.59,56.0,random8,200000.0
69.1402587890625,60.17248535156249,1.88958740234375,9810.8,61.0,random8,200000.0
106.74700927734376,92.70385742187501,2.9112548828125,15256.3,60.0,random8,300000.0
108.29669189453124,94.11090087890624,2.948486328125,15452.2,58.0,random8,300000.0
110.65081787109376,96.33380126953124,3.02728271484375,15577.0,62.0,random8,300000.0
146.08209228515625,126.1849365234375,4.168701171875,20908.7,57.0,random8,400000.0
146.72479248046875,126.81927490234376,4.183349609375,20962.6,56.0,random8,400000.0
146.12823486328125,126.16717529296876,4.18841552734375,20959.5,55.0,random8,400000.0
172.16571044921875,148.59320068359375,4.93048095703125,24708.0,58.0,random8,500000.0
173.55474853515625,150.10797119140625,4.931884765625,24728.7,61.0,random8,500000.0
172.0250244140625,148.56512451171875,4.93695068359375,24688.2,57.0,random8,500000.0
229.02313232421875,198.03369140625,6.530029296875,32836.4,55.0,random8,600000.0
228.93518066406247,198.15032958984372,6.44818115234375,32789.5,58.0,random8,600000.0
228.97332763671875,198.14617919921875,6.46075439453125,32828.4,61.0,random8,600000.0
264.382080078125,228.88751220703125,7.55401611328125,37878.9,58.0,random8,700000.0
263.9940795898437,228.58380126953125,7.48834228515625,37856.9,56.0,random8,700000.0
263.8433837890625,228.50231933593753,7.49456787109375,37834.1,61.0,random8,700000.0
294.0219116210937,254.424560546875,8.5606689453125,42332.3,60.0,random8,800000.0
288.181640625,249.318603515625,8.4510498046875,41641.5,55.0,random8,800000.0
280.0445556640625,242.289794921875,8.25238037109375,40369.9,55.0,random8,800000.0
333.58990478515625,288.5943603515625,9.849609375,48134.8,55.0,random8,900000.0
335.3203125,290.4711303710937,9.89569091796875,48170.3,61.0,random8,900000.0
344.28240966796875,298.3292236328125,10.1197509765625,49387.5,60.0,random8,900000.0
367.58734130859375,318.13153076171875,10.96978759765625,53055.9,55.0,random8,1000000.0
367.6194458007813,318.359619140625,10.96380615234375,53029.9,57.0,random8,1000000.0
369.59252929687506,320.214111328125,10.98724365234375,53187.6,60.0,random8,1000000.0
10.08740234375,8.74273681640625,0.387451171875,1258.52,60.0,random9,25000.0
9.81585693359375,8.51934814453125,0.3702392578125,1259.97,60.0,random9,25000.0
9.936279296875,8.64263916015625,0.37286376953125,1258.81,60.0,random9,25000.0
18.851867675781246,16.35186767578125,0.6265869140625,2523.08,59.0,random9,50000.0
17.9327392578125,15.58416748046875,0.55389404296875,2451.01,58.0,random9,50000.0
18.843200683593754,16.4259033203125,0.6214599609375,2476.95,58.0,random9,50000.0
24.548889160156246,21.281555175781246,0.73675537109375,3434.82,61.0,random9,75000.0
24.5849609375,21.3983154296875,0.72705078125,3400.35,59.0,random9,75000.0
23.7926025390625,20.680114746093754,0.70074462890625,3317.13,59.0,random9,75000.0
33.16485595703125,28.840148925781246,0.954345703125,4606.9,62.0,random9,100000.0
32.44195556640625,28.240234375,0.9373779296875,4528.43,62.0,random9,100000.0
32.33001708984375,28.1397705078125,0.93280029296875,4491.99,62.0,random9,100000.0
70.06866455078125,60.89611816406249,1.92059326171875,9968.06,57.0,random9,200000.0
69.684814453125,60.629638671875,1.904052734375,9965.35,55.0,random9,200000.0
71.28509521484375,62.04156494140625,1.98681640625,10094.7,57.0,random9,200000.0
107.96307373046876,93.6893310546875,2.9586181640625,15514.4,59.0,random9,300000.0
110.48724365234376,96.02807617187501,3.01239013671875,15790.1,60.0,random9,300000.0
104.2352294921875,90.53521728515624,2.8497314453125,14961.4,57.0,random9,300000.0
132.66339111328125,114.49932861328124,3.8359985351562496,19087.2,61.0,random9,400000.0
126.40069580078124,108.97161865234376,3.6990356445312496,18258.7,55.0,random9,400000.0
148.92803955078125,128.82098388671875,4.21112060546875,21194.7,57.0,random9,400000.0
172.1790771484375,148.60382080078125,4.93939208984375,24744.1,55.0,random9,500000.0
176.6131591796875,152.455810546875,5.05657958984375,25470.3,55.0,random9,500000.0
171.81976318359375,148.35382080078125,4.950439453125,24694.6,61.0,random9,500000.0
211.806396484375,182.91363525390625,6.10491943359375,30521.7,55.0,random9,600000.0
212.678466796875,183.79461669921875,6.1387939453125,30606.2,62.0,random9,600000.0
222.73651123046875,192.68780517578125,6.36578369140625,31944.8,61.0,random9,600000.0
258.14166259765625,223.44952392578125,7.37762451171875,36937.7,58.0,random9,700000.0
256.98345947265625,222.35437011718753,7.353393554687501,37001.4,55.0,random9,700000.0
259.5283203125,224.64727783203125,7.42523193359375,37297.6,56.0,random9,700000.0
263.34039306640625,227.06848144531247,7.905639648437501,38567.4,55.0,random9,800000.0
294.799072265625,255.32849121093753,8.53668212890625,42272.1,59.0,random9,800000.0
295.73638916015625,256.2421264648437,8.53399658203125,42307.2,61.0,random9,800000.0
336.003173828125,290.74688720703125,9.85382080078125,48552.3,57.0,random9,900000.0
336.06024169921875,290.90948486328125,9.8505859375,48558.0,56.0,random9,900000.0
328.2288818359375,284.00372314453125,9.65374755859375,47525.5,55.0,random9,900000.0
377.5132446289063,326.8740234375,11.2320556640625,54422.2,55.0,random9,1000000.0
364.1060791015625,315.4244384765625,10.89727783203125,52339.7,55.0,random9,1000000.0
363.98724365234375,315.3463134765625,10.85662841796875,52323.9,55.0,random9,1000000.0
9.530029296875,8.24151611328125,0.37030029296875,1233.07,60.0,random10,25000.0
9.25146484375,8.00982666015625,0.36505126953125,1208.49,60.0,random10,25000.0
9.627197265625,8.41162109375,0.37957763671875,1132.64,59.0,random10,25000.0
18.00677490234375,15.60064697265625,0.54815673828125,2493.16,59.0,random10,50000.0
18.5406494140625,16.148681640625,0.610107421875,2434.1,60.0,random10,50000.0
18.179870605468754,15.83258056640625,0.57080078125,2437.58,61.0,random10,50000.0
24.543762207031246,21.338562011718754,0.7257080078125,3368.3,61.0,random10,75000.0
24.61474609375,21.408874511718754,0.7215576171875,3392.31,61.0,random10,75000.0
24.551818847656246,21.3583984375,0.7298583984375,3415.14,60.0,random10,75000.0
33.068359375,28.719299316406246,0.94293212890625,4656.36,62.0,random10,100000.0
34.29949951171875,29.883239746093754,0.97467041015625,4761.54,62.0,random10,100000.0
33.0711669921875,28.792663574218754,0.9423828125,4628.63,62.0,random10,100000.0
64.81768798828125,56.31536865234375,1.80633544921875,9261.24,59.0,random10,200000.0
71.76470947265625,62.45306396484375,1.95654296875,10214.4,56.0,random10,200000.0
71.7427978515625,62.46258544921875,1.9398193359375,10184.2,61.0,random10,200000.0
105.6204833984375,91.755859375,2.930908203125,15051.4,57.0,random10,300000.0
104.53460693359376,90.82830810546876,2.84466552734375,14958.2,60.0,random10,300000.0
104.5284423828125,90.8646240234375,2.85101318359375,14926.6,61.0,random10,300000.0
141.728759765625,122.55181884765624,4.076904296875,20103.1,58.0,random10,400000.0
138.4638671875,119.5733642578125,3.9562377929687504,19884.9,59.0,random10,400000.0
143.8798828125,124.35870361328124,4.13946533203125,20514.3,56.0,random10,400000.0
182.68646240234372,158.0213623046875,5.18804931640625,25892.8,55.0,random10,500000.0
169.8155517578125,146.61712646484375,4.91680908203125,24393.0,61.0,random10,500000.0
182.34869384765625,157.78045654296875,5.1708984375,25932.7,55.0,random10,500000.0
228.19519042968753,197.48498535156247,6.47698974609375,32625.5,58.0,random10,600000.0
224.27484130859372,194.28436279296875,6.328857421875,31898.4,61.0,random10,600000.0
229.51068115234372,198.84832763671875,6.4708251953125,32668.5,61.0,random10,600000.0
251.15643310546875,217.27362060546875,7.18438720703125,36070.2,58.0,random10,700000.0
251.52435302734372,217.68609619140625,7.19189453125,36147.9,55.0,random10,700000.0
233.79553222656247,201.92279052734372,6.797119140625,33870.2,55.0,random10,700000.0
281.4925537109375,243.01837158203125,8.3115234375,41050.2,58.0,random10,800000.0
293.69000244140625,254.09368896484372,8.544921875,42447.9,55.0,random10,800000.0
294.95074462890625,255.65576171875,8.48175048828125,42143.0,61.0,random10,800000.0
333.9549560546875,289.173095703125,9.87957763671875,47858.5,55.0,random10,900000.0
320.3309936523437,277.2203369140625,9.5958251953125,46171.8,61.0,random10,900000.0
344.6483154296875,298.666748046875,10.12261962890625,49438.9,55.0,random10,900000.0
359.73980712890625,311.416015625,10.78900146484375,51801.4,61.0,random10,1000000.0
369.3179931640625,319.70904541015625,11.0411376953125,53394.7,55.0,random10,1000000.0
358.772216796875,310.6181640625,10.7763671875,51770.4,55.0,random10,1000000.0
