bubblesortInt1024 ; 8.412170410156250000, 7.182434082031250000,  ,  ,  830.107 
bubblesortInt1024 ; 10.444274902343750000, 9.146545410156250000,  ,  ,  867.178 
bubblesortInt1024 ; 13.078125000000000000, 11.347412109375000000,  ,  ,  1082.22 
bubblesortInt1024 ; 11.260009765625000000, 9.801269531250000000,  ,  ,  891.41 
bubblesortInt1024 ; 13.402099609375000000, 11.659118652343750000,  ,  ,  1077.38 
bubblesortInt1024 ; 13.949829101562500000, 12.123352050781250000,  ,  ,  1160.44 
bubblesortInt1024 ; 10.602050781250000000, 9.215454101562500000,  ,  ,  841.597 
bubblesortInt1024 ; 12.997314453125000000, 11.333251953125000000,  ,  ,  1066.97 
bubblesortInt1024 ; 13.124694824218750000, 11.370727539062500000,  ,  ,  1053.62 
bubblesortInt1024 ; 13.170288085937500000, 11.483398437500000000,  ,  ,  1082.82 
bubblesortInt1024 ; 13.255126953125000000, 11.443542480468750000,  ,  ,  1074.75 
bubblesortInt1024 ; 13.002990722656250000, 11.382446289062500000,  ,  ,  1006.4 
bubblesortInt1024 ; 12.940307617187500000, 11.203369140625000000,  ,  ,  1012.79 
bubblesortInt1024 ; 12.829467773437500000, 11.199035644531250000,  ,  ,  1013.04 
bubblesortInt1024 ; 11.313903808593750000, 9.887512207031250000,  ,  ,  897.241 
bubblesortInt1024 ; 13.150329589843750000, 11.466369628906250000,  ,  ,  1052.29 
bubblesortInt1024 ; 13.587585449218750000, 11.770446777343750000,  ,  ,  1049.7 
bubblesortInt1024 ; 13.160217285156250000, 11.403930664062500000,  ,  ,  1019.24 
bubblesortInt1024 ; 11.336791992187500000, 9.943054199218750000,  ,  ,  868.015 
bubblesortInt1024 ; 13.503051757812500000, 11.806640625000000000,  ,  ,  1061.19 
bubblesortInt1024 ; 13.267395019531250000, 11.530456542968750000,  ,  ,  1032.18 
bubblesortInt1024 ; 14.879760742187500000, 12.888000488281250000,  ,  ,  1272.83 
bubblesortInt1024 ; 11.351257324218750000, 9.821716308593750000,  ,  ,  873.301 
bubblesortInt1024 ; 14.937072753906250000, 12.947814941406250000,  ,  ,  1207.45 
bubblesortInt1024 ; 11.021423339843750000, 9.676025390625000000,  ,  ,  839.937 
bubblesortInt1024 ; 13.254150390625000000, 11.566833496093750000,  ,  ,  1019.83 
bubblesortInt1024 ; 13.582824707031250000, 11.840270996093750000,  ,  ,  1040.76 
bubblesortInt1024 ; 13.227966308593750000, 11.538452148437500000,  ,  ,  1024.36 
bubblesortInt1024 ; 11.896728515625000000, 10.424194335937500000,  ,  ,  922.813 
bubblesortInt1024 ; 15.132019042968750000, 13.128784179687500000,  ,  ,  1251.62 
bubblesortInt1024 ; 11.040771484375000000, 9.556396484375000000,  ,  ,  847.336 
bubblesortInt1024 ; 13.411987304687500000, 11.649963378906250000,  ,  ,  1019.96 
bubblesortInt1024 ; 13.528991699218750000, 11.841186523437500000,  ,  ,  1061.59 
bubblesortInt1024 ; 13.328186035156250000, 11.620849609375000000,  ,  ,  1014.86 
bubblesortInt1024 ; 13.329284667968750000, 11.557312011718750000,  ,  ,  1012.94 
bubblesortInt1024 ; 11.480346679687500000, 9.938720703125000000,  ,  ,  880.657 
bubblesortInt1024 ; 13.378967285156250000, 11.670349121093750000,  ,  ,  1039.26 
bubblesortInt1024 ; 13.506896972656250000, 11.773681640625000000,  ,  ,  1065.46 
bubblesortInt1024 ; 13.445922851562500000, 11.778747558593750000,  ,  ,  1037.62 
bubblesortInt1024 ; 13.579650878906250000, 11.822692871093750000,  ,  ,  1041.34 
bubblesortInt1024 ; 11.534545898437500000, 10.105895996093750000,  ,  ,  876.056 
bubblesortInt1024 ; 13.377990722656250000, 11.660034179687500000,  ,  ,  1018.32 
bubblesortInt1024 ; 13.533630371093750000, 11.765625000000000000,  ,  ,  1032.86 
bubblesortInt1024 ; 14.034118652343750000, 12.192016601562500000,  ,  ,  1097.46 
bubblesortInt1024 ; 11.588500976562500000, 10.173583984375000000,  ,  ,  877.639 
bubblesortInt1024 ; 13.375732421875000000, 11.702697753906250000,  ,  ,  1013.49 
bubblesortInt1024 ; 13.380493164062500000, 11.722961425781250000,  ,  ,  1024.87 
bubblesortInt1024 ; 13.467956542968750000, 11.738464355468750000,  ,  ,  1019.33 
bubblesortInt1024 ; 12.001892089843750000, 10.512084960937500000,  ,  ,  906.8 
bubblesortInt1024 ; 13.469543457031250000, 11.768615722656250000,  ,  ,  1020.92 
bubblesortInt512 ; 7.890502929687500000, 6.803039550781250000,  ,  ,  797.007 
bubblesortInt512 ; 8.567626953125000000, 7.477355957031250000,  ,  ,  752.619 
bubblesortInt512 ; 9.651916503906250000, 8.415039062500000000,  ,  ,  780.715 
bubblesortInt512 ; 9.579345703125000000, 8.322387695312500000,  ,  ,  754.281 
bubblesortInt512 ; 9.683044433593750000, 8.436767578125000000,  ,  ,  779.482 
bubblesortInt512 ; 9.793945312500000000, 8.555541992187500000,  ,  ,  773.335 
bubblesortInt512 ; 9.606811523437500000, 8.392944335937500000,  ,  ,  776.036 
bubblesortInt512 ; 10.109497070312500000, 8.764404296875000000,  ,  ,  826.898 
bubblesortInt512 ; 9.690002441406250000, 8.390930175781250000,  ,  ,  755.942 
bubblesortInt512 ; 9.698059082031250000, 8.489990234375000000,  ,  ,  762.207 
bubblesortInt512 ; 9.973571777343750000, 8.589111328125000000,  ,  ,  815.475 
bubblesortInt512 ; 9.970031738281250000, 8.679443359375000000,  ,  ,  785.848 
bubblesortInt512 ; 9.839904785156250000, 8.593261718750000000,  ,  ,  764.709 
bubblesortInt512 ; 9.866455078125000000, 8.560302734375000000,  ,  ,  768.136 
bubblesortInt512 ; 9.802062988281250000, 8.585449218750000000,  ,  ,  773.072 
bubblesortInt512 ; 9.961853027343750000, 8.645874023437500000,  ,  ,  810.773 
bubblesortInt512 ; 9.958129882812500000, 8.715820312500000000,  ,  ,  785.621 
bubblesortInt512 ; 9.872985839843750000, 8.623352050781250000,  ,  ,  772.546 
bubblesortInt512 ; 9.858642578125000000, 8.559936523437500000,  ,  ,  747.374 
bubblesortInt512 ; 10.089904785156250000, 8.726257324218750000,  ,  ,  784.053 
bubblesortInt512 ; 9.928588867187500000, 8.593566894531250000,  ,  ,  797.318 
bubblesortInt512 ; 10.175170898437500000, 8.899108886718750000,  ,  ,  801.318 
bubblesortInt512 ; 9.796691894531250000, 8.579101562500000000,  ,  ,  754.411 
bubblesortInt512 ; 10.047668457031250000, 8.774169921875000000,  ,  ,  774.599 
bubblesortInt512 ; 10.120788574218750000, 8.790527343750000000,  ,  ,  838.808 
bubblesortInt512 ; 10.108032226562500000, 8.754272460937500000,  ,  ,  817.132 
bubblesortInt512 ; 10.167907714843750000, 8.851440429687500000,  ,  ,  835.036 
bubblesortInt512 ; 10.011596679687500000, 8.768310546875000000,  ,  ,  768.982 
bubblesortInt512 ; 10.042053222656250000, 8.718933105468750000,  ,  ,  786.696 
bubblesortInt512 ; 10.447265625000000000, 9.092285156250000000,  ,  ,  851.635 
bubblesortInt512 ; 10.065734863281250000, 8.748840332031250000,  ,  ,  788.372 
bubblesortInt512 ; 10.222412109375000000, 8.948669433593750000,  ,  ,  792.889 
bubblesortInt512 ; 10.196655273437500000, 8.909912109375000000,  ,  ,  794.319 
bubblesortInt512 ; 10.185546875000000000, 8.835998535156250000,  ,  ,  779.316 
bubblesortInt512 ; 9.967407226562500000, 8.729797363281250000,  ,  ,  765.142 
bubblesortInt512 ; 10.061645507812500000, 8.748229980468750000,  ,  ,  781.449 
bubblesortInt512 ; 10.040832519531250000, 8.713378906250000000,  ,  ,  771.25 
bubblesortInt512 ; 10.012512207031250000, 8.740722656250000000,  ,  ,  810.376 
bubblesortInt512 ; 10.057739257812500000, 8.767150878906250000,  ,  ,  770.636 
bubblesortInt512 ; 10.032043457031250000, 8.782043457031250000,  ,  ,  778.43 
bubblesortInt512 ; 10.216369628906250000, 8.860961914062500000,  ,  ,  811.308 
bubblesortInt512 ; 10.023620605468750000, 8.772705078125000000,  ,  ,  762.686 
bubblesortInt512 ; 10.093444824218750000, 8.762817382812500000,  ,  ,  836.456 
bubblesortInt512 ; 10.528747558593750000, 9.073486328125000000,  ,  ,  856.438 
bubblesortInt512 ; 10.076293945312500000, 8.816284179687500000,  ,  ,  784.441 
bubblesortInt512 ; 10.166870117187500000, 8.859375000000000000,  ,  ,  783.353 
bubblesortInt512 ; 10.170593261718750000, 8.855407714843750000,  ,  ,  786.613 
bubblesortInt512 ; 10.102050781250000000, 8.869506835937500000,  ,  ,  764.649 
bubblesortInt512 ; 10.021057128906250000, 8.675964355468750000,  ,  ,  764.726 
bubblesortInt512 ; 10.105102539062500000, 8.818664550781250000,  ,  ,  765.386 
bubblesortLong512 ; 8.174255371093750000, 6.982360839843750000,  ,  ,  782.521 
bubblesortLong512 ; 9.639526367187500000, 8.433471679687500000,  ,  ,  787 
bubblesortLong512 ; 11.292541503906250000, 9.774414062500000000,  ,  ,  940.088 
bubblesortLong512 ; 12.039794921875000000, 10.439880371093750000,  ,  ,  986.59 
bubblesortLong512 ; 10.982971191406250000, 9.602905273437500000,  ,  ,  878.845 
bubblesortLong512 ; 13.404968261718750000, 11.690429687500000000,  ,  ,  1204.55 
bubblesortLong512 ; 10.427124023437500000, 9.079101562500000000,  ,  ,  891.306 
bubblesortLong512 ; 12.431945800781250000, 10.921203613281250000,  ,  ,  1001.35 
bubblesortLong512 ; 10.924316406250000000, 9.521057128906250000,  ,  ,  868.591 
bubblesortLong512 ; 11.113647460937500000, 9.730163574218750000,  ,  ,  869.933 
bubblesortLong512 ; 12.580627441406250000, 11.013183593750000000,  ,  ,  1017.13 
bubblesortLong512 ; 11.680480957031250000, 10.197937011718750000,  ,  ,  993.656 
bubblesortLong512 ; 11.208312988281250000, 9.794311523437500000,  ,  ,  893.628 
bubblesortLong512 ; 12.938110351562500000, 11.223754882812500000,  ,  ,  1042.74 
bubblesortLong512 ; 11.033264160156250000, 9.643676757812500000,  ,  ,  869.06 
bubblesortLong512 ; 12.647338867187500000, 11.124938964843750000,  ,  ,  1002.79 
bubblesortLong512 ; 11.535278320312500000, 10.097778320312500000,  ,  ,  917.519 
bubblesortLong512 ; 11.269165039062500000, 9.884521484375000000,  ,  ,  877.09 
bubblesortLong512 ; 12.895385742187500000, 11.327087402343750000,  ,  ,  1008.87 
bubblesortLong512 ; 11.205139160156250000, 9.800048828125000000,  ,  ,  909.812 
bubblesortLong512 ; 11.293579101562500000, 9.951232910156250000,  ,  ,  884.191 
bubblesortLong512 ; 12.559814453125000000, 10.987426757812500000,  ,  ,  1001 
bubblesortLong512 ; 11.445922851562500000, 10.084106445312500000,  ,  ,  896.719 
bubblesortLong512 ; 13.365661621093750000, 11.580749511718750000,  ,  ,  1067.94 
bubblesortLong512 ; 11.390502929687500000, 9.879394531250000000,  ,  ,  873.278 
bubblesortLong512 ; 12.894287109375000000, 11.237731933593750000,  ,  ,  1003.41 
bubblesortLong512 ; 11.057861328125000000, 9.677185058593750000,  ,  ,  882.444 
bubblesortLong512 ; 11.565429687500000000, 10.049011230468750000,  ,  ,  892.601 
bubblesortLong512 ; 11.863403320312500000, 10.284729003906250000,  ,  ,  925.324 
bubblesortLong512 ; 12.843200683593750000, 11.145324707031250000,  ,  ,  987.466 
bubblesortLong512 ; 11.439636230468750000, 9.971069335937500000,  ,  ,  872.942 
bubblesortLong512 ; 11.266418457031250000, 9.889465332031250000,  ,  ,  857.037 
bubblesortLong512 ; 12.578857421875000000, 10.963012695312500000,  ,  ,  1076.01 
bubblesortLong512 ; 11.381042480468750000, 9.963256835937500000,  ,  ,  874.065 
bubblesortLong512 ; 11.551757812500000000, 10.035949707031250000,  ,  ,  876.202 
bubblesortLong512 ; 12.302551269531250000, 10.645446777343750000,  ,  ,  995.827 
bubblesortLong512 ; 12.000732421875000000, 10.427001953125000000,  ,  ,  996.964 
bubblesortLong512 ; 13.006530761718750000, 11.384765625000000000,  ,  ,  1014.83 
bubblesortLong512 ; 12.968261718750000000, 11.221679687500000000,  ,  ,  1007.62 
bubblesortLong512 ; 11.429199218750000000, 9.904479980468750000,  ,  ,  876.467 
bubblesortLong512 ; 11.723510742187500000, 10.117065429687500000,  ,  ,  938.706 
bubblesortLong512 ; 13.249816894531250000, 11.503051757812500000,  ,  ,  997.512 
bubblesortLong512 ; 11.528076171875000000, 10.025329589843750000,  ,  ,  866.401 
bubblesortLong512 ; 13.399963378906250000, 11.620300292968750000,  ,  ,  1038.68 
bubblesortLong512 ; 11.576721191406250000, 10.128051757812500000,  ,  ,  877.28 
bubblesortLong512 ; 11.899902343750000000, 10.448181152343750000,  ,  ,  910.218 
bubblesortLong512 ; 11.362060546875000000, 9.914794921875000000,  ,  ,  858.929 
bubblesortLong512 ; 13.170349121093750000, 11.465698242187500000,  ,  ,  1099.48 
bubblesortLong512 ; 11.001586914062500000, 9.610839843750000000,  ,  ,  872.245 
bubblesortLong512 ; 11.768859863281250000, 10.298034667968750000,  ,  ,  927.18 
bubblesortLong1024 ; 13.402770996093750000, 11.513610839843750000,  ,  ,  1431.52 
bubblesortLong1024 ; 15.243713378906250000, 13.276062011718750000,  ,  ,  1419.57 
bubblesortLong1024 ; 18.492065429687500000, 15.938720703125000000,  ,  ,  1770.33 
bubblesortLong1024 ; 15.969055175781250000, 13.817321777343750000,  ,  ,  1462.47 
bubblesortLong1024 ; 18.430603027343750000, 15.929016113281250000,  ,  ,  1736.92 
bubblesortLong1024 ; 17.030700683593750000, 14.817016601562500000,  ,  ,  1602.19 
bubblesortLong1024 ; 16.028198242187500000, 13.966979980468750000,  ,  ,  1466.74 
bubblesortLong1024 ; 18.174377441406250000, 15.788574218750000000,  ,  ,  1720.37 
bubblesortLong1024 ; 16.290283203125000000, 14.135681152343750000,  ,  ,  1443.69 
bubblesortLong1024 ; 18.761779785156250000, 16.148132324218750000,  ,  ,  1743.02 
bubblesortLong1024 ; 16.308959960937500000, 14.202758789062500000,  ,  ,  1434.49 
bubblesortLong1024 ; 18.078918457031250000, 15.495117187500000000,  ,  ,  1633 
bubblesortLong1024 ; 16.913696289062500000, 14.625671386718750000,  ,  ,  1605.29 
bubblesortLong1024 ; 17.710083007812500000, 15.280395507812500000,  ,  ,  1702.26 
bubblesortLong1024 ; 16.135253906250000000, 13.994934082031250000,  ,  ,  1477.54 
bubblesortLong1024 ; 18.345642089843750000, 15.918579101562500000,  ,  ,  1711.78 
bubblesortLong1024 ; 16.630920410156250000, 14.480224609375000000,  ,  ,  1479.53 
bubblesortLong1024 ; 18.109008789062500000, 15.696350097656250000,  ,  ,  1624.32 
bubblesortLong1024 ; 18.831787109375000000, 16.304199218750000000,  ,  ,  1753.58 
bubblesortLong1024 ; 17.229431152343750000, 14.929260253906250000,  ,  ,  1548.05 
bubblesortLong1024 ; 17.522827148437500000, 15.220581054687500000,  ,  ,  1600.1 
bubblesortLong1024 ; 16.715698242187500000, 14.551391601562500000,  ,  ,  1468.42 
bubblesortLong1024 ; 17.913269042968750000, 15.478820800781250000,  ,  ,  1616.02 
bubblesortLong1024 ; 19.316467285156250000, 16.666503906250000000,  ,  ,  1824.36 
bubblesortLong1024 ; 17.786071777343750000, 15.419433593750000000,  ,  ,  1536.91 
bubblesortLong1024 ; 16.526489257812500000, 14.303222656250000000,  ,  ,  1442.47 
bubblesortLong1024 ; 17.351745605468750000, 15.080383300781250000,  ,  ,  1622.66 
bubblesortLong1024 ; 18.825134277343750000, 16.184448242187500000,  ,  ,  1713.21 
bubblesortLong1024 ; 16.742553710937500000, 14.406738281250000000,  ,  ,  1507.07 
bubblesortLong1024 ; 17.173767089843750000, 14.867126464843750000,  ,  ,  1594.51 
bubblesortLong1024 ; 19.011108398437500000, 16.332214355468750000,  ,  ,  1786.88 
bubblesortLong1024 ; 17.465332031250000000, 14.994445800781250000,  ,  ,  1549.56 
bubblesortLong1024 ; 16.898681640625000000, 14.670593261718750000,  ,  ,  1454.5 
bubblesortLong1024 ; 18.412170410156250000, 15.866699218750000000,  ,  ,  1800.76 
bubblesortLong1024 ; 17.034179687500000000, 14.797546386718750000,  ,  ,  1454.91 
bubblesortLong1024 ; 18.090759277343750000, 15.671630859375000000,  ,  ,  1654.92 
bubblesortLong1024 ; 18.269287109375000000, 15.808959960937500000,  ,  ,  1642.12 
bubblesortLong1024 ; 17.646850585937500000, 15.193237304687500000,  ,  ,  1579.78 
bubblesortLong1024 ; 18.172058105468750000, 15.657653808593750000,  ,  ,  1638.68 
bubblesortLong1024 ; 18.224243164062500000, 15.694946289062500000,  ,  ,  1605.89 
bubblesortLong1024 ; 19.173461914062500000, 16.655761718750000000,  ,  ,  1729.2 
bubblesortLong1024 ; 17.226257324218750000, 14.957336425781250000,  ,  ,  1568.85 
bubblesortLong1024 ; 17.152404785156250000, 14.887512207031250000,  ,  ,  1508.07 
bubblesortLong1024 ; 17.947204589843750000, 15.582153320312500000,  ,  ,  1591.99 
bubblesortLong1024 ; 19.110046386718750000, 16.542114257812500000,  ,  ,  1734.34 
bubblesortLong1024 ; 16.295227050781250000, 14.167968750000000000,  ,  ,  1411.52 
bubblesortLong1024 ; 18.387634277343750000, 15.860534667968750000,  ,  ,  1617.68 
bubblesortLong1024 ; 17.253601074218750000, 14.911132812500000000,  ,  ,  1589.16 
bubblesortLong1024 ; 17.939147949218750000, 15.507263183593750000,  ,  ,  1705.79 
bubblesortLong1024 ; 16.771728515625000000, 14.519348144531250000,  ,  ,  1461.11 
bubblesortFloat512 ; 8.524780273437500000, 7.289184570312500000,  ,  ,  806.908 
bubblesortFloat512 ; 9.659057617187500000, 8.392883300781250000,  ,  ,  806.096 
bubblesortFloat512 ; 9.723510742187500000, 8.459960937500000000,  ,  ,  795.644 
bubblesortFloat512 ; 9.668579101562500000, 8.471191406250000000,  ,  ,  784.517 
bubblesortFloat512 ; 9.637451171875000000, 8.450500488281250000,  ,  ,  785.824 
bubblesortFloat512 ; 9.895935058593750000, 8.592346191406250000,  ,  ,  812.162 
bubblesortFloat512 ; 9.804016113281250000, 8.620910644531250000,  ,  ,  807.733 
bubblesortFloat512 ; 9.817626953125000000, 8.593017578125000000,  ,  ,  802.657 
bubblesortFloat512 ; 9.615661621093750000, 8.441955566406250000,  ,  ,  783.152 
bubblesortFloat512 ; 9.897338867187500000, 8.668395996093750000,  ,  ,  798.521 
bubblesortFloat512 ; 9.940612792968750000, 8.694580078125000000,  ,  ,  799.911 
bubblesortFloat512 ; 9.683227539062500000, 8.488952636718750000,  ,  ,  798.221 
bubblesortFloat512 ; 9.938842773437500000, 8.665649414062500000,  ,  ,  793.131 
bubblesortFloat512 ; 9.901000976562500000, 8.653259277343750000,  ,  ,  797.231 
bubblesortFloat512 ; 10.051513671875000000, 8.780212402343750000,  ,  ,  830.739 
bubblesortFloat512 ; 9.871337890625000000, 8.674804687500000000,  ,  ,  788.746 
bubblesortFloat512 ; 9.831787109375000000, 8.651794433593750000,  ,  ,  785.333 
bubblesortFloat512 ; 10.033874511718750000, 8.754760742187500000,  ,  ,  790.04 
bubblesortFloat512 ; 10.050231933593750000, 8.802368164062500000,  ,  ,  818.575 
bubblesortFloat512 ; 10.132202148437500000, 8.847534179687500000,  ,  ,  810.618 
bubblesortFloat512 ; 10.265930175781250000, 8.952819824218750000,  ,  ,  825.285 
bubblesortFloat512 ; 10.161560058593750000, 8.895507812500000000,  ,  ,  806.39 
bubblesortFloat512 ; 9.970214843750000000, 8.652954101562500000,  ,  ,  779.727 
bubblesortFloat512 ; 10.177734375000000000, 8.845642089843750000,  ,  ,  802.846 
bubblesortFloat512 ; 10.331604003906250000, 9.021667480468750000,  ,  ,  814.517 
bubblesortFloat512 ; 10.013000488281250000, 8.734008789062500000,  ,  ,  786.662 
bubblesortFloat512 ; 10.320983886718750000, 9.036621093750000000,  ,  ,  819.004 
bubblesortFloat512 ; 10.333312988281250000, 8.956054687500000000,  ,  ,  824.672 
bubblesortFloat512 ; 10.182556152343750000, 8.791931152343750000,  ,  ,  808.827 
bubblesortFloat512 ; 10.162719726562500000, 8.840209960937500000,  ,  ,  804.596 
bubblesortFloat512 ; 10.640686035156250000, 9.163940429687500000,  ,  ,  869.57 
bubblesortFloat512 ; 10.168884277343750000, 8.791320800781250000,  ,  ,  800.722 
bubblesortFloat512 ; 10.068847656250000000, 8.789001464843750000,  ,  ,  777.986 
bubblesortFloat512 ; 10.158874511718750000, 8.901855468750000000,  ,  ,  790.284 
bubblesortFloat512 ; 10.255065917968750000, 8.940795898437500000,  ,  ,  804.012 
bubblesortFloat512 ; 10.369384765625000000, 8.985168457031250000,  ,  ,  823.404 
bubblesortFloat512 ; 10.072570800781250000, 8.818664550781250000,  ,  ,  801.572 
bubblesortFloat512 ; 10.575012207031250000, 9.194091796875000000,  ,  ,  836.466 
bubblesortFloat512 ; 10.073974609375000000, 8.809265136718750000,  ,  ,  795.827 
bubblesortFloat512 ; 10.228942871093750000, 8.912170410156250000,  ,  ,  800.246 
bubblesortFloat512 ; 10.284606933593750000, 9.011535644531250000,  ,  ,  791.872 
bubblesortFloat512 ; 10.492187500000000000, 9.173889160156250000,  ,  ,  840.711 
bubblesortFloat512 ; 10.407226562500000000, 9.086120605468750000,  ,  ,  814.113 
bubblesortFloat512 ; 10.148071289062500000, 8.901367187500000000,  ,  ,  785.034 
bubblesortFloat512 ; 10.171264648437500000, 8.882202148437500000,  ,  ,  778.916 
bubblesortFloat512 ; 10.509887695312500000, 9.059143066406250000,  ,  ,  848.145 
bubblesortFloat512 ; 10.483398437500000000, 9.166931152343750000,  ,  ,  829.74 
bubblesortFloat512 ; 10.477844238281250000, 9.074523925781250000,  ,  ,  814.257 
bubblesortFloat512 ; 10.259887695312500000, 8.917297363281250000,  ,  ,  791.957 
bubblesortFloat512 ; 10.400512695312500000, 9.010375976562500000,  ,  ,  843.47 
bubblesortFloat1024 ; 9.816345214843750000, 8.427856445312500000,  ,  ,  951.691 
bubblesortFloat1024 ; 11.708679199218750000, 10.293151855468750000,  ,  ,  941.04 
bubblesortFloat1024 ; 11.091064453125000000, 9.713195800781250000,  ,  ,  912.434 
bubblesortFloat1024 ; 13.170043945312500000, 11.519104003906250000,  ,  ,  1112.48 
bubblesortFloat1024 ; 12.735412597656250000, 11.099609375000000000,  ,  ,  1065.42 
bubblesortFloat1024 ; 12.033447265625000000, 10.567993164062500000,  ,  ,  957.752 
bubblesortFloat1024 ; 12.696228027343750000, 11.054748535156250000,  ,  ,  1047.04 
bubblesortFloat1024 ; 12.537170410156250000, 11.003173828125000000,  ,  ,  1003.12 
bubblesortFloat1024 ; 12.556762695312500000, 10.996093750000000000,  ,  ,  1008.36 
bubblesortFloat1024 ; 11.959716796875000000, 10.489746093750000000,  ,  ,  969.023 
bubblesortFloat1024 ; 12.218688964843750000, 10.752746582031250000,  ,  ,  958.683 
bubblesortFloat1024 ; 11.508850097656250000, 10.093261718750000000,  ,  ,  889.66 
bubblesortFloat1024 ; 12.905944824218750000, 11.148376464843750000,  ,  ,  1074.49 
bubblesortFloat1024 ; 12.137023925781250000, 10.500793457031250000,  ,  ,  946.157 
bubblesortFloat1024 ; 12.710144042968750000, 11.019653320312500000,  ,  ,  976.17 
bubblesortFloat1024 ; 11.828002929687500000, 10.313415527343750000,  ,  ,  957.426 
bubblesortFloat1024 ; 12.435058593750000000, 10.839050292968750000,  ,  ,  1012.53 
bubblesortFloat1024 ; 12.553527832031250000, 10.993103027343750000,  ,  ,  982.998 
bubblesortFloat1024 ; 11.523376464843750000, 10.118835449218750000,  ,  ,  872.55 
bubblesortFloat1024 ; 13.798889160156250000, 12.081115722656250000,  ,  ,  1082.71 
bubblesortFloat1024 ; 12.881591796875000000, 11.208068847656250000,  ,  ,  994.39 
bubblesortFloat1024 ; 12.065917968750000000, 10.585449218750000000,  ,  ,  919.208 
bubblesortFloat1024 ; 13.241516113281250000, 11.504577636718750000,  ,  ,  1062.95 
bubblesortFloat1024 ; 12.244140625000000000, 10.713928222656250000,  ,  ,  953.628 
bubblesortFloat1024 ; 12.221557617187500000, 10.639038085937500000,  ,  ,  924.603 
bubblesortFloat1024 ; 13.264831542968750000, 11.560729980468750000,  ,  ,  1140.12 
bubblesortFloat1024 ; 12.124389648437500000, 10.610168457031250000,  ,  ,  941.514 
bubblesortFloat1024 ; 12.823242187500000000, 11.253173828125000000,  ,  ,  970.481 
bubblesortFloat1024 ; 12.591247558593750000, 10.948730468750000000,  ,  ,  963.522 
bubblesortFloat1024 ; 13.783813476562500000, 11.924743652343750000,  ,  ,  1060.25 
bubblesortFloat1024 ; 12.174072265625000000, 10.599121093750000000,  ,  ,  930.792 
bubblesortFloat1024 ; 12.640258789062500000, 11.096374511718750000,  ,  ,  956.989 
bubblesortFloat1024 ; 13.386047363281250000, 11.573425292968750000,  ,  ,  1078.25 
bubblesortFloat1024 ; 12.082702636718750000, 10.489196777343750000,  ,  ,  948.052 
bubblesortFloat1024 ; 11.940490722656250000, 10.472351074218750000,  ,  ,  908.192 
bubblesortFloat1024 ; 11.969909667968750000, 10.503540039062500000,  ,  ,  907.474 
bubblesortFloat1024 ; 12.791687011718750000, 11.191467285156250000,  ,  ,  982.487 
bubblesortFloat1024 ; 12.427856445312500000, 10.876892089843750000,  ,  ,  995.602 
bubblesortFloat1024 ; 13.020996093750000000, 11.358093261718750000,  ,  ,  980.559 
bubblesortFloat1024 ; 12.819335937500000000, 11.105163574218750000,  ,  ,  974.784 
bubblesortFloat1024 ; 12.905517578125000000, 11.225891113281250000,  ,  ,  1044.13 
bubblesortFloat1024 ; 12.520629882812500000, 10.812927246093750000,  ,  ,  1025.36 
bubblesortFloat1024 ; 12.527404785156250000, 10.939270019531250000,  ,  ,  954.738 
bubblesortFloat1024 ; 14.134399414062500000, 12.358398437500000000,  ,  ,  1115.12 
bubblesortFloat1024 ; 12.104125976562500000, 10.599853515625000000,  ,  ,  928.761 
bubblesortFloat1024 ; 12.267028808593750000, 10.756958007812500000,  ,  ,  931.257 
bubblesortFloat1024 ; 11.801025390625000000, 10.318969726562500000,  ,  ,  883.489 
bubblesortFloat1024 ; 12.046264648437500000, 10.439270019531250000,  ,  ,  899.069 
bubblesortFloat1024 ; 13.287963867187500000, 11.488281250000000000,  ,  ,  1035.24 
bubblesortFloat1024 ; 12.812377929687500000, 11.202392578125000000,  ,  ,  993.527 
bubblesortDouble512 ; 8.424560546875000000, 7.244079589843750000,  ,  ,  859.981 
bubblesortDouble512 ; 9.713989257812500000, 8.520202636718750000,  ,  ,  805.858 
bubblesortDouble512 ; 11.006958007812500000, 9.665832519531250000,  ,  ,  900.076 
bubblesortDouble512 ; 11.082702636718750000, 9.701904296875000000,  ,  ,  937.086 
bubblesortDouble512 ; 12.638427734375000000, 10.990600585937500000,  ,  ,  1017.4 
bubblesortDouble512 ; 11.008361816406250000, 9.561767578125000000,  ,  ,  877.711 
bubblesortDouble512 ; 11.250366210937500000, 9.863952636718750000,  ,  ,  888.683 
bubblesortDouble512 ; 11.000976562500000000, 9.691894531250000000,  ,  ,  870.121 
bubblesortDouble512 ; 12.352783203125000000, 10.855163574218750000,  ,  ,  997.671 
bubblesortDouble512 ; 10.932922363281250000, 9.619506835937500000,  ,  ,  873.89 
bubblesortDouble512 ; 11.161254882812500000, 9.748291015625000000,  ,  ,  920.678 
bubblesortDouble512 ; 11.166442871093750000, 9.800415039062500000,  ,  ,  887.832 
bubblesortDouble512 ; 12.587829589843750000, 11.057067871093750000,  ,  ,  998.571 
bubblesortDouble512 ; 10.901855468750000000, 9.465881347656250000,  ,  ,  899.744 
bubblesortDouble512 ; 11.377502441406250000, 9.979919433593750000,  ,  ,  926.911 
bubblesortDouble512 ; 11.539062500000000000, 10.156188964843750000,  ,  ,  909.174 
bubblesortDouble512 ; 11.103515625000000000, 9.727966308593750000,  ,  ,  910.651 
bubblesortDouble512 ; 11.684082031250000000, 10.199951171875000000,  ,  ,  912.385 
bubblesortDouble512 ; 11.047363281250000000, 9.723022460937500000,  ,  ,  855.076 
bubblesortDouble512 ; 11.647399902343750000, 10.204101562500000000,  ,  ,  902.924 
bubblesortDouble512 ; 11.528930664062500000, 10.151733398437500000,  ,  ,  896 
bubblesortDouble512 ; 11.604797363281250000, 10.210815429687500000,  ,  ,  909.998 
bubblesortDouble512 ; 12.792602539062500000, 11.248229980468750000,  ,  ,  1020.99 
bubblesortDouble512 ; 11.279113769531250000, 9.884765625000000000,  ,  ,  887.362 
bubblesortDouble512 ; 11.467346191406250000, 10.050964355468750000,  ,  ,  893.477 
bubblesortDouble512 ; 11.810180664062500000, 10.294433593750000000,  ,  ,  955.404 
bubblesortDouble512 ; 11.750000000000000000, 10.261169433593750000,  ,  ,  908.033 
bubblesortDouble512 ; 11.932739257812500000, 10.467590332031250000,  ,  ,  931.207 
bubblesortDouble512 ; 11.928955078125000000, 10.354248046875000000,  ,  ,  925.711 
bubblesortDouble512 ; 11.490356445312500000, 9.973205566406250000,  ,  ,  874.129 
bubblesortDouble512 ; 11.227844238281250000, 9.768676757812500000,  ,  ,  851.96 
bubblesortDouble512 ; 11.462524414062500000, 10.052307128906250000,  ,  ,  894.517 
bubblesortDouble512 ; 12.672058105468750000, 11.009582519531250000,  ,  ,  1088.83 
bubblesortDouble512 ; 11.286499023437500000, 9.900634765625000000,  ,  ,  875.277 
bubblesortDouble512 ; 11.443664550781250000, 10.022949218750000000,  ,  ,  872.436 
bubblesortDouble512 ; 11.652099609375000000, 10.231445312500000000,  ,  ,  892.093 
bubblesortDouble512 ; 11.696594238281250000, 10.242553710937500000,  ,  ,  903.064 
bubblesortDouble512 ; 12.288085937500000000, 10.720642089843750000,  ,  ,  990.159 
bubblesortDouble512 ; 11.672119140625000000, 10.220520019531250000,  ,  ,  915.156 
bubblesortDouble512 ; 11.755859375000000000, 10.304321289062500000,  ,  ,  890.999 
bubblesortDouble512 ; 11.583801269531250000, 10.172485351562500000,  ,  ,  881.697 
bubblesortDouble512 ; 12.163330078125000000, 10.635925292968750000,  ,  ,  911.712 
bubblesortDouble512 ; 11.779479980468750000, 10.346008300781250000,  ,  ,  898.486 
bubblesortDouble512 ; 11.519592285156250000, 10.058715820312500000,  ,  ,  875.365 
bubblesortDouble512 ; 13.318786621093750000, 11.666259765625000000,  ,  ,  1021.2 
bubblesortDouble512 ; 11.698913574218750000, 10.239929199218750000,  ,  ,  881.344 
bubblesortDouble512 ; 14.057434082031250000, 12.140991210937500000,  ,  ,  1109.31 
bubblesortDouble512 ; 11.060424804687500000, 9.614196777343750000,  ,  ,  837.13 
bubblesortDouble512 ; 12.064331054687500000, 10.466064453125000000,  ,  ,  945.575 
bubblesortDouble512 ; 12.082214355468750000, 10.558471679687500000,  ,  ,  934.761 
bubblesortDouble1024 ; 13.735900878906250000, 11.818115234375000000,  ,  ,  1369.83 
bubblesortDouble1024 ; 16.675109863281250000, 14.576965332031250000,  ,  ,  1490.15 
bubblesortDouble1024 ; 17.056579589843750000, 14.838317871093750000,  ,  ,  1578.05 
bubblesortDouble1024 ; 16.195800781250000000, 14.048034667968750000,  ,  ,  1454.68 
bubblesortDouble1024 ; 16.570922851562500000, 14.450378417968750000,  ,  ,  1476.32 
bubblesortDouble1024 ; 17.186462402343750000, 14.941406250000000000,  ,  ,  1596.49 
bubblesortDouble1024 ; 17.071655273437500000, 14.721252441406250000,  ,  ,  1491.75 
bubblesortDouble1024 ; 16.959472656250000000, 14.716125488281250000,  ,  ,  1494.8 
bubblesortDouble1024 ; 18.033996582031250000, 15.544982910156250000,  ,  ,  1754.38 
bubblesortDouble1024 ; 17.657531738281250000, 15.220886230468750000,  ,  ,  1644.73 
bubblesortDouble1024 ; 17.437500000000000000, 14.924438476562500000,  ,  ,  1595.77 
bubblesortDouble1024 ; 16.764282226562500000, 14.472106933593750000,  ,  ,  1512.14 
bubblesortDouble1024 ; 18.047607421875000000, 15.698730468750000000,  ,  ,  1621.14 
bubblesortDouble1024 ; 16.073974609375000000, 13.866943359375000000,  ,  ,  1504.12 
bubblesortDouble1024 ; 17.864135742187500000, 15.473022460937500000,  ,  ,  1618.56 
bubblesortDouble1024 ; 16.541198730468750000, 14.273071289062500000,  ,  ,  1521.73 
bubblesortDouble1024 ; 16.339538574218750000, 14.167785644531250000,  ,  ,  1441.49 
bubblesortDouble1024 ; 17.137084960937500000, 14.890502929687500000,  ,  ,  1459.2 
bubblesortDouble1024 ; 17.439758300781250000, 15.077209472656250000,  ,  ,  1492.18 
bubblesortDouble1024 ; 16.952148437500000000, 14.765502929687500000,  ,  ,  1479.18 
bubblesortDouble1024 ; 19.282592773437500000, 16.570068359375000000,  ,  ,  1769.88 
bubblesortDouble1024 ; 16.636901855468750000, 14.285705566406250000,  ,  ,  1476.13 
bubblesortDouble1024 ; 17.268676757812500000, 14.953369140625000000,  ,  ,  1468.47 
bubblesortDouble1024 ; 18.543457031250000000, 16.050903320312500000,  ,  ,  1713.64 
bubblesortDouble1024 ; 17.200256347656250000, 14.771850585937500000,  ,  ,  1505.19 
bubblesortDouble1024 ; 17.551513671875000000, 15.188537597656250000,  ,  ,  1532.33 
bubblesortDouble1024 ; 18.229675292968750000, 15.738281250000000000,  ,  ,  1660.77 
bubblesortDouble1024 ; 16.882080078125000000, 14.649353027343750000,  ,  ,  1467.47 
bubblesortDouble1024 ; 17.192199707031250000, 14.907836914062500000,  ,  ,  1515.45 
bubblesortDouble1024 ; 18.149963378906250000, 15.813964843750000000,  ,  ,  1589.82 
bubblesortDouble1024 ; 17.250366210937500000, 14.975341796875000000,  ,  ,  1449.94 
bubblesortDouble1024 ; 17.583312988281250000, 15.248657226562500000,  ,  ,  1561.53 
bubblesortDouble1024 ; 17.226379394531250000, 14.941894531250000000,  ,  ,  1471.28 
bubblesortDouble1024 ; 17.584899902343750000, 15.286315917968750000,  ,  ,  1522.5 
bubblesortDouble1024 ; 17.832580566406250000, 15.487121582031250000,  ,  ,  1510.09 
bubblesortDouble1024 ; 18.746765136718750000, 16.214111328125000000,  ,  ,  1693.73 
bubblesortDouble1024 ; 16.747070312500000000, 14.591796875000000000,  ,  ,  1460.87 
bubblesortDouble1024 ; 18.240966796875000000, 15.723754882812500000,  ,  ,  1640.65 
bubblesortDouble1024 ; 18.058654785156250000, 15.534362792968750000,  ,  ,  1609.53 
bubblesortDouble1024 ; 16.719360351562500000, 14.448425292968750000,  ,  ,  1464.32 
bubblesortDouble1024 ; 17.276428222656250000, 14.974426269531250000,  ,  ,  1481.63 
bubblesortDouble1024 ; 17.581237792968750000, 15.265319824218750000,  ,  ,  1526.62 
bubblesortDouble1024 ; 17.718261718750000000, 15.393249511718750000,  ,  ,  1548.72 
bubblesortDouble1024 ; 19.440185546875000000, 16.845275878906250000,  ,  ,  1761.15 
bubblesortDouble1024 ; 17.780578613281250000, 15.360595703125000000,  ,  ,  1603.97 
bubblesortDouble1024 ; 18.079223632812500000, 15.659423828125000000,  ,  ,  1592.59 
bubblesortDouble1024 ; 16.636657714843750000, 14.429870605468750000,  ,  ,  1438.07 
bubblesortDouble1024 ; 17.482788085937500000, 15.157653808593750000,  ,  ,  1474.59 
bubblesortDouble1024 ; 17.488708496093750000, 15.199645996093750000,  ,  ,  1481.52 
bubblesortDouble1024 ; 19.528869628906250000, 16.839416503906250000,  ,  ,  1778.94 
HelloWorld ; 0.573242187500000000, 0.409973144531250000,  ,  ,  105.196 
HelloWorld ; 0.538269042968750000, 0.417724609375000000,  ,  ,  76.088 
HelloWorld ; 0.525756835937500000, 0.414794921875000000,  ,  ,  69.701 
HelloWorld ; 0.526672363281250000, 0.418640136718750000,  ,  ,  66.016 
HelloWorld ; 0.549438476562500000, 0.428894042968750000,  ,  ,  76.413 
HelloWorld ; 0.498046875000000000, 0.406921386718750000,  ,  ,  57.038 
HelloWorld ; 0.554870605468750000, 0.431884765625000000,  ,  ,  75.276 
HelloWorld ; 0.498352050781250000, 0.353149414062500000,  ,  ,  92.541 
HelloWorld ; 0.552429199218750000, 0.430908203125000000,  ,  ,  75.211 
HelloWorld ; 0.505249023437500000, 0.409790039062500000,  ,  ,  57.474 
HelloWorld ; 0.551513671875000000, 0.432006835937500000,  ,  ,  75.364 
HelloWorld ; 0.548339843750000000, 0.431091308593750000,  ,  ,  75.258 
HelloWorld ; 0.548339843750000000, 0.437683105468750000,  ,  ,  68.782 
HelloWorld ; 0.548522949218750000, 0.431030273437500000,  ,  ,  74.54 
HelloWorld ; 0.530822753906250000, 0.427795410156250000,  ,  ,  63.898 
HelloWorld ; 0.568054199218750000, 0.442321777343750000,  ,  ,  74.377 
HelloWorld ; 0.545837402343750000, 0.436218261718750000,  ,  ,  63.928 
HelloWorld ; 0.560241699218750000, 0.442626953125000000,  ,  ,  64.958 
HelloWorld ; 0.578491210937500000, 0.446289062500000000,  ,  ,  74.205 
HelloWorld ; 0.550415039062500000, 0.428894042968750000,  ,  ,  66.609 
HelloWorld ; 0.565551757812500000, 0.443359375000000000,  ,  ,  69.427 
HelloWorld ; 0.580627441406250000, 0.447937011718750000,  ,  ,  72.755 
HelloWorld ; 0.567565917968750000, 0.409973144531250000,  ,  ,  90.883 
HelloWorld ; 0.538696289062500000, 0.427246093750000000,  ,  ,  64.016 
HelloWorld ; 0.579650878906250000, 0.446960449218750000,  ,  ,  73.944 
HelloWorld ; 0.564636230468750000, 0.444763183593750000,  ,  ,  66.686 
HelloWorld ; 0.569213867187500000, 0.426757812500000000,  ,  ,  82.51 
HelloWorld ; 0.589050292968750000, 0.454528808593750000,  ,  ,  73.893 
HelloWorld ; 0.562377929687500000, 0.372985839843750000,  ,  ,  110.35 
HelloWorld ; 0.576660156250000000, 0.448913574218750000,  ,  ,  73.122 
HelloWorld ; 0.570861816406250000, 0.438232421875000000,  ,  ,  74.089 
HelloWorld ; 0.566711425781250000, 0.450073242187500000,  ,  ,  69.565 
HelloWorld ; 0.548522949218750000, 0.435791015625000000,  ,  ,  64.338 
HelloWorld ; 0.586975097656250000, 0.449462890625000000,  ,  ,  73.735 
HelloWorld ; 0.559509277343750000, 0.433288574218750000,  ,  ,  72.93 
HelloWorld ; 0.575134277343750000, 0.445739746093750000,  ,  ,  74.594 
HelloWorld ; 0.564819335937500000, 0.436401367187500000,  ,  ,  73.58 
HelloWorld ; 0.560729980468750000, 0.431030273437500000,  ,  ,  73.78 
HelloWorld ; 0.561035156250000000, 0.433898925781250000,  ,  ,  72.943 
HelloWorld ; 0.556701660156250000, 0.431030273437500000,  ,  ,  73.532 
HelloWorld ; 0.548889160156250000, 0.436645507812500000,  ,  ,  64.181 
HelloWorld ; 0.569580078125000000, 0.445190429687500000,  ,  ,  69.024 
HelloWorld ; 0.577331542968750000, 0.447998046875000000,  ,  ,  74.081 
HelloWorld ; 0.553955078125000000, 0.433898925781250000,  ,  ,  69.087 
HelloWorld ; 0.597839355468750000, 0.430358886718750000,  ,  ,  96.943 
HelloWorld ; 0.563476562500000000, 0.439208984375000000,  ,  ,  68.319 
HelloWorld ; 0.525146484375000000, 0.423156738281250000,  ,  ,  57.385 
HelloWorld ; 0.586303710937500000, 0.455505371093750000,  ,  ,  73.946 
HelloWorld ; 0.571044921875000000, 0.445800781250000000,  ,  ,  74.131 
HelloWorld ; 0.566101074218750000, 0.444641113281250000,  ,  ,  69.703 
HelloWorld ; 6.033203125000000000, 5.096069335937500000,  ,  ,  619.723 
HelloWorld ; 6.234252929687500000, 5.294372558593750000,  ,  ,  595.326 
HelloWorld ; 6.227050781250000000, 5.228088378906250000,  ,  ,  608.997 
HelloWorld ; 6.378234863281250000, 5.339538574218750000,  ,  ,  603.545 
HelloWorld ; 6.451049804687500000, 5.307617187500000000,  ,  ,  671.008 
HelloWorld ; 6.504089355468750000, 5.295715332031250000,  ,  ,  710.323 
HelloWorld ; 6.421020507812500000, 5.398010253906250000,  ,  ,  593.713 
HelloWorld ; 6.319152832031250000, 5.345214843750000000,  ,  ,  600.428 
HelloWorld ; 6.314208984375000000, 5.359252929687500000,  ,  ,  594.824 
HelloWorld ; 6.506835937500000000, 5.471618652343750000,  ,  ,  597.513 
HelloWorld ; 6.532104492187500000, 5.453918457031250000,  ,  ,  627.177 
HelloWorld ; 6.446228027343750000, 5.370666503906250000,  ,  ,  624.625 
HelloWorld ; 6.436096191406250000, 5.395507812500000000,  ,  ,  600.632 
HelloWorld ; 6.229736328125000000, 5.213439941406250000,  ,  ,  588.048 
HelloWorld ; 6.602722167968750000, 5.560119628906250000,  ,  ,  601.671 
HelloWorld ; 6.554077148437500000, 5.338195800781250000,  ,  ,  709.742 
HelloWorld ; 6.506347656250000000, 5.460754394531250000,  ,  ,  602.701 
HelloWorld ; 6.497863769531250000, 5.444335937500000000,  ,  ,  608.553 
HelloWorld ; 6.493469238281250000, 5.429138183593750000,  ,  ,  616.224 
HelloWorld ; 6.564636230468750000, 5.564941406250000000,  ,  ,  602.403 
HelloWorld ; 6.572998046875000000, 5.567138671875000000,  ,  ,  635.711 
HelloWorld ; 6.509277343750000000, 5.522460937500000000,  ,  ,  607.681 
HelloWorld ; 6.588500976562500000, 5.490478515625000000,  ,  ,  636.967 
HelloWorld ; 6.402832031250000000, 5.374877929687500000,  ,  ,  594.309 
HelloWorld ; 6.551391601562500000, 5.509033203125000000,  ,  ,  601.785 
HelloWorld ; 6.687744140625000000, 5.551574707031250000,  ,  ,  640.32 
HelloWorld ; 6.584289550781250000, 5.476867675781250000,  ,  ,  616.252 
HelloWorld ; 6.528137207031250000, 5.422668457031250000,  ,  ,  624.252 
HelloWorld ; 6.644897460937500000, 5.392456054687500000,  ,  ,  700.564 
HelloWorld ; 6.420288085937500000, 5.383911132812500000,  ,  ,  573.414 
HelloWorld ; 6.540893554687500000, 5.356384277343750000,  ,  ,  660.498 
HelloWorld ; 6.677490234375000000, 5.550476074218750000,  ,  ,  626.739 
HelloWorld ; 6.651611328125000000, 5.542541503906250000,  ,  ,  616.575 
HelloWorld ; 6.817138671875000000, 5.674865722656250000,  ,  ,  634.068 
HelloWorld ; 6.706420898437500000, 5.577026367187500000,  ,  ,  625.802 
HelloWorld ; 6.840515136718750000, 5.675598144531250000,  ,  ,  650.154 
HelloWorld ; 6.600219726562500000, 5.524658203125000000,  ,  ,  594.978 
HelloWorld ; 6.590332031250000000, 5.535827636718750000,  ,  ,  579.94 
HelloWorld ; 6.573059082031250000, 5.518798828125000000,  ,  ,  581.033 
HelloWorld ; 6.697021484375000000, 5.576965332031250000,  ,  ,  658.299 
HelloWorld ; 6.391967773437500000, 5.323547363281250000,  ,  ,  647.051 
HelloWorld ; 6.630554199218750000, 5.548645019531250000,  ,  ,  601.775 
HelloWorld ; 6.694519042968750000, 5.541625976562500000,  ,  ,  633.353 
HelloWorld ; 6.808044433593750000, 5.672668457031250000,  ,  ,  633.674 
HelloWorld ; 6.763244628906250000, 5.638732910156250000,  ,  ,  622.648 
HelloWorld ; 6.688293457031250000, 5.505798339843750000,  ,  ,  659.599 
HelloWorld ; 6.747802734375000000, 5.591247558593750000,  ,  ,  641.536 
HelloWorld ; 6.710754394531250000, 5.588806152343750000,  ,  ,  618.84 
HelloWorld ; 6.844482421875000000, 5.575378417968750000,  ,  ,  705.899 
HelloWorld ; 6.614318847656250000, 5.570678710937500000,  ,  ,  616.795 
quicksort ; 6.856018066406250000, 5.798278808593750000,  ,  ,  730.575 
quicksort ; 7.037963867187500000, 6.020935058593750000,  ,  ,  666.387 
quicksort ; 6.910949707031250000, 5.903686523437500000,  ,  ,  671.743 
quicksort ; 6.867065429687500000, 5.961303710937500000,  ,  ,  651.658 
quicksort ; 6.947998046875000000, 5.997985839843750000,  ,  ,  689.694 
quicksort ; 6.998168945312500000, 6.054016113281250000,  ,  ,  654.47 
quicksort ; 6.929382324218750000, 5.963134765625000000,  ,  ,  651.421 
quicksort ; 6.830200195312500000, 5.906921386718750000,  ,  ,  678.596 
quicksort ; 6.897583007812500000, 5.916931152343750000,  ,  ,  693.413 
quicksort ; 7.031738281250000000, 6.048645019531250000,  ,  ,  694.238 
quicksort ; 6.678833007812500000, 5.775512695312500000,  ,  ,  648.914 
quicksort ; 6.942260742187500000, 5.960021972656250000,  ,  ,  699.047 
quicksort ; 7.009155273437500000, 6.063842773437500000,  ,  ,  693.667 
quicksort ; 6.926757812500000000, 5.990356445312500000,  ,  ,  684.243 
quicksort ; 7.068359375000000000, 6.074096679687500000,  ,  ,  665.717 
quicksort ; 6.803710937500000000, 5.816406250000000000,  ,  ,  727.587 
quicksort ; 6.954833984375000000, 5.989196777343750000,  ,  ,  702.866 
quicksort ; 6.988769531250000000, 6.017639160156250000,  ,  ,  678.583 
quicksort ; 7.076354980468750000, 6.141662597656250000,  ,  ,  667.357 
quicksort ; 6.978088378906250000, 6.026794433593750000,  ,  ,  686.641 
quicksort ; 6.940429687500000000, 5.969055175781250000,  ,  ,  678.83 
quicksort ; 7.117797851562500000, 6.203613281250000000,  ,  ,  650.994 
quicksort ; 7.006652832031250000, 6.061950683593750000,  ,  ,  666.222 
quicksort ; 7.280822753906250000, 6.288391113281250000,  ,  ,  661.242 
quicksort ; 7.104980468750000000, 6.065002441406250000,  ,  ,  683.258 
quicksort ; 7.224548339843750000, 6.235473632812500000,  ,  ,  695.828 
quicksort ; 7.111389160156250000, 6.099243164062500000,  ,  ,  671.078 
quicksort ; 7.231323242187500000, 6.260742187500000000,  ,  ,  692.141 
quicksort ; 6.952941894531250000, 5.954895019531250000,  ,  ,  753.149 
quicksort ; 6.905517578125000000, 5.978027343750000000,  ,  ,  640.946 
quicksort ; 6.935668945312500000, 5.992248535156250000,  ,  ,  687.615 
quicksort ; 7.111694335937500000, 6.151428222656250000,  ,  ,  684.056 
quicksort ; 7.096496582031250000, 6.110717773437500000,  ,  ,  710.125 
quicksort ; 7.054016113281250000, 6.104370117187500000,  ,  ,  684.128 
quicksort ; 7.095703125000000000, 6.137145996093750000,  ,  ,  680.337 
quicksort ; 7.243103027343750000, 6.205871582031250000,  ,  ,  680.278 
quicksort ; 7.117126464843750000, 6.149841308593750000,  ,  ,  684.408 
quicksort ; 7.153869628906250000, 6.215515136718750000,  ,  ,  669.475 
quicksort ; 7.158264160156250000, 6.124816894531250000,  ,  ,  679.943 
quicksort ; 7.164489746093750000, 6.212585449218750000,  ,  ,  672.882 
quicksort ; 7.013732910156250000, 6.087646484375000000,  ,  ,  642.865 
quicksort ; 7.027587890625000000, 6.091308593750000000,  ,  ,  629.097 
quicksort ; 7.143859863281250000, 6.224487304687500000,  ,  ,  652.999 
quicksort ; 7.146484375000000000, 6.205200195312500000,  ,  ,  679.169 
quicksort ; 7.125610351562500000, 6.115234375000000000,  ,  ,  700.849 
quicksort ; 6.854003906250000000, 5.955688476562500000,  ,  ,  645.872 
quicksort ; 7.304016113281250000, 6.328674316406250000,  ,  ,  694.743 
quicksort ; 7.258666992187500000, 6.211914062500000000,  ,  ,  683.079 
quicksort ; 7.261596679687500000, 6.212463378906250000,  ,  ,  687.977 
quicksort ; 7.304077148437500000, 6.290649414062500000,  ,  ,  679.977 
quicksort ; 7.594543457031250000, 6.632812500000000000,  ,  ,  752.93 
quicksort ; 7.700439453125000000, 6.688293457031250000,  ,  ,  763.805 
quicksort ; 7.755065917968750000, 6.767089843750000000,  ,  ,  719.598 
quicksort ; 7.676269531250000000, 6.642639160156250000,  ,  ,  854.229 
quicksort ; 7.681701660156250000, 6.596679687500000000,  ,  ,  799.954 
quicksort ; 7.830261230468750000, 6.749816894531250000,  ,  ,  772.705 
quicksort ; 7.776245117187500000, 6.779235839843750000,  ,  ,  746.297 
quicksort ; 7.983154296875000000, 6.930969238281250000,  ,  ,  733.041 
quicksort ; 8.113586425781250000, 7.044067382812500000,  ,  ,  775.155 
quicksort ; 7.914306640625000000, 6.875915527343750000,  ,  ,  753.507 
quicksort ; 7.748718261718750000, 6.805847167968750000,  ,  ,  714.954 
quicksort ; 7.935974121093750000, 6.929138183593750000,  ,  ,  792.389 
quicksort ; 7.989257812500000000, 6.977783203125000000,  ,  ,  769.891 
quicksort ; 7.923828125000000000, 6.953002929687500000,  ,  ,  733.039 
quicksort ; 7.816223144531250000, 6.863220214843750000,  ,  ,  714.37 
quicksort ; 7.964843750000000000, 6.904479980468750000,  ,  ,  731.274 
quicksort ; 8.152770996093750000, 7.074890136718750000,  ,  ,  781.284 
quicksort ; 8.041687011718750000, 7.011901855468750000,  ,  ,  737.64 
quicksort ; 7.879638671875000000, 6.805969238281250000,  ,  ,  752.187 
quicksort ; 7.962646484375000000, 7.009704589843750000,  ,  ,  727.856 
quicksort ; 7.941894531250000000, 6.958740234375000000,  ,  ,  762.584 
quicksort ; 7.940551757812500000, 6.992553710937500000,  ,  ,  715.777 
quicksort ; 8.032287597656250000, 7.036987304687500000,  ,  ,  750.263 
quicksort ; 8.277404785156250000, 7.223937988281250000,  ,  ,  750.654 
quicksort ; 7.913574218750000000, 6.967468261718750000,  ,  ,  722.361 
quicksort ; 8.052795410156250000, 7.011352539062500000,  ,  ,  761.918 
quicksort ; 7.989868164062500000, 6.948059082031250000,  ,  ,  746.851 
quicksort ; 8.043334960937500000, 7.078857421875000000,  ,  ,  742.323 
quicksort ; 7.966918945312500000, 6.808898925781250000,  ,  ,  841.69 
quicksort ; 8.021118164062500000, 7.001831054687500000,  ,  ,  771.213 
quicksort ; 8.055480957031250000, 7.004516601562500000,  ,  ,  801.396 
quicksort ; 8.099121093750000000, 7.100646972656250000,  ,  ,  762.449 
quicksort ; 8.041503906250000000, 7.055053710937500000,  ,  ,  769.421 
quicksort ; 8.101684570312500000, 7.038269042968750000,  ,  ,  801.459 
quicksort ; 8.025329589843750000, 7.052551269531250000,  ,  ,  740.115 
quicksort ; 8.001892089843750000, 7.011657714843750000,  ,  ,  763.364 
quicksort ; 8.103027343750000000, 7.114929199218750000,  ,  ,  754.268 
quicksort ; 8.183898925781250000, 7.187866210937500000,  ,  ,  761.538 
quicksort ; 8.093750000000000000, 7.061584472656250000,  ,  ,  759.514 
quicksort ; 8.145446777343750000, 7.144714355468750000,  ,  ,  748.013 
quicksort ; 7.897521972656250000, 6.884155273437500000,  ,  ,  796.587 
quicksort ; 8.064453125000000000, 7.015441894531250000,  ,  ,  772.702 
quicksort ; 8.124938964843750000, 7.149291992187500000,  ,  ,  751.93 
quicksort ; 8.292175292968750000, 7.242492675781250000,  ,  ,  777.155 
quicksort ; 8.103454589843750000, 6.982543945312500000,  ,  ,  780.137 
quicksort ; 8.190002441406250000, 7.150085449218750000,  ,  ,  783.573 
quicksort ; 8.359191894531250000, 7.304260253906250000,  ,  ,  807.595 
quicksort ; 7.991577148437500000, 7.015808105468750000,  ,  ,  745.571 
quicksort ; 8.212768554687500000, 7.218811035156250000,  ,  ,  731.577 
quicksort ; 8.229431152343750000, 7.102539062500000000,  ,  ,  780.533 
quicksort ; 8.140930175781250000, 7.023071289062500000,  ,  ,  799.419 
quicksort ; 8.203857421875000000, 7.181091308593750000,  ,  ,  769.493 
quicksort ; 8.251159667968750000, 7.196533203125000000,  ,  ,  809.033 
quicksort ; 8.175720214843750000, 7.099609375000000000,  ,  ,  785.557 
quicksort ; 8.180786132812500000, 7.068786621093750000,  ,  ,  758.516 
quicksort ; 8.150329589843750000, 7.142822265625000000,  ,  ,  779.751 
quicksort ; 8.329772949218750000, 7.240905761718750000,  ,  ,  808.129 
quicksort ; 8.391479492187500000, 7.369873046875000000,  ,  ,  765.447 
quicksort ; 8.365844726562500000, 7.285583496093750000,  ,  ,  791.688 
quicksort ; 8.310363769531250000, 7.213500976562500000,  ,  ,  783.097 
quicksort ; 8.118896484375000000, 7.108276367187500000,  ,  ,  767.28 
quicksort ; 8.312133789062500000, 7.250488281250000000,  ,  ,  736.953 
quicksort ; 8.394409179687500000, 7.341613769531250000,  ,  ,  757.212 
quicksort ; 8.394714355468750000, 7.360656738281250000,  ,  ,  767.131 
quicksort ; 8.203125000000000000, 7.202331542968750000,  ,  ,  736.618 
quicksort ; 8.170532226562500000, 7.142272949218750000,  ,  ,  790.976 
quicksort ; 8.325256347656250000, 7.263610839843750000,  ,  ,  753.091 
quicksort ; 8.467529296875000000, 7.289672851562500000,  ,  ,  805.862 
quicksort ; 8.504333496093750000, 7.323242187500000000,  ,  ,  808.487 
quicksort ; 8.303894042968750000, 7.274047851562500000,  ,  ,  783.916 
quicksort ; 8.202453613281250000, 7.190856933593750000,  ,  ,  773.228 
quicksort ; 8.228088378906250000, 7.170166015625000000,  ,  ,  772.448 
quicksort ; 8.436523437500000000, 7.244934082031250000,  ,  ,  887.635 
quicksort ; 8.493530273437500000, 7.464050292968750000,  ,  ,  784.64 
quicksort ; 8.578918457031250000, 7.501525878906250000,  ,  ,  772.48 
quicksort ; 8.358886718750000000, 7.314575195312500000,  ,  ,  781.78 
quicksort ; 8.258239746093750000, 7.251525878906250000,  ,  ,  741.077 
quicksort ; 8.283996582031250000, 7.168151855468750000,  ,  ,  881.975 
quicksort ; 8.144470214843750000, 7.032531738281250000,  ,  ,  883.37 
quicksort ; 8.319946289062500000, 7.274963378906250000,  ,  ,  737.785 
quicksort ; 8.465942382812500000, 7.447387695312500000,  ,  ,  757.706 
quicksort ; 8.424682617187500000, 7.327026367187500000,  ,  ,  801.788 
quicksort ; 8.526123046875000000, 7.363220214843750000,  ,  ,  802.81 
quicksort ; 8.440979003906250000, 7.408508300781250000,  ,  ,  748.744 
quicksort ; 8.569946289062500000, 7.516479492187500000,  ,  ,  752.217 
quicksort ; 8.506347656250000000, 7.478027343750000000,  ,  ,  765.872 
quicksort ; 8.442993164062500000, 7.364868164062500000,  ,  ,  801.323 
quicksort ; 8.670654296875000000, 7.515380859375000000,  ,  ,  789.879 
quicksort ; 8.570373535156250000, 7.428527832031250000,  ,  ,  783.431 
quicksort ; 8.283264160156250000, 7.249877929687500000,  ,  ,  728.153 
quicksort ; 8.552612304687500000, 7.510437011718750000,  ,  ,  782.995 
quicksort ; 8.322082519531250000, 7.322875976562500000,  ,  ,  741.772 
quicksort ; 8.717224121093750000, 7.549865722656250000,  ,  ,  795.349 
quicksort ; 8.607788085937500000, 7.523681640625000000,  ,  ,  755.323 
quicksort ; 8.620727539062500000, 7.474121093750000000,  ,  ,  763.746 
quicksort ; 8.704956054687500000, 7.603942871093750000,  ,  ,  760.573 
quicksort ; 8.491882324218750000, 7.393493652343750000,  ,  ,  780.159 
quicksort ; 8.732177734375000000, 7.588928222656250000,  ,  ,  794.47 
quicksort ; 8.403381347656250000, 7.320922851562500000,  ,  ,  758.684 
quicksort ; 8.549804687500000000, 7.410156250000000000,  ,  ,  784.669 
