best-25000-1,2.454895019531250000, 2.104064941406250000,  , 0.139221191406250000,  57,  295.042
best-25000-1,2.893310546875000000, 2.514953613281250000,  , 0.166015625000000000,  57,  286.242
best-25000-1,2.569702148437500000, 2.237182617187500000,  , 0.142822265625000000,  57,  271.777
best-25000-1,3.000427246093750000, 2.612548828125000000,  , 0.178100585937500000,  57,  295.577
best-25000-1,2.849365234375000000, 2.477050781250000000,  , 0.157348632812500000,  57,  293.878
best-25000-1,2.866882324218750000, 2.465087890625000000,  , 0.181396484375000000,  57,  319.299
best-25000-1,2.834472656250000000, 2.459411621093750000,  , 0.163513183593750000,  57,  297.226
best-25000-1,2.306335449218750000, 2.004577636718750000,  , 0.121887207031250000,  57,  250.956
best-25000-1,2.876708984375000000, 2.493957519531250000,  , 0.162719726562500000,  57,  295.69
best-25000-1,2.467956542968750000, 2.147277832031250000,  , 0.131042480468750000,  58,  259.526
best-25000-1,2.787231445312500000, 2.423828125000000000,  , 0.160095214843750000,  58,  288.227
best-25000-1,2.893432617187500000, 2.519104003906250000,  , 0.166198730468750000,  58,  286.106
best-25000-1,3.169616699218750000, 2.761901855468750000,  , 0.185791015625000000,  58,  323.884
best-25000-1,2.675903320312500000, 2.306762695312500000,  , 0.147644042968750000,  58,  289.16
best-25000-1,2.742370605468750000, 2.311279296875000000,  , 0.180175781250000000,  58,  365.791
best-25000-1,2.819702148437500000, 2.416076660156250000,  , 0.167907714843750000,  58,  323.771
best-25000-1,2.915588378906250000, 2.532775878906250000,  , 0.170349121093750000,  58,  286.424
best-25000-1,2.446166992187500000, 2.124755859375000000,  , 0.129760742187500000,  58,  258.252
best-25000-1,3.091796875000000000, 2.711486816406250000,  , 0.175537109375000000,  58,  297.505
best-25000-1,3.008850097656250000, 2.611206054687500000,  , 0.177490234375000000,  58,  298.944
best-25000-1,2.841491699218750000, 2.444030761718750000,  , 0.169372558593750000,  58,  322.179
best-25000-1,2.889953613281250000, 2.499267578125000000,  , 0.162536621093750000,  58,  305.777
best-25000-1,2.714599609375000000, 2.360717773437500000,  , 0.145690917968750000,  58,  292.793
best-25000-1,2.619567871093750000, 2.257446289062500000,  , 0.142333984375000000,  58,  297.081
best-25000-1,2.665283203125000000, 2.302673339843750000,  , 0.148559570312500000,  59,  305.579
best-25000-1,2.582885742187500000, 2.199523925781250000,  , 0.153930664062500000,  59,  304.628
best-25000-1,3.586364746093750000, 3.129028320312500000,  , 0.217956542968750000,  59,  350.591
best-25000-1,2.870971679687500000, 2.477111816406250000,  , 0.162231445312500000,  59,  330.402
best-25000-1,2.663635253906250000, 2.229797363281250000,  , 0.177246093750000000,  59,  348.571
best-25000-1,3.007446289062500000, 2.540466308593750000,  , 0.194824218750000000,  59,  390.968
best-50000-1,3.601806640625000000, 3.090576171875000000,  , 0.238281250000000000,  59,  389.353
best-50000-1,3.592285156250000000, 3.127929687500000000,  , 0.208007812500000000,  59,  364.428
best-50000-1,3.424682617187500000, 2.992797851562500000,  , 0.201354980468750000,  59,  336.34
best-50000-1,3.406555175781250000, 2.955322265625000000,  , 0.196594238281250000,  59,  342.895
best-50000-1,3.583801269531250000, 3.123840332031250000,  , 0.218383789062500000,  59,  349.347
best-50000-1,3.782043457031250000, 3.295349121093750000,  , 0.234985351562500000,  59,  363.118
best-50000-1,3.729064941406250000, 3.220153808593750000,  , 0.232055664062500000,  59,  394.751
best-50000-1,3.592224121093750000, 3.102722167968750000,  , 0.222351074218750000,  59,  373.676
best-50000-1,3.592163085937500000, 3.105102539062500000,  , 0.225341796875000000,  59,  373.072
best-50000-1,3.336669921875000000, 2.867980957031250000,  , 0.212707519531250000,  59,  372.417
best-50000-1,3.317749023437500000, 2.879150390625000000,  , 0.189270019531250000,  59,  344.542
best-50000-1,3.616760253906250000, 3.154479980468750000,  , 0.218688964843750000,  59,  354.799
best-50000-1,3.482116699218750000, 3.011047363281250000,  , 0.213745117187500000,  59,  375.344
best-50000-1,3.397094726562500000, 2.940429687500000000,  , 0.194824218750000000,  59,  351.771
best-50000-1,3.427795410156250000, 2.943176269531250000,  , 0.211730957031250000,  59,  369.584
best-50000-1,3.514038085937500000, 3.057189941406250000,  , 0.203247070312500000,  59,  351.911
best-50000-1,3.316467285156250000, 2.843505859375000000,  , 0.206665039062500000,  59,  374.946
best-50000-1,3.730285644531250000, 3.231994628906250000,  , 0.229858398437500000,  59,  372.255
best-50000-1,3.589172363281250000, 3.109863281250000000,  , 0.216613769531250000,  59,  361.574
best-50000-1,3.649291992187500000, 3.177734375000000000,  , 0.212768554687500000,  60,  358.697
best-50000-1,3.445373535156250000, 2.971496582031250000,  , 0.230285644531250000,  60,  360.739
best-50000-1,3.658020019531250000, 3.146850585937500000,  , 0.221618652343750000,  60,  399.062
best-50000-1,3.515380859375000000, 3.030212402343750000,  , 0.213134765625000000,  60,  382.778
best-50000-1,3.409118652343750000, 2.958618164062500000,  , 0.207031250000000000,  61,  340.101
best-50000-1,4.088195800781250000, 3.567199707031250000,  , 0.262573242187500000,  61,  377.954
best-50000-1,3.323730468750000000, 2.889831542968750000,  , 0.188293457031250000,  61,  345.971
best-50000-1,3.530151367187500000, 3.079895019531250000,  , 0.208007812500000000,  61,  344.509
best-50000-1,3.347595214843750000, 2.887817382812500000,  , 0.199035644531250000,  62,  363.61
best-50000-1,3.395080566406250000, 2.884521484375000000,  , 0.226135253906250000,  62,  404.589
best-50000-1,3.476684570312500000, 3.021728515625000000,  , 0.211181640625000000,  62,  337.471
best-75000-1,4.239196777343750000, 3.640625000000000000,  , 0.267578125000000000,  62,  437.239
best-75000-1,4.085693359375000000, 3.529724121093750000,  , 0.249267578125000000,  62,  423.086
best-75000-1,4.265136718750000000, 3.700683593750000000,  , 0.270385742187500000,  62,  435.664
best-75000-1,3.972412109375000000, 3.444030761718750000,  , 0.249694824218750000,  62,  395.567
best-75000-1,3.987609863281250000, 3.469238281250000000,  , 0.235351562500000000,  62,  395.723
best-75000-1,4.010131835937500000, 3.430236816406250000,  , 0.253173828125000000,  62,  460.889
best-75000-1,4.139709472656250000, 3.598754882812500000,  , 0.223205566406250000,  62,  428.106
best-75000-1,4.266906738281250000, 3.694091796875000000,  , 0.250793457031250000,  62,  440.595
best-75000-1,4.281188964843750000, 3.692077636718750000,  , 0.273376464843750000,  62,  444.353
best-75000-1,4.322509765625000000, 3.767028808593750000,  , 0.266906738281250000,  62,  415.111
best-75000-1,3.987609863281250000, 3.464294433593750000,  , 0.248535156250000000,  62,  396.247
best-75000-1,4.041320800781250000, 3.514587402343750000,  , 0.239929199218750000,  62,  397.599
best-75000-1,4.405273437500000000, 3.827087402343750000,  , 0.246032714843750000,  62,  446.102
best-75000-1,3.953918457031250000, 3.444458007812500000,  , 0.244812011718750000,  62,  385.237
best-75000-1,4.168212890625000000, 3.552978515625000000,  , 0.276550292968750000,  62,  508.114
best-75000-1,3.990234375000000000, 3.463195800781250000,  , 0.247863769531250000,  62,  406.425
best-75000-1,3.973083496093750000, 3.400512695312500000,  , 0.244018554687500000,  62,  452.158
best-75000-1,3.848510742187500000, 3.326354980468750000,  , 0.239318847656250000,  62,  404.674
best-75000-1,3.905151367187500000, 3.383117675781250000,  , 0.221862792968750000,  62,  409.133
best-75000-1,4.059020996093750000, 3.522155761718750000,  , 0.238647460937500000,  62,  408.264
best-75000-1,4.594909667968750000, 3.994201660156250000,  , 0.295166015625000000,  62,  443.946
best-75000-1,4.186950683593750000, 3.616699218750000000,  , 0.267700195312500000,  62,  432.033
best-75000-1,4.065551757812500000, 3.528320312500000000,  , 0.242614746093750000,  62,  405.651
best-75000-1,4.237060546875000000, 3.692321777343750000,  , 0.262817382812500000,  62,  401.299
best-75000-1,4.011169433593750000, 3.482421875000000000,  , 0.237670898437500000,  62,  396.541
best-75000-1,3.971191406250000000, 3.448425292968750000,  , 0.222412109375000000,  62,  401.423
best-75000-1,4.092102050781250000, 3.554626464843750000,  , 0.243347167968750000,  62,  410.307
best-75000-1,4.250122070312500000, 3.654174804687500000,  , 0.272094726562500000,  62,  459.589
best-75000-1,3.886962890625000000, 3.298706054687500000,  , 0.232543945312500000,  62,  491.134
best-75000-1,4.130554199218750000, 3.588134765625000000,  , 0.238952636718750000,  61,  415.425
best-100000-1,4.786499023437500000, 4.155578613281250000,  , 0.286682128906250000,  61,  489.553
best-100000-1,5.047912597656250000, 4.356445312500000000,  , 0.306518554687500000,  61,  547.071
best-100000-1,4.771972656250000000, 4.151916503906250000,  , 0.272094726562500000,  61,  499.182
best-100000-1,4.735412597656250000, 4.088073730468750000,  , 0.290222167968750000,  61,  506.977
best-100000-1,5.097229003906250000, 4.403259277343750000,  , 0.311584472656250000,  61,  562.119
best-100000-1,5.024597167968750000, 4.349365234375000000,  , 0.283935546875000000,  61,  532.895
best-100000-1,4.724487304687500000, 4.066833496093750000,  , 0.286682128906250000,  61,  523.931
best-100000-1,5.047790527343750000, 4.384826660156250000,  , 0.278076171875000000,  61,  533.833
best-100000-1,4.576477050781250000, 3.953613281250000000,  , 0.266540527343750000,  61,  505.858
best-100000-1,4.815124511718750000, 4.185668945312500000,  , 0.282348632812500000,  61,  495.087
best-100000-1,5.082336425781250000, 4.399475097656250000,  , 0.291320800781250000,  61,  540.784
best-100000-1,4.791687011718750000, 4.159240722656250000,  , 0.284729003906250000,  62,  507.201
best-100000-1,5.365844726562500000, 4.675720214843750000,  , 0.330139160156250000,  62,  528.363
best-100000-1,4.973693847656250000, 4.328735351562500000,  , 0.296142578125000000,  62,  509.804
best-100000-1,5.154479980468750000, 4.470092773437500000,  , 0.308959960937500000,  62,  528.362
best-100000-1,5.138488769531250000, 4.478515625000000000,  , 0.295471191406250000,  62,  525.835
best-100000-1,5.229858398437500000, 4.530517578125000000,  , 0.310913085937500000,  63,  547.024
best-100000-1,4.703430175781250000, 4.070190429687500000,  , 0.260681152343750000,  63,  506.465
best-100000-1,4.895202636718750000, 4.263183593750000000,  , 0.264282226562500000,  63,  506.035
best-100000-1,4.866333007812500000, 4.203552246093750000,  , 0.284912109375000000,  63,  524.241
best-100000-1,5.164794921875000000, 4.443054199218750000,  , 0.319335937500000000,  63,  575.408
best-100000-1,5.080139160156250000, 4.381713867187500000,  , 0.307250976562500000,  63,  546.066
best-100000-1,4.867370605468750000, 4.224243164062500000,  , 0.274963378906250000,  63,  511.488
best-100000-1,4.921142578125000000, 4.273498535156250000,  , 0.274475097656250000,  63,  517.121
best-100000-1,4.736389160156250000, 4.077514648437500000,  , 0.282226562500000000,  63,  514.145
best-100000-1,5.307861328125000000, 4.580871582031250000,  , 0.334533691406250000,  63,  558.375
best-100000-1,4.740600585937500000, 4.084289550781250000,  , 0.265197753906250000,  63,  528.656
best-100000-1,4.906616210937500000, 4.243469238281250000,  , 0.284057617187500000,  63,  538.517
best-100000-1,4.754455566406250000, 4.062744140625000000,  , 0.279541015625000000,  63,  573.562
best-100000-1,5.349060058593750000, 4.654724121093750000,  , 0.340759277343750000,  63,  532.093
best-200000-1,7.267272949218750000, 6.263732910156250000,  , 0.449096679687500000,  63,  776.482
best-200000-1,7.245971679687500000, 6.227294921875000000,  , 0.455688476562500000,  63,  777.463
best-200000-1,7.282165527343750000, 6.277404785156250000,  , 0.444824218750000000,  63,  784.33
best-200000-1,7.035888671875000000, 6.051757812500000000,  , 0.424621582031250000,  63,  779.316
best-200000-1,7.359558105468750000, 6.331237792968750000,  , 0.466857910156250000,  62,  776.705
best-200000-1,7.315795898437500000, 6.307495117187500000,  , 0.444396972656250000,  62,  790.189
best-200000-1,7.288757324218750000, 6.258483886718750000,  , 0.450317382812500000,  62,  801.656
best-200000-1,7.207092285156250000, 6.201416015625000000,  , 0.443420410156250000,  62,  783.459
best-200000-1,7.373840332031250000, 6.335266113281250000,  , 0.456237792968750000,  62,  815.888
best-200000-1,7.088867187500000000, 6.080688476562500000,  , 0.427185058593750000,  62,  796.845
best-200000-1,6.843383789062500000, 5.836425781250000000,  , 0.429565429687500000,  62,  786.524
best-200000-1,7.327087402343750000, 6.330688476562500000,  , 0.457763671875000000,  62,  756.818
best-200000-1,7.273925781250000000, 6.238586425781250000,  , 0.445556640625000000,  62,  810.47
best-200000-1,7.155151367187500000, 6.169433593750000000,  , 0.446655273437500000,  62,  767.095
best-200000-1,7.596130371093750000, 6.547973632812500000,  , 0.471191406250000000,  62,  810.216
best-200000-1,7.105834960937500000, 6.091369628906250000,  , 0.440063476562500000,  63,  783.465
best-200000-1,7.303894042968750000, 6.252502441406250000,  , 0.449951171875000000,  63,  816.402
best-200000-1,7.291870117187500000, 6.254089355468750000,  , 0.447204589843750000,  63,  795.521
best-200000-1,7.425170898437500000, 6.382995605468750000,  , 0.476684570312500000,  63,  792.169
best-200000-1,7.207580566406250000, 6.206604003906250000,  , 0.436523437500000000,  64,  780.887
best-200000-1,7.350280761718750000, 6.354309082031250000,  , 0.454589843750000000,  64,  764.538
best-200000-1,7.219055175781250000, 6.232543945312500000,  , 0.443481445312500000,  63,  758.656
best-200000-1,7.235351562500000000, 6.231384277343750000,  , 0.434082031250000000,  63,  789.037
best-200000-1,7.242126464843750000, 6.250366210937500000,  , 0.441955566406250000,  64,  764.707
best-200000-1,7.666076660156250000, 6.626586914062500000,  , 0.482788085937500000,  64,  792.179
best-200000-1,7.019409179687500000, 6.069519042968750000,  , 0.427001953125000000,  64,  742.051
best-200000-1,7.332153320312500000, 6.323120117187500000,  , 0.444458007812500000,  64,  781.381
best-200000-1,7.485473632812500000, 6.408752441406250000,  , 0.493713378906250000,  64,  825.6
best-200000-1,7.241333007812500000, 6.192504882812500000,  , 0.454895019531250000,  64,  828.174
best-200000-1,7.147888183593750000, 6.172546386718750000,  , 0.434875488281250000,  64,  751.924
best-300000-1,8.876770019531250000, 7.513977050781250000,  , 0.612182617187500000,  63,  1036.53
best-300000-1,8.890747070312500000, 7.597961425781250000,  , 0.602722167968750000,  63,  968.469
best-300000-1,9.476379394531250000, 8.105346679687500000,  , 0.639404296875000000,  63,  1025.32
best-300000-1,9.291076660156250000, 7.888732910156250000,  , 0.631591796875000000,  63,  1069.65
best-300000-1,8.582458496093750000, 7.297180175781250000,  , 0.574707031250000000,  63,  978.768
best-300000-1,9.101074218750000000, 7.773437500000000000,  , 0.609802246093750000,  63,  1003.11
best-300000-1,8.904724121093750000, 7.614562988281250000,  , 0.602783203125000000,  63,  970.767
best-300000-1,9.093811035156250000, 7.733032226562500000,  , 0.613037109375000000,  63,  1032.89
best-300000-1,9.174865722656250000, 7.815673828125000000,  , 0.619689941406250000,  64,  1032.02
best-300000-1,9.237976074218750000, 7.852111816406250000,  , 0.622863769531250000,  64,  1049.68
best-300000-1,9.073730468750000000, 7.717529296875000000,  , 0.615966796875000000,  65,  1035.15
best-300000-1,8.536865234375000000, 7.282226562500000000,  , 0.585632324218750000,  65,  948.683
best-300000-1,9.033874511718750000, 7.713317871093750000,  , 0.608276367187500000,  65,  999.032
best-300000-1,9.424499511718750000, 8.084472656250000000,  , 0.655273437500000000,  65,  985.99
best-300000-1,8.965148925781250000, 7.663879394531250000,  , 0.604064941406250000,  66,  962.143
best-300000-1,8.894592285156250000, 7.588439941406250000,  , 0.604675292968750000,  65,  978.972
best-300000-1,8.860351562500000000, 7.566467285156250000,  , 0.608825683593750000,  65,  963.975
best-300000-1,9.113342285156250000, 7.777832031250000000,  , 0.608764648437500000,  65,  1008
best-300000-1,8.570800781250000000, 7.306457519531250000,  , 0.601379394531250000,  65,  936.624
best-300000-1,8.421203613281250000, 7.163940429687500000,  , 0.569519042968750000,  65,  959.574
best-300000-1,9.200744628906250000, 7.870422363281250000,  , 0.639099121093750000,  65,  1000.46
best-300000-1,8.787841796875000000, 7.499389648437500000,  , 0.605773925781250000,  64,  963.945
best-300000-1,9.629211425781250000, 8.185974121093750000,  , 0.661437988281250000,  64,  1077.63
best-300000-1,8.993164062500000000, 7.666870117187500000,  , 0.611022949218750000,  63,  996.604
best-300000-1,9.017028808593750000, 7.669982910156250000,  , 0.606628417968750000,  64,  1026.79
best-300000-1,9.062194824218750000, 7.715270996093750000,  , 0.604309082031250000,  64,  1032.62
best-300000-1,9.072021484375000000, 7.724975585937500000,  , 0.619812011718750000,  63,  1020.9
best-300000-1,9.368408203125000000, 7.958740234375000000,  , 0.648742675781250000,  63,  1056.62
best-300000-1,8.761535644531250000, 7.440673828125000000,  , 0.597290039062500000,  62,  1005.63
best-300000-1,9.187194824218750000, 7.832153320312500000,  , 0.632019042968750000,  62,  1009.95
best-400000-1,10.569091796875000000, 8.946105957031250000,  , 0.774230957031250000,  62,  1212.11
best-400000-1,10.603210449218750000, 8.980224609375000000,  , 0.758850097656250000,  63,  1225.32
best-400000-1,10.763122558593750000, 9.089355468750000000,  , 0.779174804687500000,  62,  1255.77
best-400000-1,10.941711425781250000, 9.281188964843750000,  , 0.787841796875000000,  62,  1223.43
best-400000-1,11.025573730468750000, 9.342102050781250000,  , 0.793884277343750000,  62,  1246.26
best-400000-1,10.646484375000000000, 9.024230957031250000,  , 0.765014648437500000,  62,  1215.8
best-400000-1,10.545715332031250000, 8.921569824218750000,  , 0.759155273437500000,  63,  1226.91
best-400000-1,10.783691406250000000, 9.128295898437500000,  , 0.774047851562500000,  62,  1239.49
best-400000-1,10.882446289062500000, 9.215637207031250000,  , 0.776123046875000000,  62,  1261.69
best-400000-1,11.200256347656250000, 9.494079589843750000,  , 0.813476562500000000,  62,  1273.86
best-400000-1,11.128479003906250000, 9.430297851562500000,  , 0.809326171875000000,  62,  1259.36
best-400000-1,10.334777832031250000, 8.772216796875000000,  , 0.753845214843750000,  62,  1166.53
best-400000-1,10.342651367187500000, 8.746459960937500000,  , 0.757507324218750000,  62,  1185.8
best-400000-1,10.744995117187500000, 9.127746582031250000,  , 0.775268554687500000,  62,  1211.52
best-400000-1,11.125732421875000000, 9.446899414062500000,  , 0.800170898437500000,  62,  1254.84
best-400000-1,10.395751953125000000, 8.800476074218750000,  , 0.751586914062500000,  62,  1198.61
best-400000-1,10.803466796875000000, 9.170166015625000000,  , 0.771911621093750000,  62,  1221.9
best-400000-1,10.809997558593750000, 9.159301757812500000,  , 0.780212402343750000,  62,  1226.42
best-400000-1,10.573242187500000000, 8.937438964843750000,  , 0.766784667968750000,  62,  1234.16
best-400000-1,11.050048828125000000, 9.377197265625000000,  , 0.798706054687500000,  63,  1248.17
best-400000-1,10.479553222656250000, 8.884399414062500000,  , 0.762268066406250000,  63,  1187.06
best-400000-1,10.965087890625000000, 9.282531738281250000,  , 0.789611816406250000,  62,  1262.21
best-400000-1,10.797119140625000000, 9.183471679687500000,  , 0.765380859375000000,  62,  1201.85
best-400000-1,10.942687988281250000, 9.258789062500000000,  , 0.787231445312500000,  63,  1259.99
best-400000-1,10.775329589843750000, 9.142822265625000000,  , 0.771728515625000000,  63,  1216.33
best-400000-1,10.658813476562500000, 9.073974609375000000,  , 0.766845703125000000,  63,  1193.87
best-400000-1,10.874328613281250000, 9.223205566406250000,  , 0.776672363281250000,  63,  1239.04
best-400000-1,10.804992675781250000, 9.184509277343750000,  , 0.775451660156250000,  62,  1219.57
best-400000-1,10.449096679687500000, 8.804687500000000000,  , 0.769104003906250000,  62,  1240.12
best-400000-1,10.707214355468750000, 9.083190917968750000,  , 0.771484375000000000,  62,  1228.22
best-500000-1,12.577636718750000000, 10.598999023437500000,  , 1.035034179687500000,  62,  1456.39
best-500000-1,12.790893554687500000, 10.806518554687500000,  , 1.045593261718750000,  62,  1452.61
best-500000-1,11.906555175781250000, 10.005126953125000000,  , 0.990844726562500000,  62,  1399.6
best-500000-1,12.301269531250000000, 10.403442382812500000,  , 1.017456054687500000,  62,  1384.78
best-500000-1,12.196960449218750000, 10.252136230468750000,  , 0.999145507812500000,  62,  1425.77
best-500000-1,12.270080566406250000, 10.369628906250000000,  , 1.002685546875000000,  62,  1391.54
best-500000-1,12.295349121093750000, 10.397216796875000000,  , 0.997253417968750000,  62,  1387.2
best-500000-1,11.596618652343750000, 9.757019042968750000,  , 0.970764160156250000,  63,  1347.5
best-500000-1,12.250854492187500000, 10.374145507812500000,  , 1.026428222656250000,  62,  1359.32
best-500000-1,11.940795898437500000, 10.063415527343750000,  , 0.992553710937500000,  62,  1377.66
best-500000-1,12.173217773437500000, 10.282226562500000000,  , 0.994934082031250000,  63,  1391.29
best-500000-1,12.324584960937500000, 10.385986328125000000,  , 1.001647949218750000,  63,  1429.36
best-500000-1,12.661560058593750000, 10.701232910156250000,  , 1.026611328125000000,  63,  1433.54
best-500000-1,12.275573730468750000, 10.358398437500000000,  , 0.999633789062500000,  64,  1413.54
best-500000-1,12.520385742187500000, 10.553771972656250000,  , 1.024536132812500000,  64,  1428.56
best-500000-1,11.737792968750000000, 9.888916015625000000,  , 0.983276367187500000,  64,  1355.26
best-500000-1,12.747436523437500000, 10.746826171875000000,  , 1.049072265625000000,  64,  1452.17
best-500000-1,12.798706054687500000, 10.815856933593750000,  , 1.049438476562500000,  64,  1452.06
best-500000-1,11.909301757812500000, 10.014099121093750000,  , 0.994079589843750000,  63,  1391.18
best-500000-1,11.847900390625000000, 9.989074707031250000,  , 0.976013183593750000,  62,  1363.15
best-500000-1,12.441528320312500000, 10.511657714843750000,  , 1.015869140625000000,  62,  1404.62
best-500000-1,12.264160156250000000, 10.327209472656250000,  , 1.001708984375000000,  62,  1430.48
best-500000-1,12.101867675781250000, 10.186035156250000000,  , 1.013793945312500000,  62,  1394.02
best-500000-1,11.949951171875000000, 10.038391113281250000,  , 0.992370605468750000,  62,  1403.64
best-500000-1,11.570617675781250000, 9.709838867187500000,  , 0.969055175781250000,  62,  1364.52
best-500000-1,12.296508789062500000, 10.380981445312500000,  , 1.003112792968750000,  62,  1404.3
best-500000-1,11.780517578125000000, 9.917724609375000000,  , 0.968261718750000000,  62,  1371.85
best-500000-1,12.449829101562500000, 10.489074707031250000,  , 0.998291015625000000,  63,  1455.49
best-500000-1,12.326354980468750000, 10.380371093750000000,  , 1.039123535156250000,  63,  1471.92
best-500000-1,12.379272460937500000, 10.437744140625000000,  , 1.032958984375000000,  62,  1404.66
best-600000-1,13.305603027343750000, 11.145507812500000000,  , 1.221008300781250000,  62,  1560.34
best-600000-1,13.199645996093750000, 11.099365234375000000,  , 1.190856933593750000,  63,  1518.12
best-600000-1,13.299499511718750000, 11.164428710937500000,  , 1.201171875000000000,  64,  1536.18
best-600000-1,13.252990722656250000, 11.113586425781250000,  , 1.206665039062500000,  64,  1554.82
best-600000-1,13.228210449218750000, 11.094238281250000000,  , 1.202819824218750000,  64,  1519.62
best-600000-1,13.433044433593750000, 11.255371093750000000,  , 1.212829589843750000,  64,  1553.4
best-600000-1,13.316650390625000000, 11.186523437500000000,  , 1.203552246093750000,  63,  1547.01
best-600000-1,13.290588378906250000, 11.170898437500000000,  , 1.203735351562500000,  63,  1519.11
best-600000-1,13.430847167968750000, 11.305603027343750000,  , 1.224426269531250000,  62,  1532.22
best-600000-1,13.575256347656250000, 11.404357910156250000,  , 1.221435546875000000,  62,  1561.47
best-600000-1,13.328674316406250000, 11.167236328125000000,  , 1.210510253906250000,  61,  1562.67
best-600000-1,13.255187988281250000, 11.092224121093750000,  , 1.209472656250000000,  62,  1582.93
best-600000-1,13.429687500000000000, 11.252441406250000000,  , 1.216308593750000000,  62,  1554.87
best-600000-1,13.446594238281250000, 11.293762207031250000,  , 1.214904785156250000,  63,  1558.33
best-600000-1,13.572814941406250000, 11.416381835937500000,  , 1.230224609375000000,  64,  1544.47
best-600000-1,13.367492675781250000, 11.218322753906250000,  , 1.209960937500000000,  64,  1550.47
best-600000-1,13.527038574218750000, 11.377929687500000000,  , 1.221252441406250000,  64,  1542.6
best-600000-1,13.792236328125000000, 11.602355957031250000,  , 1.248413085937500000,  64,  1558.79
best-600000-1,13.295532226562500000, 11.131958007812500000,  , 1.213378906250000000,  64,  1559.83
best-600000-1,13.583740234375000000, 11.408264160156250000,  , 1.222839355468750000,  64,  1573.93
best-600000-1,13.210571289062500000, 11.100280761718750000,  , 1.201477050781250000,  64,  1506.71
best-600000-1,13.650878906250000000, 11.516967773437500000,  , 1.241516113281250000,  64,  1541.43
best-600000-1,13.197998046875000000, 11.071777343750000000,  , 1.198425292968750000,  64,  1525.65
best-600000-1,13.727600097656250000, 11.582885742187500000,  , 1.246093750000000000,  63,  1543.79
best-600000-1,13.329284667968750000, 11.170471191406250000,  , 1.204162597656250000,  63,  1545.42
best-600000-1,13.288574218750000000, 11.164733886718750000,  , 1.199707031250000000,  63,  1538.19
best-600000-1,13.660583496093750000, 11.481994628906250000,  , 1.239624023437500000,  63,  1549.99
best-600000-1,13.501708984375000000, 11.366943359375000000,  , 1.221862792968750000,  63,  1547.02
best-600000-1,13.615844726562500000, 11.386352539062500000,  , 1.244689941406250000,  63,  1625.95
best-600000-1,13.378540039062500000, 11.226013183593750000,  , 1.201660156250000000,  63,  1558.59
best-700000-1,14.770446777343750000, 12.334594726562500000,  , 1.435852050781250000,  64,  1739.33
best-700000-1,15.088378906250000000, 12.613891601562500000,  , 1.442687988281250000,  64,  1790.53
best-700000-1,14.980346679687500000, 12.531127929687500000,  , 1.435058593750000000,  64,  1757.25
best-700000-1,15.097534179687500000, 12.609191894531250000,  , 1.467285156250000000,  65,  1763.15
best-700000-1,14.944152832031250000, 12.528869628906250000,  , 1.440185546875000000,  64,  1720.06
best-700000-1,14.966674804687500000, 12.476867675781250000,  , 1.442016601562500000,  63,  1783.17
best-700000-1,15.165527343750000000, 12.707214355468750000,  , 1.443603515625000000,  62,  1753.19
best-700000-1,14.812561035156250000, 12.383300781250000000,  , 1.422363281250000000,  63,  1753.27
best-700000-1,15.156005859375000000, 12.686584472656250000,  , 1.463134765625000000,  63,  1748.21
best-700000-1,15.451904296875000000, 12.955871582031250000,  , 1.479431152343750000,  63,  1781.58
best-700000-1,15.351379394531250000, 12.866699218750000000,  , 1.476501464843750000,  63,  1753.5
best-700000-1,15.023254394531250000, 12.576843261718750000,  , 1.458190917968750000,  63,  1724.9
best-700000-1,15.160644531250000000, 12.716857910156250000,  , 1.458862304687500000,  63,  1741.99
best-700000-1,15.143249511718750000, 12.688171386718750000,  , 1.458801269531250000,  63,  1735.6
best-700000-1,14.893371582031250000, 12.453857421875000000,  , 1.433166503906250000,  62,  1726.76
best-700000-1,14.849975585937500000, 12.446838378906250000,  , 1.426086425781250000,  63,  1716.95
best-700000-1,14.646423339843750000, 12.242187500000000000,  , 1.426208496093750000,  63,  1694.55
best-700000-1,15.141723632812500000, 12.656738281250000000,  , 1.454284667968750000,  63,  1784.81
best-700000-1,15.245849609375000000, 12.796447753906250000,  , 1.467834472656250000,  62,  1737.27
best-700000-1,14.933044433593750000, 12.483825683593750000,  , 1.442199707031250000,  62,  1738.36
best-700000-1,15.018676757812500000, 12.549499511718750000,  , 1.445068359375000000,  62,  1764.5
best-700000-1,14.829833984375000000, 12.379150390625000000,  , 1.444580078125000000,  62,  1732.62
best-700000-1,14.622314453125000000, 12.230346679687500000,  , 1.417419433593750000,  62,  1704.54
best-700000-1,14.964965820312500000, 12.494079589843750000,  , 1.435974121093750000,  63,  1764.49
best-700000-1,14.890197753906250000, 12.460754394531250000,  , 1.429382324218750000,  63,  1744.05
best-700000-1,14.889221191406250000, 12.458618164062500000,  , 1.441223144531250000,  65,  1722.1
best-700000-1,15.041809082031250000, 12.607910156250000000,  , 1.451416015625000000,  64,  1732.65
best-700000-1,15.517639160156250000, 12.977416992187500000,  , 1.495117187500000000,  65,  1817.66
best-700000-1,14.769775390625000000, 12.328002929687500000,  , 1.435485839843750000,  65,  1751.45
best-700000-1,14.751525878906250000, 12.341186523437500000,  , 1.423278808593750000,  65,  1726.02
best-800000-1,16.881652832031250000, 14.054870605468750000,  , 1.697753906250000000,  63,  2018.56
best-800000-1,16.767883300781250000, 13.961364746093750000,  , 1.673278808593750000,  64,  1994.62
best-800000-1,16.595886230468750000, 13.882568359375000000,  , 1.656127929687500000,  63,  1932.29
best-800000-1,16.787170410156250000, 14.026794433593750000,  , 1.673828125000000000,  64,  1961.72
best-800000-1,16.618835449218750000, 13.819824218750000000,  , 1.664367675781250000,  64,  2000.25
best-800000-1,16.841674804687500000, 14.065002441406250000,  , 1.683288574218750000,  63,  1972.42
best-800000-1,16.581420898437500000, 13.848388671875000000,  , 1.663818359375000000,  63,  1930.41
best-800000-1,16.611206054687500000, 13.872985839843750000,  , 1.663024902343750000,  62,  1948.44
best-800000-1,16.578125000000000000, 13.800598144531250000,  , 1.667480468750000000,  62,  1986.71
best-800000-1,16.682861328125000000, 13.900268554687500000,  , 1.676086425781250000,  62,  1972.07
best-800000-1,16.608032226562500000, 13.822570800781250000,  , 1.667358398437500000,  62,  1975.31
best-800000-1,16.554504394531250000, 13.820007324218750000,  , 1.658630371093750000,  63,  1945.52
best-800000-1,16.723022460937500000, 13.948181152343750000,  , 1.665710449218750000,  63,  1975.98
best-800000-1,16.446716308593750000, 13.753967285156250000,  , 1.646972656250000000,  63,  1923.51
best-800000-1,16.934387207031250000, 14.145446777343750000,  , 1.691833496093750000,  63,  1965.33
best-800000-1,17.249755859375000000, 14.410278320312500000,  , 1.721069335937500000,  63,  2020.46
best-800000-1,16.384460449218750000, 13.655395507812500000,  , 1.645935058593750000,  63,  1953.67
best-800000-1,16.675415039062500000, 13.906005859375000000,  , 1.666748046875000000,  63,  1966.01
best-800000-1,16.945190429687500000, 14.144836425781250000,  , 1.696044921875000000,  64,  1990.99
best-800000-1,16.621826171875000000, 13.854858398437500000,  , 1.662048339843750000,  65,  1983.41
best-800000-1,16.622741699218750000, 13.850158691406250000,  , 1.666320800781250000,  64,  1979.59
best-800000-1,16.653015136718750000, 13.853271484375000000,  , 1.672363281250000000,  65,  1990.1
best-800000-1,17.082946777343750000, 14.223632812500000000,  , 1.711120605468750000,  63,  2044.57
best-800000-1,16.601318359375000000, 13.875854492187500000,  , 1.661010742187500000,  64,  1935.89
best-800000-1,16.576110839843750000, 13.809204101562500000,  , 1.663940429687500000,  65,  1968.04
best-800000-1,16.844238281250000000, 14.051757812500000000,  , 1.689208984375000000,  63,  1978.12
best-800000-1,16.597961425781250000, 13.858276367187500000,  , 1.660156250000000000,  64,  1963.15
best-800000-1,16.562683105468750000, 13.805480957031250000,  , 1.665832519531250000,  64,  1980.7
best-800000-1,16.566650390625000000, 13.741210937500000000,  , 1.684265136718750000,  63,  2030.45
best-800000-1,16.532470703125000000, 13.779052734375000000,  , 1.662109375000000000,  64,  1964.95
best-900000-1,18.273376464843750000, 15.224853515625000000,  , 1.894287109375000000,  64,  2159.91
best-900000-1,18.237731933593750000, 15.176269531250000000,  , 1.900756835937500000,  63,  2160.07
best-900000-1,18.238830566406250000, 15.180053710937500000,  , 1.889892578125000000,  63,  2182.49
best-900000-1,17.940673828125000000, 14.938903808593750000,  , 1.857788085937500000,  62,  2148.17
best-900000-1,18.313293457031250000, 15.226135253906250000,  , 1.916931152343750000,  62,  2173.8
best-900000-1,18.219360351562500000, 15.192810058593750000,  , 1.884582519531250000,  63,  2164.63
best-900000-1,18.351440429687500000, 15.297546386718750000,  , 1.906921386718750000,  63,  2177.74
best-900000-1,18.198730468750000000, 15.145935058593750000,  , 1.885925292968750000,  63,  2162.11
best-900000-1,18.495727539062500000, 15.375122070312500000,  , 1.922058105468750000,  64,  2215.09
best-900000-1,18.364746093750000000, 15.290405273437500000,  , 1.900268554687500000,  64,  2200.67
best-900000-1,18.351074218750000000, 15.268920898437500000,  , 1.914672851562500000,  61,  2173.01
best-900000-1,17.882629394531250000, 14.860229492187500000,  , 1.863647460937500000,  62,  2156.89
best-900000-1,18.115478515625000000, 15.066467285156250000,  , 1.882324218750000000,  62,  2186.89
best-900000-1,18.383972167968750000, 15.279846191406250000,  , 1.905944824218750000,  62,  2208.71
best-900000-1,18.140563964843750000, 15.064025878906250000,  , 1.894775390625000000,  62,  2185.54
best-900000-1,18.223632812500000000, 15.162414550781250000,  , 1.884277343750000000,  62,  2188.2
best-900000-1,18.187744140625000000, 15.164855957031250000,  , 1.885498046875000000,  63,  2147.25
best-900000-1,18.755615234375000000, 15.611694335937500000,  , 1.943908691406250000,  64,  2216.65
best-900000-1,18.126281738281250000, 15.092895507812500000,  , 1.890136718750000000,  65,  2160.02
best-900000-1,17.992065429687500000, 14.993896484375000000,  , 1.867187500000000000,  64,  2127.41
best-900000-1,18.412536621093750000, 15.326660156250000000,  , 1.914001464843750000,  64,  2190.28
best-900000-1,18.239685058593750000, 15.179016113281250000,  , 1.892700195312500000,  65,  2193.34
best-900000-1,18.406005859375000000, 15.331420898437500000,  , 1.894226074218750000,  65,  2188.77
best-900000-1,18.183105468750000000, 15.133117675781250000,  , 1.897277832031250000,  65,  2159.43
best-900000-1,18.194702148437500000, 15.178649902343750000,  , 1.882507324218750000,  65,  2158.12
best-900000-1,18.042114257812500000, 15.016540527343750000,  , 1.892395019531250000,  63,  2126.47
best-900000-1,18.062255859375000000, 15.017761230468750000,  , 1.885192871093750000,  62,  2174.32
best-900000-1,18.282714843750000000, 15.204101562500000000,  , 1.898193359375000000,  62,  2212.85
best-900000-1,18.545532226562500000, 15.415161132812500000,  , 1.927856445312500000,  62,  2240.31
best-900000-1,17.976623535156250000, 14.955627441406250000,  , 1.888854980468750000,  62,  2138.8
best-1000000-1,20.411865234375000000, 16.952758789062500000,  , 2.136230468750000000,  63,  2470.06
best-1000000-1,20.038208007812500000, 16.691894531250000000,  , 2.141601562500000000,  65,  2343.85
best-1000000-1,20.522094726562500000, 17.098510742187500000,  , 2.132019042968750000,  64,  2424.52
best-1000000-1,19.791015625000000000, 16.419006347656250000,  , 2.115539550781250000,  65,  2389.73
best-1000000-1,20.945129394531250000, 17.461730957031250000,  , 2.172912597656250000,  65,  2447.62
best-1000000-1,20.472778320312500000, 17.062500000000000000,  , 2.121765136718750000,  65,  2415.39
best-1000000-1,20.664123535156250000, 17.223632812500000000,  , 2.155700683593750000,  65,  2429.52
best-1000000-1,19.642028808593750000, 16.333496093750000000,  , 2.094604492187500000,  64,  2333.32
best-1000000-1,19.712341308593750000, 16.383056640625000000,  , 2.103271484375000000,  64,  2349.59
best-1000000-1,19.402221679687500000, 16.106811523437500000,  , 2.086791992187500000,  63,  2338.17
best-1000000-1,19.827514648437500000, 16.492309570312500000,  , 2.106201171875000000,  64,  2339.01
best-1000000-1,19.893127441406250000, 16.545471191406250000,  , 2.120971679687500000,  64,  2364.3
best-1000000-1,19.650268554687500000, 16.318237304687500000,  , 2.099792480468750000,  64,  2340.07
best-1000000-1,19.419189453125000000, 16.125915527343750000,  , 2.093078613281250000,  64,  2327.01
best-1000000-1,19.455505371093750000, 16.183959960937500000,  , 2.091064453125000000,  63,  2306.23
best-1000000-1,19.380310058593750000, 16.083618164062500000,  , 2.079711914062500000,  61,  2328.16
best-1000000-1,19.610778808593750000, 16.307861328125000000,  , 2.093872070312500000,  61,  2340.14
best-1000000-1,19.522705078125000000, 16.189025878906250000,  , 2.101684570312500000,  61,  2355.72
best-1000000-1,19.701965332031250000, 16.430297851562500000,  , 2.088012695312500000,  63,  2315.74
best-1000000-1,19.631469726562500000, 16.329528808593750000,  , 2.094970703125000000,  63,  2333.44
best-1000000-1,19.930541992187500000, 16.564208984375000000,  , 2.137268066406250000,  63,  2378.66
best-1000000-1,19.278930664062500000, 15.979919433593750000,  , 2.082458496093750000,  64,  2312.43
best-1000000-1,19.624572753906250000, 16.316589355468750000,  , 2.093750000000000000,  62,  2338.53
best-1000000-1,19.554138183593750000, 16.233886718750000000,  , 2.094055175781250000,  62,  2347.58
best-1000000-1,19.758728027343750000, 16.411682128906250000,  , 2.105163574218750000,  61,  2369.82
best-1000000-1,19.447387695312500000, 16.158020019531250000,  , 2.081726074218750000,  63,  2322.51
best-1000000-1,20.082885742187500000, 16.762145996093750000,  , 2.136169433593750000,  63,  2350.89
best-1000000-1,20.091369628906250000, 16.698486328125000000,  , 2.152587890625000000,  64,  2369.04
best-1000000-1,19.484802246093750000, 16.152893066406250000,  , 2.089660644531250000,  65,  2379.41
best-1000000-1,20.487915039062500000, 17.031677246093750000,  , 2.141296386718750000,  65,  2441.07
worst-25000-1,299.521789550781250000, 233.967285156250000000,  , 53.311157226562500000,  59,  40190.1
worst-25000-1,298.066101074218750000, 232.731079101562500000,  , 53.108459472656250000,  58,  40049.4
worst-25000-1,298.030883789062500000, 232.740112304687500000,  , 53.163330078125000000,  58,  40032.1
worst-25000-1,297.661437988281250000, 232.453613281250000000,  , 53.096008300781250000,  58,  39988.1
worst-25000-1,298.493591308593750000, 233.264160156250000000,  , 53.099487304687500000,  59,  40006
worst-25000-1,299.264221191406250000, 233.934631347656250000,  , 53.229125976562500000,  58,  40076.9
worst-25000-1,296.803710937500000000, 231.454833984375000000,  , 53.211303710937500000,  57,  40105
worst-25000-1,298.681213378906250000, 233.586791992187500000,  , 53.042846679687500000,  59,  39954.8
worst-25000-1,299.328857421875000000, 233.931701660156250000,  , 53.276306152343750000,  58,  40174.5
worst-25000-1,298.592956542968750000, 233.248474121093750000,  , 53.206665039062500000,  58,  40120.3
worst-25000-1,297.930786132812500000, 232.718811035156250000,  , 53.122192382812500000,  59,  40045.2
worst-25000-1,299.035156250000000000, 233.766906738281250000,  , 53.191589355468750000,  60,  40070.5
worst-25000-1,298.761901855468750000, 233.506042480468750000,  , 53.171508789062500000,  58,  40083.1
worst-25000-1,297.680603027343750000, 232.500183105468750000,  , 53.126220703125000000,  58,  40045.9
worst-25000-1,296.984802246093750000, 231.615295410156250000,  , 53.219116210937500000,  58,  40155.2
worst-25000-1,297.566772460937500000, 232.349853515625000000,  , 53.182128906250000000,  58,  40078.4
worst-25000-1,296.983886718750000000, 231.943908691406250000,  , 53.018005371093750000,  57,  39920
worst-25000-1,298.541748046875000000, 233.319702148437500000,  , 53.178649902343750000,  58,  40064.1
worst-25000-1,297.904113769531250000, 232.803405761718750000,  , 53.065429687500000000,  58,  40014.5
worst-25000-1,299.470214843750000000, 234.334228515625000000,  , 53.123840332031250000,  58,  39968.9
worst-25000-1,298.899536132812500000, 233.671691894531250000,  , 53.184936523437500000,  59,  40044.2
worst-25000-1,298.869567871093750000, 233.631469726562500000,  , 53.137329101562500000,  60,  40068.6
worst-25000-1,299.925109863281250000, 234.575500488281250000,  , 53.237365722656250000,  60,  40184.3
worst-25000-1,298.329956054687500000, 233.211425781250000000,  , 53.071838378906250000,  59,  39968.9
worst-25000-1,298.921691894531250000, 233.633483886718750000,  , 53.228576660156250000,  57,  40113.2
worst-25000-1,297.689941406250000000, 232.453186035156250000,  , 53.094909667968750000,  57,  40055.7
worst-25000-1,296.994018554687500000, 231.581481933593750000,  , 53.287536621093750000,  57,  40208.4
worst-25000-1,300.788269042968750000, 235.335754394531250000,  , 53.329406738281250000,  61,  40242.8
worst-25000-1,298.861572265625000000, 233.556579589843750000,  , 53.233703613281250000,  58,  40155.5
worst-25000-1,298.309387207031250000, 233.001525878906250000,  , 53.246582031250000000,  60,  40122
worst-50000-1,304.402038574218750000, 237.378601074218750000,  , 54.371215820312500000,  57,  41358.7
worst-50000-1,305.236572265625000000, 238.248657226562500000,  , 54.324279785156250000,  59,  41357.3
worst-50000-1,304.878662109375000000, 237.843261718750000000,  , 54.351318359375000000,  58,  41359.7
worst-50000-1,306.474304199218750000, 239.436462402343750000,  , 54.373474121093750000,  61,  41374.3
worst-50000-1,304.834289550781250000, 237.784545898437500000,  , 54.366210937500000000,  57,  41372.8
worst-50000-1,305.520874023437500000, 238.408630371093750000,  , 54.408935546875000000,  58,  41411.9
worst-50000-1,306.031372070312500000, 238.897644042968750000,  , 54.421325683593750000,  58,  41422.8
worst-50000-1,304.948181152343750000, 237.767761230468750000,  , 54.435424804687500000,  57,  41511.2
worst-50000-1,305.252136230468750000, 238.133789062500000000,  , 54.419860839843750000,  59,  41448.9
worst-50000-1,305.717956542968750000, 238.410339355468750000,  , 54.589233398437500000,  57,  41571.3
worst-50000-1,304.828063964843750000, 237.723876953125000000,  , 54.416748046875000000,  57,  41414.1
worst-50000-1,303.734924316406250000, 236.691101074218750000,  , 54.334899902343750000,  57,  41431.7
worst-50000-1,304.023010253906250000, 237.050537109375000000,  , 54.378662109375000000,  57,  41379
worst-50000-1,304.993103027343750000, 237.969909667968750000,  , 54.363403320312500000,  58,  41383.1
worst-50000-1,307.065185546875000000, 239.993103027343750000,  , 54.411254882812500000,  58,  41402.1
worst-50000-1,304.769714355468750000, 237.679443359375000000,  , 54.344482421875000000,  61,  41412.9
worst-50000-1,305.103698730468750000, 238.008728027343750000,  , 54.421081542968750000,  58,  41421.5
worst-50000-1,306.631225585937500000, 239.489929199218750000,  , 54.412353515625000000,  58,  41476.1
worst-50000-1,304.771362304687500000, 237.776306152343750000,  , 54.336975097656250000,  59,  41378.3
worst-50000-1,304.283020019531250000, 237.169616699218750000,  , 54.415100097656250000,  56,  41454.1
worst-50000-1,304.103515625000000000, 236.948242187500000000,  , 54.405273437500000000,  58,  41460.4
worst-50000-1,304.735351562500000000, 237.521057128906250000,  , 54.414794921875000000,  58,  41423.3
worst-50000-1,305.385803222656250000, 238.153259277343750000,  , 54.390502929687500000,  59,  41408.2
worst-50000-1,304.200012207031250000, 236.951171875000000000,  , 54.366577148437500000,  57,  41396.5
worst-50000-1,304.712585449218750000, 237.484802246093750000,  , 54.409851074218750000,  58,  41446.8
worst-50000-1,304.632873535156250000, 237.532714843750000000,  , 54.389221191406250000,  58,  41387.7
worst-50000-1,305.115844726562500000, 237.993347167968750000,  , 54.394470214843750000,  58,  41432.2
worst-50000-1,303.560974121093750000, 236.590148925781250000,  , 54.318908691406250000,  57,  41346.5
worst-50000-1,305.363586425781250000, 238.277587890625000000,  , 54.381347656250000000,  58,  41437.7
worst-50000-1,305.585876464843750000, 238.468750000000000000,  , 54.389770507812500000,  61,  41440.5
worst-75000-1,312.010009765625000000, 243.195983886718750000,  , 55.478149414062500000,  58,  42680.1
worst-75000-1,312.418334960937500000, 243.590759277343750000,  , 55.505249023437500000,  59,  42695.3
worst-75000-1,312.562988281250000000, 243.623657226562500000,  , 55.497375488281250000,  58,  42789.9
worst-75000-1,314.335998535156250000, 245.457702636718750000,  , 55.516540527343750000,  60,  42722.8
worst-75000-1,312.709106445312500000, 243.739440917968750000,  , 55.541015625000000000,  58,  42759.2
worst-75000-1,312.302368164062500000, 243.469482421875000000,  , 55.501220703125000000,  58,  42705.5
worst-75000-1,312.280822753906250000, 243.378784179687500000,  , 55.551147460937500000,  57,  42780.2
worst-75000-1,313.674804687500000000, 244.823608398437500000,  , 55.523620605468750000,  58,  42717.2
worst-75000-1,312.134338378906250000, 243.353088378906250000,  , 55.488769531250000000,  57,  42716.4
worst-75000-1,314.478698730468750000, 245.500732421875000000,  , 55.588928222656250000,  59,  42829.2
worst-75000-1,312.476196289062500000, 243.510986328125000000,  , 55.549743652343750000,  57,  42824.8
worst-75000-1,312.644897460937500000, 243.749511718750000000,  , 55.558227539062500000,  58,  42749.9
worst-75000-1,311.537414550781250000, 242.684204101562500000,  , 55.499328613281250000,  57,  42730.2
worst-75000-1,311.603637695312500000, 242.789978027343750000,  , 55.518066406250000000,  58,  42700.5
worst-75000-1,313.918762207031250000, 245.048583984375000000,  , 55.555908203125000000,  61,  42763.2
worst-75000-1,312.244445800781250000, 243.463195800781250000,  , 55.474243164062500000,  59,  42714.5
worst-75000-1,313.456909179687500000, 244.521240234375000000,  , 55.510925292968750000,  58,  42819.1
worst-75000-1,312.674621582031250000, 243.809265136718750000,  , 55.577575683593750000,  61,  42735.3
worst-75000-1,315.074829101562500000, 246.062072753906250000,  , 55.616027832031250000,  58,  42880.1
worst-75000-1,312.353759765625000000, 243.492492675781250000,  , 55.543579101562500000,  58,  42729
worst-75000-1,312.379821777343750000, 243.493652343750000000,  , 55.551940917968750000,  57,  42768.9
worst-75000-1,311.736633300781250000, 242.854736328125000000,  , 55.543640136718750000,  56,  42749.2
worst-75000-1,312.297119140625000000, 243.412048339843750000,  , 55.506652832031250000,  57,  42702.8
worst-75000-1,312.080749511718750000, 243.162170410156250000,  , 55.484252929687500000,  58,  42748.5
worst-75000-1,312.106567382812500000, 243.221923828125000000,  , 55.453979492187500000,  58,  42677.7
worst-75000-1,311.655334472656250000, 242.724426269531250000,  , 55.534912109375000000,  57,  42748
worst-75000-1,312.034057617187500000, 243.113464355468750000,  , 55.567016601562500000,  57,  42771.1
worst-75000-1,312.753051757812500000, 243.918029785156250000,  , 55.492431640625000000,  58,  42774.4
worst-75000-1,311.893981933593750000, 243.049011230468750000,  , 55.474975585937500000,  58,  42749.3
worst-75000-1,311.822021484375000000, 243.089599609375000000,  , 55.424072265625000000,  58,  42663.2
worst-100000-1,316.108276367187500000, 245.550537109375000000,  , 56.509277343750000000,  57,  43980.7
worst-100000-1,316.084777832031250000, 245.390441894531250000,  , 56.683349609375000000,  57,  44129.4
worst-100000-1,316.894104003906250000, 246.114746093750000000,  , 56.698547363281250000,  58,  44147.6
worst-100000-1,316.668945312500000000, 245.853576660156250000,  , 56.712158203125000000,  59,  44180.8
worst-100000-1,316.033996582031250000, 245.111328125000000000,  , 56.754638671875000000,  57,  44186.4
worst-100000-1,316.454833984375000000, 245.664306640625000000,  , 56.635864257812500000,  57,  44108.1
worst-100000-1,317.495239257812500000, 246.850219726562500000,  , 56.580444335937500000,  57,  43995.3
worst-100000-1,317.229064941406250000, 246.405029296875000000,  , 56.671752929687500000,  57,  44090.1
worst-100000-1,316.951782226562500000, 246.015197753906250000,  , 56.754699707031250000,  57,  44189.5
worst-100000-1,316.898376464843750000, 246.035583496093750000,  , 56.667236328125000000,  59,  44128.5
worst-100000-1,317.940246582031250000, 247.161254882812500000,  , 56.627807617187500000,  59,  44068.8
worst-100000-1,317.677062988281250000, 246.895874023437500000,  , 56.599182128906250000,  58,  44061.7
worst-100000-1,317.914916992187500000, 247.145263671875000000,  , 56.596069335937500000,  61,  44041.4
worst-100000-1,316.657287597656250000, 245.976867675781250000,  , 56.601562500000000000,  59,  44035.3
worst-100000-1,316.228759765625000000, 245.633056640625000000,  , 56.585693359375000000,  57,  44008.9
worst-100000-1,316.732971191406250000, 246.180969238281250000,  , 56.565490722656250000,  56,  44024.4
worst-100000-1,316.602294921875000000, 245.938110351562500000,  , 56.636474609375000000,  56,  44058.4
worst-100000-1,316.123352050781250000, 245.516906738281250000,  , 56.597534179687500000,  58,  44012.6
worst-100000-1,315.544921875000000000, 244.931518554687500000,  , 56.597412109375000000,  57,  44022.6
worst-100000-1,316.394409179687500000, 245.634338378906250000,  , 56.659118652343750000,  58,  44079
worst-100000-1,316.106689453125000000, 245.491516113281250000,  , 56.494323730468750000,  57,  43968.5
worst-100000-1,318.205627441406250000, 247.420104980468750000,  , 56.639587402343750000,  58,  44081.8
worst-100000-1,317.015930175781250000, 246.274047851562500000,  , 56.621337890625000000,  58,  44043.9
worst-100000-1,318.205627441406250000, 247.411254882812500000,  , 56.682189941406250000,  58,  44102.2
worst-100000-1,316.180053710937500000, 245.503417968750000000,  , 56.619934082031250000,  57,  44041
worst-100000-1,318.117614746093750000, 247.451965332031250000,  , 56.634033203125000000,  56,  44065.6
worst-100000-1,316.691955566406250000, 246.027099609375000000,  , 56.605529785156250000,  57,  44045.5
worst-100000-1,317.213928222656250000, 246.608825683593750000,  , 56.533752441406250000,  57,  44015.3
worst-100000-1,316.487792968750000000, 245.831359863281250000,  , 56.625061035156250000,  58,  44100.5
worst-100000-1,318.108093261718750000, 247.488281250000000000,  , 56.594848632812500000,  58,  44072.1
worst-200000-1,332.954895019531250000, 253.569335937500000000,  , 61.658569335937500000,  57,  50350.8
worst-200000-1,333.756347656250000000, 254.240051269531250000,  , 61.800964355468750000,  56,  50382.7
worst-200000-1,332.700195312500000000, 253.279418945312500000,  , 61.781738281250000000,  56,  50350.5
worst-200000-1,332.679260253906250000, 253.413574218750000000,  , 61.656494140625000000,  55,  50299.2
worst-200000-1,332.283264160156250000, 253.046508789062500000,  , 61.625610351562500000,  55,  50298
worst-200000-1,332.976318359375000000, 253.617553710937500000,  , 61.777343750000000000,  55,  50373.6
worst-200000-1,332.342773437500000000, 253.171020507812500000,  , 61.662780761718750000,  55,  50223.6
worst-200000-1,331.360229492187500000, 251.988586425781250000,  , 61.755554199218750000,  55,  50390.5
worst-200000-1,329.906799316406250000, 250.509826660156250000,  , 61.715820312500000000,  55,  50436.5
worst-200000-1,332.173950195312500000, 252.876098632812500000,  , 61.750671386718750000,  55,  50351
worst-200000-1,332.222778320312500000, 252.910827636718750000,  , 61.685363769531250000,  55,  50371.2
worst-200000-1,332.953430175781250000, 253.457824707031250000,  , 61.840209960937500000,  55,  50504.8
worst-200000-1,332.605712890625000000, 253.296020507812500000,  , 61.781433105468750000,  56,  50361.5
worst-200000-1,333.229675292968750000, 253.861816406250000000,  , 61.762451171875000000,  55,  50391.4
worst-200000-1,331.986633300781250000, 252.790344238281250000,  , 61.661743164062500000,  55,  50270.7
worst-200000-1,332.715087890625000000, 253.296386718750000000,  , 61.808471679687500000,  55,  50443.6
worst-200000-1,332.142211914062500000, 253.007141113281250000,  , 61.593444824218750000,  54,  50241.1
worst-200000-1,332.710144042968750000, 253.519104003906250000,  , 61.645141601562500000,  55,  50284.9
worst-200000-1,332.273864746093750000, 252.999023437500000000,  , 61.727539062500000000,  55,  50352.5
worst-200000-1,332.588500976562500000, 253.407592773437500000,  , 61.708740234375000000,  55,  50320.3
worst-200000-1,333.563781738281250000, 254.432617187500000000,  , 61.723632812500000000,  56,  50311.1
worst-200000-1,332.559143066406250000, 253.115783691406250000,  , 61.930725097656250000,  55,  50454.6
worst-200000-1,333.352966308593750000, 254.170959472656250000,  , 61.732543945312500000,  57,  50299.2
worst-200000-1,335.016296386718750000, 255.758605957031250000,  , 61.731323242187500000,  56,  50364.5
worst-200000-1,333.451477050781250000, 254.060058593750000000,  , 61.781433105468750000,  55,  50444
worst-200000-1,333.100219726562500000, 253.676940917968750000,  , 61.789611816406250000,  54,  50407.7
worst-200000-1,333.261596679687500000, 253.687683105468750000,  , 61.868408203125000000,  55,  50494.3
worst-200000-1,332.958740234375000000, 253.500183105468750000,  , 61.822265625000000000,  57,  50459.4
worst-200000-1,333.251281738281250000, 253.898864746093750000,  , 61.728149414062500000,  55,  50374.1
worst-200000-1,332.829467773437500000, 253.440612792968750000,  , 61.715698242187500000,  55,  50402.1
worst-300000-1,347.782592773437500000, 258.382446289062500000,  , 67.923095703125000000,  53,  57811
worst-300000-1,347.488769531250000000, 258.499511718750000000,  , 67.694946289062500000,  55,  57612.2
worst-300000-1,348.233093261718750000, 259.248840332031250000,  , 67.704772949218750000,  53,  57608.3
worst-300000-1,348.984130859375000000, 259.618225097656250000,  , 67.943176269531250000,  54,  57982.6
worst-300000-1,348.184143066406250000, 259.206665039062500000,  , 67.824768066406250000,  55,  57654.5
worst-300000-1,346.386718750000000000, 257.500793457031250000,  , 67.638854980468750000,  53,  57628.4
worst-300000-1,347.133361816406250000, 258.114990234375000000,  , 67.909423828125000000,  53,  57666.7
worst-300000-1,347.908203125000000000, 258.620727539062500000,  , 68.039062500000000000,  53,  57840.6
worst-300000-1,347.907287597656250000, 259.118225097656250000,  , 67.664916992187500000,  53,  57553.3
worst-300000-1,346.973144531250000000, 258.164550781250000000,  , 67.683044433593750000,  53,  57563.6
worst-300000-1,348.189575195312500000, 259.389953613281250000,  , 67.681091308593750000,  54,  57544.9
worst-300000-1,347.933532714843750000, 259.182434082031250000,  , 67.732421875000000000,  55,  57521.3
worst-300000-1,347.720764160156250000, 258.920898437500000000,  , 67.789794921875000000,  53,  57556.7
worst-300000-1,346.432495117187500000, 257.718200683593750000,  , 67.601013183593750000,  54,  57521.6
worst-300000-1,346.928710937500000000, 258.239746093750000000,  , 67.578369140625000000,  53,  57511
worst-300000-1,346.405517578125000000, 257.522155761718750000,  , 67.702453613281250000,  53,  57690.3
worst-300000-1,346.504089355468750000, 257.745910644531250000,  , 67.615783691406250000,  53,  57595.5
worst-300000-1,347.693603515625000000, 258.707702636718750000,  , 67.818115234375000000,  53,  57743.6
worst-300000-1,346.423706054687500000, 257.622192382812500000,  , 67.750915527343750000,  53,  57627.2
worst-300000-1,347.336364746093750000, 258.615600585937500000,  , 67.741760253906250000,  53,  57533.3
worst-300000-1,347.052124023437500000, 258.162170410156250000,  , 67.789245605468750000,  53,  57682.7
worst-300000-1,347.257080078125000000, 258.742248535156250000,  , 67.466674804687500000,  53,  57400
worst-300000-1,346.990234375000000000, 258.198303222656250000,  , 67.681335449218750000,  53,  57612.5
worst-300000-1,346.518737792968750000, 257.755310058593750000,  , 67.630249023437500000,  53,  57546.5
worst-300000-1,348.119079589843750000, 259.281616210937500000,  , 67.822937011718750000,  55,  57610
worst-300000-1,348.063964843750000000, 259.300109863281250000,  , 67.753723144531250000,  53,  57587.6
worst-300000-1,347.540222167968750000, 258.952209472656250000,  , 67.584228515625000000,  53,  57457.3
worst-300000-1,347.428527832031250000, 258.653747558593750000,  , 67.684082031250000000,  54,  57671
worst-300000-1,346.527954101562500000, 257.538391113281250000,  , 67.775695800781250000,  53,  57766
worst-300000-1,346.137084960937500000, 257.453247070312500000,  , 67.576904296875000000,  53,  57546.8
worst-400000-1,364.395263671875000000, 265.189453125000000000,  , 74.051208496093750000,  52,  65322.5
worst-400000-1,364.428955078125000000, 265.646667480468750000,  , 73.948486328125000000,  52,  65086.1
worst-400000-1,363.073303222656250000, 264.477905273437500000,  , 73.664916992187500000,  51,  64992.4
worst-400000-1,364.313232421875000000, 265.286926269531250000,  , 74.119018554687500000,  52,  65273.3
worst-400000-1,365.545776367187500000, 266.226684570312500000,  , 74.342346191406250000,  52,  65400.4
worst-400000-1,364.137817382812500000, 265.032775878906250000,  , 74.131713867187500000,  51,  65314.6
worst-400000-1,363.843383789062500000, 265.061279296875000000,  , 73.909545898437500000,  51,  65073.1
worst-400000-1,363.552734375000000000, 264.414794921875000000,  , 74.135192871093750000,  51,  65287.3
worst-400000-1,363.942016601562500000, 265.000610351562500000,  , 74.021118164062500000,  51,  65254.1
worst-400000-1,363.700744628906250000, 265.214172363281250000,  , 73.807250976562500000,  51,  65008.5
worst-400000-1,363.284301757812500000, 264.430603027343750000,  , 74.009765625000000000,  51,  65219.7
worst-400000-1,363.105407714843750000, 264.726013183593750000,  , 73.788391113281250000,  51,  64926.4
worst-400000-1,363.988952636718750000, 265.070007324218750000,  , 74.041809082031250000,  51,  65152.5
worst-400000-1,363.083251953125000000, 264.461730957031250000,  , 73.799987792968750000,  51,  65036.2
worst-400000-1,363.512634277343750000, 264.711181640625000000,  , 73.985290527343750000,  51,  65149.2
worst-400000-1,361.936401367187500000, 263.389160156250000000,  , 73.783386230468750000,  51,  64946.7
worst-400000-1,362.665283203125000000, 263.835754394531250000,  , 73.917297363281250000,  51,  65212.3
worst-400000-1,361.983825683593750000, 263.304870605468750000,  , 73.856506347656250000,  51,  65149.4
worst-400000-1,363.823547363281250000, 264.355957031250000000,  , 74.403930664062500000,  51,  65573.7
worst-400000-1,363.725769042968750000, 264.981018066406250000,  , 74.037902832031250000,  51,  65140.8
worst-400000-1,363.957763671875000000, 265.059387207031250000,  , 74.025512695312500000,  51,  65268.4
worst-400000-1,363.554870605468750000, 264.658142089843750000,  , 74.021301269531250000,  51,  65221.3
worst-400000-1,363.609619140625000000, 264.561401367187500000,  , 74.073608398437500000,  51,  65379.6
worst-400000-1,364.567565917968750000, 265.583557128906250000,  , 74.140930175781250000,  51,  65189.3
worst-400000-1,363.114868164062500000, 264.567687988281250000,  , 73.742919921875000000,  51,  64982.9
worst-400000-1,364.175231933593750000, 265.085937500000000000,  , 74.417907714843750000,  51,  65276.1
worst-400000-1,363.175292968750000000, 264.554443359375000000,  , 73.806884765625000000,  51,  65043.8
worst-400000-1,363.612976074218750000, 264.899719238281250000,  , 73.866149902343750000,  51,  65101.9
worst-400000-1,362.664855957031250000, 264.274658203125000000,  , 73.640930175781250000,  51,  64957.5
worst-400000-1,364.543945312500000000, 265.920166015625000000,  , 73.854797363281250000,  51,  65117.6
worst-500000-1,384.178894042968750000, 274.034606933593750000,  , 80.842956542968750000,  53,  73337
worst-500000-1,385.561035156250000000, 275.705383300781250000,  , 80.291198730468750000,  53,  72885.1
worst-500000-1,386.666015625000000000, 276.084594726562500000,  , 80.358703613281250000,  55,  73042.4
worst-500000-1,384.832885742187500000, 274.692443847656250000,  , 80.455749511718750000,  52,  73063.6
worst-500000-1,384.303649902343750000, 274.622680664062500000,  , 80.536621093750000000,  51,  73002.8
worst-500000-1,383.611938476562500000, 274.258789062500000000,  , 80.260437011718750000,  51,  72827.4
worst-500000-1,383.189575195312500000, 273.638305664062500000,  , 80.366821289062500000,  52,  72961.5
worst-500000-1,385.031127929687500000, 274.947753906250000000,  , 80.465454101562500000,  54,  73023.2
worst-500000-1,384.673278808593750000, 274.638671875000000000,  , 80.099914550781250000,  53,  72685.3
worst-500000-1,384.442993164062500000, 275.042358398437500000,  , 80.175354003906250000,  51,  72788.8
worst-500000-1,384.071533203125000000, 274.274536132812500000,  , 80.465332031250000000,  51,  73008.4
worst-500000-1,384.290649414062500000, 274.530761718750000000,  , 80.230407714843750000,  54,  72995.6
worst-500000-1,383.763916015625000000, 273.957580566406250000,  , 80.212890625000000000,  52,  72913.4
worst-500000-1,383.625183105468750000, 273.959228515625000000,  , 80.508056640625000000,  51,  72983.5
worst-500000-1,383.969543457031250000, 274.137023925781250000,  , 80.458251953125000000,  52,  73169.8
worst-500000-1,384.355285644531250000, 274.353210449218750000,  , 80.369384765625000000,  54,  72929.3
worst-500000-1,384.385253906250000000, 274.736877441406250000,  , 80.118652343750000000,  52,  72767.4
worst-500000-1,383.716918945312500000, 274.174072265625000000,  , 80.296447753906250000,  51,  72888.9
worst-500000-1,383.275146484375000000, 273.717407226562500000,  , 80.319152832031250000,  51,  72956.3
worst-500000-1,383.180786132812500000, 273.608154296875000000,  , 80.343627929687500000,  51,  72974.6
worst-500000-1,384.109619140625000000, 274.207641601562500000,  , 80.722900390625000000,  54,  73075.6
worst-500000-1,385.725769042968750000, 275.276062011718750000,  , 80.550903320312500000,  53,  73080.7
worst-500000-1,383.451171875000000000, 273.882019042968750000,  , 80.483642578125000000,  51,  72926.4
worst-500000-1,382.839843750000000000, 273.574340820312500000,  , 80.142883300781250000,  51,  72833.6
worst-500000-1,382.406433105468750000, 272.959228515625000000,  , 80.553894042968750000,  52,  72892.9
worst-500000-1,382.783996582031250000, 273.481750488281250000,  , 80.366210937500000000,  52,  72893
worst-500000-1,383.786010742187500000, 273.993408203125000000,  , 80.239196777343750000,  54,  72834.9
worst-500000-1,385.019042968750000000, 274.960571289062500000,  , 80.434570312500000000,  53,  72903.3
worst-500000-1,383.432739257812500000, 274.032470703125000000,  , 80.374450683593750000,  51,  72947
worst-500000-1,383.002380371093750000, 273.452697753906250000,  , 80.468261718750000000,  51,  73085.7
worst-500000-1,382.046569824218750000, 272.714111328125000000,  , 80.446716308593750000,  52,  72879.2
worst-500000-1,383.712585449218750000, 273.814392089843750000,  , 80.479125976562500000,  53,  72952.5
worst-500000-1,385.360107421875000000, 274.975524902343750000,  , 80.292480468750000000,  54,  72896.6
worst-500000-1,383.761352539062500000, 273.987792968750000000,  , 80.483154296875000000,  52,  72969.2
worst-500000-1,383.852478027343750000, 274.307373046875000000,  , 80.475769042968750000,  51,  72956.7
worst-500000-1,383.453308105468750000, 273.848693847656250000,  , 80.476684570312500000,  51,  72974.3
worst-500000-1,383.225952148437500000, 273.745666503906250000,  , 80.470581054687500000,  51,  72925.7
worst-500000-1,382.564025878906250000, 273.126953125000000000,  , 80.437011718750000000,  51,  72932.2
worst-500000-1,384.324401855468750000, 274.266479492187500000,  , 80.541259765625000000,  54,  73062.5
worst-500000-1,384.846801757812500000, 274.738891601562500000,  , 80.482116699218750000,  52,  72945.5
worst-500000-1,384.101318359375000000, 274.592041015625000000,  , 80.458007812500000000,  52,  72923.3
worst-500000-1,382.690368652343750000, 272.929077148437500000,  , 80.531433105468750000,  51,  73097.7
worst-500000-1,384.300659179687500000, 274.411865234375000000,  , 80.668518066406250000,  52,  73067.7
worst-500000-1,384.760253906250000000, 274.566589355468750000,  , 80.600952148437500000,  54,  73051.9
worst-500000-1,384.793457031250000000, 274.498291015625000000,  , 80.445800781250000000,  52,  72986.9
worst-500000-1,383.770629882812500000, 274.050231933593750000,  , 80.457031250000000000,  51,  72990.6
worst-500000-1,382.931396484375000000, 273.414184570312500000,  , 80.376037597656250000,  51,  72838.9
worst-500000-1,382.929809570312500000, 273.568603515625000000,  , 80.319274902343750000,  52,  72721.7
worst-500000-1,384.498718261718750000, 274.496887207031250000,  , 80.463317871093750000,  54,  72926.9
worst-500000-1,384.219116210937500000, 274.426269531250000000,  , 80.286499023437500000,  51,  72850.5
worst-500000-1,383.088134765625000000, 273.399841308593750000,  , 80.388549804687500000,  51,  72960.3
worst-500000-1,383.499084472656250000, 273.791442871093750000,  , 80.531677246093750000,  51,  72951.8
worst-500000-1,383.427795410156250000, 273.552734375000000000,  , 80.459472656250000000,  53,  72949
worst-500000-1,384.719604492187500000, 274.552978515625000000,  , 80.561096191406250000,  52,  73112.5
worst-500000-1,383.526611328125000000, 273.791381835937500000,  , 80.497985839843750000,  51,  72972.6
worst-500000-1,381.296691894531250000, 271.949035644531250000,  , 80.055297851562500000,  52,  72742.7
worst-500000-1,384.991333007812500000, 274.889343261718750000,  , 80.488586425781250000,  54,  72923.9
worst-500000-1,385.006103515625000000, 275.042358398437500000,  , 80.609863281250000000,  52,  72947.5
worst-500000-1,383.729187011718750000, 274.095214843750000000,  , 80.471862792968750000,  51,  72937.6
worst-500000-1,383.214843750000000000, 273.410583496093750000,  , 80.604614257812500000,  51,  73012.8
worst-600000-1,404.725097656250000000, 284.043273925781250000,  , 86.959167480468750000,  53,  80843.1
worst-600000-1,405.274536132812500000, 284.215820312500000000,  , 86.815795898437500000,  53,  80798.9
worst-600000-1,406.232421875000000000, 285.224914550781250000,  , 86.788208007812500000,  52,  80678.4
worst-600000-1,403.011352539062500000, 282.694702148437500000,  , 86.607666015625000000,  51,  80701.4
worst-600000-1,405.917358398437500000, 285.095703125000000000,  , 86.890380859375000000,  54,  80720.6
worst-600000-1,405.682678222656250000, 284.907287597656250000,  , 86.860656738281250000,  51,  80759.1
worst-600000-1,404.710815429687500000, 284.245056152343750000,  , 86.791137695312500000,  52,  80707.1
worst-600000-1,405.924316406250000000, 285.129272460937500000,  , 86.879638671875000000,  53,  80755.1
worst-600000-1,407.036804199218750000, 286.108215332031250000,  , 86.739379882812500000,  53,  80574.2
worst-600000-1,404.525207519531250000, 283.875122070312500000,  , 86.958618164062500000,  51,  80849.9
worst-600000-1,404.486083984375000000, 284.273681640625000000,  , 86.719360351562500000,  51,  80601
worst-600000-1,404.857666015625000000, 283.906555175781250000,  , 86.926269531250000000,  53,  80945.1
worst-600000-1,405.680664062500000000, 284.804565429687500000,  , 86.531250000000000000,  54,  80548.5
worst-600000-1,406.220581054687500000, 285.375427246093750000,  , 86.689758300781250000,  52,  80613.8
worst-600000-1,403.895080566406250000, 283.679321289062500000,  , 86.703369140625000000,  50,  80606.3
worst-600000-1,404.647094726562500000, 284.133300781250000000,  , 86.831481933593750000,  53,  80808.6
worst-600000-1,405.126892089843750000, 284.449768066406250000,  , 86.614807128906250000,  54,  80428.2
worst-600000-1,407.078735351562500000, 285.141906738281250000,  , 87.082336425781250000,  52,  81340.4
worst-600000-1,403.424560546875000000, 283.280334472656250000,  , 86.618896484375000000,  51,  80608
worst-600000-1,403.106323242187500000, 282.935119628906250000,  , 86.650268554687500000,  51,  80607.9
worst-600000-1,404.747314453125000000, 284.197875976562500000,  , 86.768127441406250000,  53,  80734.1
worst-600000-1,406.294982910156250000, 285.279357910156250000,  , 86.820678710937500000,  54,  80699.9
worst-600000-1,405.285705566406250000, 284.336120605468750000,  , 86.806091308593750000,  52,  80719
worst-600000-1,402.961547851562500000, 282.888305664062500000,  , 86.657775878906250000,  51,  80442.3
worst-600000-1,402.220458984375000000, 282.094787597656250000,  , 86.547119140625000000,  52,  80636
worst-600000-1,405.217285156250000000, 284.737548828125000000,  , 86.612060546875000000,  53,  80421.6
worst-600000-1,406.078674316406250000, 285.479553222656250000,  , 86.599304199218750000,  53,  80393.9
worst-600000-1,402.368652343750000000, 282.011047363281250000,  , 86.724182128906250000,  51,  80763.2
worst-600000-1,403.373840332031250000, 283.182128906250000000,  , 86.744995117187500000,  52,  80630.4
worst-600000-1,404.742248535156250000, 284.272216796875000000,  , 86.754211425781250000,  55,  80553.5
worst-700000-1,423.584594726562500000, 293.302673339843750000,  , 92.460571289062500000,  51,  87765
worst-700000-1,426.102966308593750000, 295.028808593750000000,  , 92.921325683593750000,  53,  88375.2
worst-700000-1,429.374633789062500000, 297.817077636718750000,  , 93.060180664062500000,  53,  88398.5
worst-700000-1,426.977600097656250000, 295.536621093750000000,  , 92.814819335937500000,  53,  88222
worst-700000-1,424.960327148437500000, 294.096801757812500000,  , 92.892272949218750000,  51,  88332.3
worst-700000-1,429.098754882812500000, 297.512451171875000000,  , 93.157897949218750000,  53,  88698.2
worst-700000-1,427.047363281250000000, 295.672668457031250000,  , 92.928039550781250000,  54,  88121.6
worst-700000-1,427.423339843750000000, 295.509826660156250000,  , 92.964904785156250000,  54,  88457.6
worst-700000-1,427.517822265625000000, 296.079345703125000000,  , 92.923156738281250000,  51,  88238.9
worst-700000-1,425.587402343750000000, 294.583007812500000000,  , 92.988952636718750000,  52,  88409.5
worst-700000-1,426.140319824218750000, 294.863037109375000000,  , 93.035583496093750000,  53,  88481.4
worst-700000-1,427.117614746093750000, 296.079895019531250000,  , 92.491455078125000000,  54,  87925
worst-700000-1,428.975463867187500000, 296.819396972656250000,  , 93.040954589843750000,  54,  88531.7
worst-700000-1,426.973815917968750000, 295.749023437500000000,  , 93.069274902343750000,  51,  88330.8
worst-700000-1,425.042541503906250000, 294.219787597656250000,  , 93.017150878906250000,  51,  88329.1
worst-700000-1,426.052795410156250000, 294.990478515625000000,  , 93.044311523437500000,  53,  88450.5
worst-700000-1,426.559387207031250000, 295.345214843750000000,  , 92.737426757812500000,  54,  88237.5
worst-700000-1,426.663330078125000000, 295.685668945312500000,  , 92.344848632812500000,  54,  87840.7
worst-700000-1,429.464050292968750000, 297.930358886718750000,  , 92.686645507812500000,  54,  88149.3
worst-700000-1,426.638183593750000000, 295.139099121093750000,  , 93.403076171875000000,  51,  88780.5
worst-700000-1,425.052368164062500000, 294.563842773437500000,  , 92.904541015625000000,  52,  88207.6
worst-700000-1,428.137268066406250000, 296.984680175781250000,  , 93.188781738281250000,  53,  88359.3
worst-700000-1,427.092529296875000000, 295.811889648437500000,  , 92.847656250000000000,  54,  88154.2
worst-700000-1,428.257629394531250000, 296.653076171875000000,  , 92.785888671875000000,  54,  88238.1
worst-700000-1,426.653015136718750000, 295.756652832031250000,  , 92.773437500000000000,  51,  88182.8
worst-700000-1,426.468994140625000000, 295.481872558593750000,  , 92.992370605468750000,  52,  88461.8
worst-700000-1,426.314697265625000000, 294.906494140625000000,  , 92.959045410156250000,  53,  88469.9
worst-700000-1,427.201965332031250000, 295.830383300781250000,  , 93.145690917968750000,  51,  88470.1
worst-700000-1,425.710144042968750000, 294.841125488281250000,  , 93.019531250000000000,  52,  88393
worst-700000-1,426.437683105468750000, 294.884826660156250000,  , 93.239624023437500000,  53,  88702.3
worst-800000-1,450.403442382812500000, 308.582153320312500000,  , 98.927734375000000000,  54,  95808
worst-800000-1,449.772155761718750000, 307.706481933593750000,  , 99.265197753906250000,  54,  95939.5
worst-800000-1,447.467590332031250000, 305.557556152343750000,  , 99.255249023437500000,  50,  96115.2
worst-800000-1,446.201477050781250000, 304.856140136718750000,  , 99.096130371093750000,  53,  95927.5
worst-800000-1,447.446472167968750000, 306.476318359375000000,  , 98.571228027343750000,  53,  95254.3
worst-800000-1,447.888549804687500000, 305.783752441406250000,  , 99.026977539062500000,  53,  96037.1
worst-800000-1,447.267150878906250000, 305.686462402343750000,  , 99.088378906250000000,  50,  95909.9
worst-800000-1,444.500305175781250000, 303.747985839843750000,  , 98.554626464843750000,  53,  95452.2
worst-800000-1,451.561584472656250000, 309.817687988281250000,  , 99.077087402343750000,  53,  95821.8
worst-800000-1,448.587768554687500000, 306.413879394531250000,  , 99.103454589843750000,  53,  96049.2
worst-800000-1,448.938110351562500000, 306.937927246093750000,  , 98.971374511718750000,  54,  95757.5
worst-800000-1,448.529602050781250000, 306.616516113281250000,  , 98.691589355468750000,  54,  95588.1
worst-800000-1,446.934448242187500000, 305.059997558593750000,  , 98.513488769531250000,  54,  95600.7
worst-800000-1,450.814025878906250000, 309.289367675781250000,  , 99.283081054687500000,  51,  95724
worst-800000-1,445.596252441406250000, 304.621582031250000000,  , 99.005920410156250000,  52,  95755.8
worst-800000-1,444.975158691406250000, 303.973937988281250000,  , 98.569641113281250000,  53,  95642.2
worst-800000-1,448.231628417968750000, 306.660217285156250000,  , 98.952392578125000000,  53,  95708.1
worst-800000-1,450.050720214843750000, 308.709838867187500000,  , 98.783691406250000000,  54,  95364.4
worst-800000-1,448.939514160156250000, 307.055786132812500000,  , 98.912170410156250000,  54,  95712.8
worst-800000-1,448.014343261718750000, 306.925170898437500000,  , 98.818664550781250000,  51,  95489.9
worst-800000-1,446.399597167968750000, 305.178344726562500000,  , 99.114501953125000000,  52,  95968.9
worst-800000-1,446.929626464843750000, 306.116088867187500000,  , 98.788818359375000000,  53,  95476.7
worst-800000-1,447.726074218750000000, 306.128295898437500000,  , 99.049133300781250000,  53,  95804.4
worst-800000-1,451.631103515625000000, 309.577331542968750000,  , 99.153503417968750000,  54,  95896.4
worst-800000-1,449.950378417968750000, 307.752990722656250000,  , 99.270935058593750000,  54,  95903.2
worst-800000-1,448.383239746093750000, 306.509948730468750000,  , 98.835266113281250000,  53,  95622.5
worst-800000-1,450.332702636718750000, 308.528076171875000000,  , 99.165405273437500000,  51,  95995.2
worst-800000-1,446.082397460937500000, 305.422241210937500000,  , 98.742919921875000000,  52,  95482.2
worst-800000-1,448.530517578125000000, 306.843017578125000000,  , 99.229553222656250000,  53,  95947.9
worst-800000-1,448.388000488281250000, 306.598999023437500000,  , 98.957092285156250000,  53,  95777.9
worst-900000-1,471.846984863281250000, 319.589843750000000000,  , 105.124694824218750000,  53,  103227
worst-900000-1,471.881225585937500000, 320.115844726562500000,  , 104.974975585937500000,  53,  102904
worst-900000-1,470.946289062500000000, 318.663818359375000000,  , 105.144287109375000000,  53,  103296
worst-900000-1,472.406860351562500000, 319.999938964843750000,  , 105.132690429687500000,  53,  103301
worst-900000-1,470.932617187500000000, 318.150390625000000000,  , 105.278076171875000000,  53,  103654
worst-900000-1,471.517395019531250000, 319.313415527343750000,  , 104.831848144531250000,  53,  103202
worst-900000-1,474.114929199218750000, 320.803344726562500000,  , 105.576416015625000000,  53,  104031
worst-900000-1,472.733276367187500000, 320.265075683593750000,  , 105.181396484375000000,  54,  103276
worst-900000-1,472.485046386718750000, 319.846435546875000000,  , 105.168579101562500000,  53,  103414
worst-900000-1,472.887512207031250000, 319.831970214843750000,  , 105.391113281250000000,  54,  103749
worst-900000-1,473.080322265625000000, 320.903381347656250000,  , 104.943603515625000000,  54,  103014
worst-900000-1,473.040954589843750000, 320.374206542968750000,  , 105.239013671875000000,  53,  103371
worst-900000-1,472.478027343750000000, 319.864685058593750000,  , 105.185485839843750000,  54,  103340
worst-900000-1,472.834960937500000000, 320.204956054687500000,  , 105.169982910156250000,  54,  103362
worst-900000-1,469.660949707031250000, 317.442993164062500000,  , 104.694641113281250000,  53,  103106
worst-900000-1,472.915710449218750000, 320.522338867187500000,  , 105.095031738281250000,  53,  103199
worst-900000-1,472.651855468750000000, 319.747619628906250000,  , 105.397399902343750000,  53,  103634
worst-900000-1,472.265869140625000000, 319.505249023437500000,  , 105.341186523437500000,  53,  103533
worst-900000-1,469.841308593750000000, 317.518188476562500000,  , 105.402709960937500000,  50,  103672
worst-900000-1,471.456604003906250000, 319.431396484375000000,  , 105.413146972656250000,  52,  103664
worst-900000-1,470.643615722656250000, 318.858520507812500000,  , 105.112731933593750000,  53,  103209
worst-900000-1,472.169311523437500000, 320.021240234375000000,  , 105.221374511718750000,  53,  103258
worst-900000-1,471.654541015625000000, 319.794067382812500000,  , 104.892089843750000000,  53,  103030
worst-900000-1,473.518310546875000000, 321.226074218750000000,  , 105.064697265625000000,  53,  103200
worst-900000-1,471.897399902343750000, 319.287353515625000000,  , 105.192504882812500000,  53,  103504
worst-900000-1,473.333007812500000000, 320.840515136718750000,  , 105.191406250000000000,  53,  103386
worst-900000-1,472.624389648437500000, 320.391967773437500000,  , 105.036804199218750000,  53,  103122
worst-900000-1,471.941284179687500000, 319.358764648437500000,  , 105.182983398437500000,  54,  103428
worst-900000-1,472.564575195312500000, 319.548645019531250000,  , 105.539306640625000000,  54,  103728
worst-900000-1,469.733581542968750000, 318.334655761718750000,  , 104.875610351562500000,  51,  103015
worst-1000000-1,492.199645996093750000, 330.438720703125000000,  , 111.111450195312500000,  52,  110586
worst-1000000-1,492.102905273437500000, 329.769165039062500000,  , 111.322631835937500000,  53,  110971
worst-1000000-1,492.516479492187500000, 330.285949707031250000,  , 111.280151367187500000,  52,  110779
worst-1000000-1,493.410217285156250000, 330.824096679687500000,  , 111.325500488281250000,  52,  111060
worst-1000000-1,492.123962402343750000, 329.736511230468750000,  , 111.200012207031250000,  53,  110865
worst-1000000-1,492.554321289062500000, 330.303100585937500000,  , 111.093444824218750000,  53,  110755
worst-1000000-1,492.364013671875000000, 329.870727539062500000,  , 111.291076660156250000,  53,  110939
worst-1000000-1,493.721252441406250000, 331.164550781250000000,  , 111.330932617187500000,  53,  110955
worst-1000000-1,494.666992187500000000, 331.778198242187500000,  , 111.336853027343750000,  52,  111189
worst-1000000-1,493.933715820312500000, 331.365600585937500000,  , 111.183349609375000000,  53,  110881
worst-1000000-1,492.923278808593750000, 330.187927246093750000,  , 111.252868652343750000,  53,  111017
worst-1000000-1,492.676330566406250000, 329.884155273437500000,  , 111.356933593750000000,  52,  111108
worst-1000000-1,493.909973144531250000, 331.380004882812500000,  , 111.162841796875000000,  53,  110815
worst-1000000-1,493.739807128906250000, 331.004699707031250000,  , 111.404479980468750000,  53,  110987
worst-1000000-1,493.736328125000000000, 331.066467285156250000,  , 111.238159179687500000,  53,  110928
worst-1000000-1,492.958007812500000000, 330.611999511718750000,  , 111.119995117187500000,  53,  110718
worst-1000000-1,495.336547851562500000, 332.433776855468750000,  , 111.362426757812500000,  53,  111155
worst-1000000-1,492.754211425781250000, 330.305786132812500000,  , 111.142028808593750000,  53,  110809
worst-1000000-1,491.819030761718750000, 329.631347656250000000,  , 110.935791015625000000,  53,  110630
worst-1000000-1,492.419006347656250000, 329.911499023437500000,  , 111.072509765625000000,  52,  110886
worst-1000000-1,492.983520507812500000, 330.262939453125000000,  , 111.265686035156250000,  53,  111025
worst-1000000-1,493.767272949218750000, 331.204711914062500000,  , 111.223327636718750000,  53,  110881
worst-1000000-1,493.726379394531250000, 331.003234863281250000,  , 111.234802246093750000,  53,  110992
worst-1000000-1,495.006896972656250000, 333.047729492187500000,  , 111.069396972656250000,  53,  110340
worst-1000000-1,493.700744628906250000, 330.640930175781250000,  , 111.372680664062500000,  53,  111212
worst-1000000-1,493.633666992187500000, 330.534606933593750000,  , 111.522033691406250000,  53,  111266
worst-1000000-1,493.404846191406250000, 330.862609863281250000,  , 111.068359375000000000,  53,  110870
worst-1000000-1,493.722106933593750000, 330.744995117187500000,  , 111.461059570312500000,  53,  111168
worst-1000000-1,492.069152832031250000, 330.008239746093750000,  , 110.776489257812500000,  53,  110545
worst-1000000-1,494.318481445312500000, 331.167358398437500000,  , 111.460937500000000000,  53,  111336
